  negative controls: every oracle property is falsifiable
  u16_deflate_rps1 all readers=1: 8 frame(s) exact
  u16_deflate_rps1 all readers=2: 8 frame(s) exact
  u16_deflate_rps1 all readers=4: 8 frame(s) exact
==================
WARNING: ThreadSanitizer: data race (pid=38781)
  Read of size 8 at 0x00010ac019b0 by main thread:
    #0 (anonymous namespace)::compareFrames(Image<float> const&, Image<float> const&) test_tiff_persistent_reader.cpp:185 (tiff_persistent_reader:arm64+0x10000b934)
    #1 (anonymous namespace)::runCase(std::__1::basic_string<char, std::__1::char_traits<char>, std::__1::allocator<char>> const&, std::__1::basic_string<char, std::__1::char_traits<char>, std::__1::allocator<char>> const&, std::__1::vector<int, std::__1::allocator<int>> const&, std::__1::vector<int, std::__1::allocator<int>> const&) test_tiff_persistent_reader.cpp:233 (tiff_persistent_reader:arm64+0x100009df4)
    #2 main test_tiff_persistent_reader.cpp:372 (tiff_persistent_reader:arm64+0x100004684)

  Previous write of size 8 at 0x00010ac019b0 by thread T6:
    #0 MultidimArray<float>::setDimensions(long, long, long, long) multidim_array.h:827 (tiff_persistent_reader:arm64+0x1000180a8)
    #1 Image<float>::applyTiffLayout(TiffMovieLayout const&, long, bool, bool, FileName const&) rwTIFF.h:77 (tiff_persistent_reader:arm64+0x1000180a8)
    #2 Image<float>::readTIFFFrameFromHandle(tiff*, TiffMovieLayout const&, long, TiffStripScratch&, FileName const&, TiffErrorContext*) rwTIFF.h:215 (tiff_persistent_reader:arm64+0x1000c45e8)
    #3 TiffMovieReader::readFrames(std::__1::vector<int, std::__1::allocator<int>> const&, std::__1::vector<Image<float>, std::__1::allocator<Image<float>>>&) (.omp_outlined_debug__) tiff_movie_reader.cpp:95 (tiff_persistent_reader:arm64+0x1000c4404)
    #4 TiffMovieReader::readFrames(std::__1::vector<int, std::__1::allocator<int>> const&, std::__1::vector<Image<float>, std::__1::allocator<Image<float>>>&) (.omp_outlined) tiff_movie_reader.cpp:72 (tiff_persistent_reader:arm64+0x1000c4404)
    #5 __kmp_invoke_microtask <null> (libomp.dylib:arm64+0x6b138)

  Location is heap block of size 3904 at 0x00010ac01000 allocated by main thread:
    #0 operator new(unsigned long) <null> (libclang_rt.tsan_osx_dynamic.dylib:arm64e+0x91ad0)
    #1 Image<float>* std::__1::__libcpp_allocate[abi:nqe220106]<Image<float>>(std::__1::__element_count, unsigned long) allocate.h:60 (tiff_persistent_reader:arm64+0x100009c6c)
    #2 std::__1::allocator<Image<float>>::allocate[abi:nqe220106](unsigned long) allocator.h:92 (tiff_persistent_reader:arm64+0x100009c6c)
    #3 std::__1::__allocation_result<std::__1::allocator_traits<std::__1::allocator<Image<float>>>::pointer, std::__1::allocator_traits<std::__1::allocator<Image<float>>>::size_type> std::__1::__allocate_at_least[abi:nqe220106]<std::__1::allocator<Image<float>>, std::__1::allocator_traits<std::__1::allocator<Image<float>>>>(std::__1::allocator<Image<float>>&, unsigned long) allocate_at_least.h:46 (tiff_persistent_reader:arm64+0x100009c6c)
    #4 std::__1::vector<Image<float>, std::__1::allocator<Image<float>>>::__vallocate[abi:nqe220106](unsigned long) vector.h:597 (tiff_persistent_reader:arm64+0x100009c6c)
    #5 std::__1::vector<Image<float>, std::__1::allocator<Image<float>>>::vector[abi:nqe220106](unsigned long) vector.h:150 (tiff_persistent_reader:arm64+0x100009c6c)
    #6 std::__1::vector<Image<float>, std::__1::allocator<Image<float>>>::vector[abi:nqe220106](unsigned long) vector.h:147 (tiff_persistent_reader:arm64+0x100009c6c)
    #7 (anonymous namespace)::runCase(std::__1::basic_string<char, std::__1::char_traits<char>, std::__1::allocator<char>> const&, std::__1::basic_string<char, std::__1::char_traits<char>, std::__1::allocator<char>> const&, std::__1::vector<int, std::__1::allocator<int>> const&, std::__1::vector<int, std::__1::allocator<int>> const&) test_tiff_persistent_reader.cpp:227 (tiff_persistent_reader:arm64+0x100009c6c)
    #8 main test_tiff_persistent_reader.cpp:372 (tiff_persistent_reader:arm64+0x100004684)

  Thread T6 (tid=18123543, running) created by main thread at:
    #0 pthread_create <null> (libclang_rt.tsan_osx_dynamic.dylib:arm64e+0x33bac)
    #1 __kmp_create_worker <null> (libomp.dylib:arm64+0x50efc)
    #2 (anonymous namespace)::runCase(std::__1::basic_string<char, std::__1::char_traits<char>, std::__1::allocator<char>> const&, std::__1::basic_string<char, std::__1::char_traits<char>, std::__1::allocator<char>> const&, std::__1::vector<int, std::__1::allocator<int>> const&, std::__1::vector<int, std::__1::allocator<int>> const&) test_tiff_persistent_reader.cpp:229 (tiff_persistent_reader:arm64+0x100009d4c)
    #3 main test_tiff_persistent_reader.cpp:372 (tiff_persistent_reader:arm64+0x100004684)

SUMMARY: ThreadSanitizer: data race test_tiff_persistent_reader.cpp:185 in (anonymous namespace)::compareFrames(Image<float> const&, Image<float> const&)
==================
==================
WARNING: ThreadSanitizer: data race (pid=38781)
  Read of size 8 at 0x00010ac019a8 by main thread:
    #0 (anonymous namespace)::compareFrames(Image<float> const&, Image<float> const&) test_tiff_persistent_reader.cpp:185 (tiff_persistent_reader:arm64+0x10000b954)
    #1 (anonymous namespace)::runCase(std::__1::basic_string<char, std::__1::char_traits<char>, std::__1::allocator<char>> const&, std::__1::basic_string<char, std::__1::char_traits<char>, std::__1::allocator<char>> const&, std::__1::vector<int, std::__1::allocator<int>> const&, std::__1::vector<int, std::__1::allocator<int>> const&) test_tiff_persistent_reader.cpp:233 (tiff_persistent_reader:arm64+0x100009df4)
    #2 main test_tiff_persistent_reader.cpp:372 (tiff_persistent_reader:arm64+0x100004684)

  Previous write of size 8 at 0x00010ac019a8 by thread T6:
    #0 MultidimArray<float>::setDimensions(long, long, long, long) multidim_array.h:826 (tiff_persistent_reader:arm64+0x10001809c)
    #1 Image<float>::applyTiffLayout(TiffMovieLayout const&, long, bool, bool, FileName const&) rwTIFF.h:77 (tiff_persistent_reader:arm64+0x10001809c)
    #2 Image<float>::readTIFFFrameFromHandle(tiff*, TiffMovieLayout const&, long, TiffStripScratch&, FileName const&, TiffErrorContext*) rwTIFF.h:215 (tiff_persistent_reader:arm64+0x1000c45e8)
    #3 TiffMovieReader::readFrames(std::__1::vector<int, std::__1::allocator<int>> const&, std::__1::vector<Image<float>, std::__1::allocator<Image<float>>>&) (.omp_outlined_debug__) tiff_movie_reader.cpp:95 (tiff_persistent_reader:arm64+0x1000c4404)
    #4 TiffMovieReader::readFrames(std::__1::vector<int, std::__1::allocator<int>> const&, std::__1::vector<Image<float>, std::__1::allocator<Image<float>>>&) (.omp_outlined) tiff_movie_reader.cpp:72 (tiff_persistent_reader:arm64+0x1000c4404)
    #5 __kmp_invoke_microtask <null> (libomp.dylib:arm64+0x6b138)

  Location is heap block of size 3904 at 0x00010ac01000 allocated by main thread:
    #0 operator new(unsigned long) <null> (libclang_rt.tsan_osx_dynamic.dylib:arm64e+0x91ad0)
    #1 Image<float>* std::__1::__libcpp_allocate[abi:nqe220106]<Image<float>>(std::__1::__element_count, unsigned long) allocate.h:60 (tiff_persistent_reader:arm64+0x100009c6c)
    #2 std::__1::allocator<Image<float>>::allocate[abi:nqe220106](unsigned long) allocator.h:92 (tiff_persistent_reader:arm64+0x100009c6c)
    #3 std::__1::__allocation_result<std::__1::allocator_traits<std::__1::allocator<Image<float>>>::pointer, std::__1::allocator_traits<std::__1::allocator<Image<float>>>::size_type> std::__1::__allocate_at_least[abi:nqe220106]<std::__1::allocator<Image<float>>, std::__1::allocator_traits<std::__1::allocator<Image<float>>>>(std::__1::allocator<Image<float>>&, unsigned long) allocate_at_least.h:46 (tiff_persistent_reader:arm64+0x100009c6c)
    #4 std::__1::vector<Image<float>, std::__1::allocator<Image<float>>>::__vallocate[abi:nqe220106](unsigned long) vector.h:597 (tiff_persistent_reader:arm64+0x100009c6c)
    #5 std::__1::vector<Image<float>, std::__1::allocator<Image<float>>>::vector[abi:nqe220106](unsigned long) vector.h:150 (tiff_persistent_reader:arm64+0x100009c6c)
    #6 std::__1::vector<Image<float>, std::__1::allocator<Image<float>>>::vector[abi:nqe220106](unsigned long) vector.h:147 (tiff_persistent_reader:arm64+0x100009c6c)
    #7 (anonymous namespace)::runCase(std::__1::basic_string<char, std::__1::char_traits<char>, std::__1::allocator<char>> const&, std::__1::basic_string<char, std::__1::char_traits<char>, std::__1::allocator<char>> const&, std::__1::vector<int, std::__1::allocator<int>> const&, std::__1::vector<int, std::__1::allocator<int>> const&) test_tiff_persistent_reader.cpp:227 (tiff_persistent_reader:arm64+0x100009c6c)
    #8 main test_tiff_persistent_reader.cpp:372 (tiff_persistent_reader:arm64+0x100004684)

  Thread T6 (tid=18123543, running) created by main thread at:
    #0 pthread_create <null> (libclang_rt.tsan_osx_dynamic.dylib:arm64e+0x33bac)
    #1 __kmp_create_worker <null> (libomp.dylib:arm64+0x50efc)
    #2 (anonymous namespace)::runCase(std::__1::basic_string<char, std::__1::char_traits<char>, std::__1::allocator<char>> const&, std::__1::basic_string<char, std::__1::char_traits<char>, std::__1::allocator<char>> const&, std::__1::vector<int, std::__1::allocator<int>> const&, std::__1::vector<int, std::__1::allocator<int>> const&) test_tiff_persistent_reader.cpp:229 (tiff_persistent_reader:arm64+0x100009d4c)
    #3 main test_tiff_persistent_reader.cpp:372 (tiff_persistent_reader:arm64+0x100004684)

SUMMARY: ThreadSanitizer: data race test_tiff_persistent_reader.cpp:185 in (anonymous namespace)::compareFrames(Image<float> const&, Image<float> const&)
==================
==================
WARNING: ThreadSanitizer: data race (pid=38781)
  Read of size 8 at 0x00010ac019a0 by main thread:
    #0 (anonymous namespace)::compareFrames(Image<float> const&, Image<float> const&) test_tiff_persistent_reader.cpp:186 (tiff_persistent_reader:arm64+0x10000b974)
    #1 (anonymous namespace)::runCase(std::__1::basic_string<char, std::__1::char_traits<char>, std::__1::allocator<char>> const&, std::__1::basic_string<char, std::__1::char_traits<char>, std::__1::allocator<char>> const&, std::__1::vector<int, std::__1::allocator<int>> const&, std::__1::vector<int, std::__1::allocator<int>> const&) test_tiff_persistent_reader.cpp:233 (tiff_persistent_reader:arm64+0x100009df4)
    #2 main test_tiff_persistent_reader.cpp:372 (tiff_persistent_reader:arm64+0x100004684)

  Previous write of size 8 at 0x00010ac019a0 by thread T6:
    #0 MultidimArray<float>::setDimensions(long, long, long, long) multidim_array.h:825 (tiff_persistent_reader:arm64+0x10001808c)
    #1 Image<float>::applyTiffLayout(TiffMovieLayout const&, long, bool, bool, FileName const&) rwTIFF.h:77 (tiff_persistent_reader:arm64+0x10001808c)
    #2 Image<float>::readTIFFFrameFromHandle(tiff*, TiffMovieLayout const&, long, TiffStripScratch&, FileName const&, TiffErrorContext*) rwTIFF.h:215 (tiff_persistent_reader:arm64+0x1000c45e8)
    #3 TiffMovieReader::readFrames(std::__1::vector<int, std::__1::allocator<int>> const&, std::__1::vector<Image<float>, std::__1::allocator<Image<float>>>&) (.omp_outlined_debug__) tiff_movie_reader.cpp:95 (tiff_persistent_reader:arm64+0x1000c4404)
    #4 TiffMovieReader::readFrames(std::__1::vector<int, std::__1::allocator<int>> const&, std::__1::vector<Image<float>, std::__1::allocator<Image<float>>>&) (.omp_outlined) tiff_movie_reader.cpp:72 (tiff_persistent_reader:arm64+0x1000c4404)
    #5 __kmp_invoke_microtask <null> (libomp.dylib:arm64+0x6b138)

  Location is heap block of size 3904 at 0x00010ac01000 allocated by main thread:
    #0 operator new(unsigned long) <null> (libclang_rt.tsan_osx_dynamic.dylib:arm64e+0x91ad0)
    #1 Image<float>* std::__1::__libcpp_allocate[abi:nqe220106]<Image<float>>(std::__1::__element_count, unsigned long) allocate.h:60 (tiff_persistent_reader:arm64+0x100009c6c)
    #2 std::__1::allocator<Image<float>>::allocate[abi:nqe220106](unsigned long) allocator.h:92 (tiff_persistent_reader:arm64+0x100009c6c)
    #3 std::__1::__allocation_result<std::__1::allocator_traits<std::__1::allocator<Image<float>>>::pointer, std::__1::allocator_traits<std::__1::allocator<Image<float>>>::size_type> std::__1::__allocate_at_least[abi:nqe220106]<std::__1::allocator<Image<float>>, std::__1::allocator_traits<std::__1::allocator<Image<float>>>>(std::__1::allocator<Image<float>>&, unsigned long) allocate_at_least.h:46 (tiff_persistent_reader:arm64+0x100009c6c)
    #4 std::__1::vector<Image<float>, std::__1::allocator<Image<float>>>::__vallocate[abi:nqe220106](unsigned long) vector.h:597 (tiff_persistent_reader:arm64+0x100009c6c)
    #5 std::__1::vector<Image<float>, std::__1::allocator<Image<float>>>::vector[abi:nqe220106](unsigned long) vector.h:150 (tiff_persistent_reader:arm64+0x100009c6c)
    #6 std::__1::vector<Image<float>, std::__1::allocator<Image<float>>>::vector[abi:nqe220106](unsigned long) vector.h:147 (tiff_persistent_reader:arm64+0x100009c6c)
    #7 (anonymous namespace)::runCase(std::__1::basic_string<char, std::__1::char_traits<char>, std::__1::allocator<char>> const&, std::__1::basic_string<char, std::__1::char_traits<char>, std::__1::allocator<char>> const&, std::__1::vector<int, std::__1::allocator<int>> const&, std::__1::vector<int, std::__1::allocator<int>> const&) test_tiff_persistent_reader.cpp:227 (tiff_persistent_reader:arm64+0x100009c6c)
    #8 main test_tiff_persistent_reader.cpp:372 (tiff_persistent_reader:arm64+0x100004684)

  Thread T6 (tid=18123543, running) created by main thread at:
    #0 pthread_create <null> (libclang_rt.tsan_osx_dynamic.dylib:arm64e+0x33bac)
    #1 __kmp_create_worker <null> (libomp.dylib:arm64+0x50efc)
    #2 (anonymous namespace)::runCase(std::__1::basic_string<char, std::__1::char_traits<char>, std::__1::allocator<char>> const&, std::__1::basic_string<char, std::__1::char_traits<char>, std::__1::allocator<char>> const&, std::__1::vector<int, std::__1::allocator<int>> const&, std::__1::vector<int, std::__1::allocator<int>> const&) test_tiff_persistent_reader.cpp:229 (tiff_persistent_reader:arm64+0x100009d4c)
    #3 main test_tiff_persistent_reader.cpp:372 (tiff_persistent_reader:arm64+0x100004684)

SUMMARY: ThreadSanitizer: data race test_tiff_persistent_reader.cpp:186 in (anonymous namespace)::compareFrames(Image<float> const&, Image<float> const&)
==================
==================
WARNING: ThreadSanitizer: data race (pid=38781)
  Read of size 8 at 0x00010ac01998 by main thread:
    #0 (anonymous namespace)::compareFrames(Image<float> const&, Image<float> const&) test_tiff_persistent_reader.cpp:186 (tiff_persistent_reader:arm64+0x10000b994)
    #1 (anonymous namespace)::runCase(std::__1::basic_string<char, std::__1::char_traits<char>, std::__1::allocator<char>> const&, std::__1::basic_string<char, std::__1::char_traits<char>, std::__1::allocator<char>> const&, std::__1::vector<int, std::__1::allocator<int>> const&, std::__1::vector<int, std::__1::allocator<int>> const&) test_tiff_persistent_reader.cpp:233 (tiff_persistent_reader:arm64+0x100009df4)
    #2 main test_tiff_persistent_reader.cpp:372 (tiff_persistent_reader:arm64+0x100004684)

  Previous write of size 8 at 0x00010ac01998 by thread T6:
    #0 MultidimArray<float>::setDimensions(long, long, long, long) multidim_array.h:824 (tiff_persistent_reader:arm64+0x100018080)
    #1 Image<float>::applyTiffLayout(TiffMovieLayout const&, long, bool, bool, FileName const&) rwTIFF.h:77 (tiff_persistent_reader:arm64+0x100018080)
    #2 Image<float>::readTIFFFrameFromHandle(tiff*, TiffMovieLayout const&, long, TiffStripScratch&, FileName const&, TiffErrorContext*) rwTIFF.h:215 (tiff_persistent_reader:arm64+0x1000c45e8)
    #3 TiffMovieReader::readFrames(std::__1::vector<int, std::__1::allocator<int>> const&, std::__1::vector<Image<float>, std::__1::allocator<Image<float>>>&) (.omp_outlined_debug__) tiff_movie_reader.cpp:95 (tiff_persistent_reader:arm64+0x1000c4404)
    #4 TiffMovieReader::readFrames(std::__1::vector<int, std::__1::allocator<int>> const&, std::__1::vector<Image<float>, std::__1::allocator<Image<float>>>&) (.omp_outlined) tiff_movie_reader.cpp:72 (tiff_persistent_reader:arm64+0x1000c4404)
    #5 __kmp_invoke_microtask <null> (libomp.dylib:arm64+0x6b138)

  Location is heap block of size 3904 at 0x00010ac01000 allocated by main thread:
    #0 operator new(unsigned long) <null> (libclang_rt.tsan_osx_dynamic.dylib:arm64e+0x91ad0)
    #1 Image<float>* std::__1::__libcpp_allocate[abi:nqe220106]<Image<float>>(std::__1::__element_count, unsigned long) allocate.h:60 (tiff_persistent_reader:arm64+0x100009c6c)
    #2 std::__1::allocator<Image<float>>::allocate[abi:nqe220106](unsigned long) allocator.h:92 (tiff_persistent_reader:arm64+0x100009c6c)
    #3 std::__1::__allocation_result<std::__1::allocator_traits<std::__1::allocator<Image<float>>>::pointer, std::__1::allocator_traits<std::__1::allocator<Image<float>>>::size_type> std::__1::__allocate_at_least[abi:nqe220106]<std::__1::allocator<Image<float>>, std::__1::allocator_traits<std::__1::allocator<Image<float>>>>(std::__1::allocator<Image<float>>&, unsigned long) allocate_at_least.h:46 (tiff_persistent_reader:arm64+0x100009c6c)
    #4 std::__1::vector<Image<float>, std::__1::allocator<Image<float>>>::__vallocate[abi:nqe220106](unsigned long) vector.h:597 (tiff_persistent_reader:arm64+0x100009c6c)
    #5 std::__1::vector<Image<float>, std::__1::allocator<Image<float>>>::vector[abi:nqe220106](unsigned long) vector.h:150 (tiff_persistent_reader:arm64+0x100009c6c)
    #6 std::__1::vector<Image<float>, std::__1::allocator<Image<float>>>::vector[abi:nqe220106](unsigned long) vector.h:147 (tiff_persistent_reader:arm64+0x100009c6c)
    #7 (anonymous namespace)::runCase(std::__1::basic_string<char, std::__1::char_traits<char>, std::__1::allocator<char>> const&, std::__1::basic_string<char, std::__1::char_traits<char>, std::__1::allocator<char>> const&, std::__1::vector<int, std::__1::allocator<int>> const&, std::__1::vector<int, std::__1::allocator<int>> const&) test_tiff_persistent_reader.cpp:227 (tiff_persistent_reader:arm64+0x100009c6c)
    #8 main test_tiff_persistent_reader.cpp:372 (tiff_persistent_reader:arm64+0x100004684)

  Thread T6 (tid=18123543, running) created by main thread at:
    #0 pthread_create <null> (libclang_rt.tsan_osx_dynamic.dylib:arm64e+0x33bac)
    #1 __kmp_create_worker <null> (libomp.dylib:arm64+0x50efc)
    #2 (anonymous namespace)::runCase(std::__1::basic_string<char, std::__1::char_traits<char>, std::__1::allocator<char>> const&, std::__1::basic_string<char, std::__1::char_traits<char>, std::__1::allocator<char>> const&, std::__1::vector<int, std::__1::allocator<int>> const&, std::__1::vector<int, std::__1::allocator<int>> const&) test_tiff_persistent_reader.cpp:229 (tiff_persistent_reader:arm64+0x100009d4c)
    #3 main test_tiff_persistent_reader.cpp:372 (tiff_persistent_reader:arm64+0x100004684)

SUMMARY: ThreadSanitizer: data race test_tiff_persistent_reader.cpp:186 in (anonymous namespace)::compareFrames(Image<float> const&, Image<float> const&)
==================
==================
WARNING: ThreadSanitizer: data race (pid=38781)
  Read of size 8 at 0x00010ac01988 by main thread:
    #0 (anonymous namespace)::compareFrames(Image<float> const&, Image<float> const&) test_tiff_persistent_reader.cpp (tiff_persistent_reader:arm64+0x10000b9c4)
    #1 (anonymous namespace)::runCase(std::__1::basic_string<char, std::__1::char_traits<char>, std::__1::allocator<char>> const&, std::__1::basic_string<char, std::__1::char_traits<char>, std::__1::allocator<char>> const&, std::__1::vector<int, std::__1::allocator<int>> const&, std::__1::vector<int, std::__1::allocator<int>> const&) test_tiff_persistent_reader.cpp:233 (tiff_persistent_reader:arm64+0x100009df4)
    #2 main test_tiff_persistent_reader.cpp:372 (tiff_persistent_reader:arm64+0x100004684)

  Previous write of size 8 at 0x00010ac01988 by thread T6:
    #0 MultidimArray<float>::coreDeallocate() multidim_array.h:774 (tiff_persistent_reader:arm64+0x1000146b0)
    #1 MultidimArray<float>::coreAllocateReuse() multidim_array.h:718 (tiff_persistent_reader:arm64+0x1000146b0)
    #2 Image<float>::applyTiffLayout(TiffMovieLayout const&, long, bool, bool, FileName const&) rwTIFF.h:84 (tiff_persistent_reader:arm64+0x1000180e4)
    #3 Image<float>::readTIFFFrameFromHandle(tiff*, TiffMovieLayout const&, long, TiffStripScratch&, FileName const&, TiffErrorContext*) rwTIFF.h:215 (tiff_persistent_reader:arm64+0x1000c45e8)
    #4 TiffMovieReader::readFrames(std::__1::vector<int, std::__1::allocator<int>> const&, std::__1::vector<Image<float>, std::__1::allocator<Image<float>>>&) (.omp_outlined_debug__) tiff_movie_reader.cpp:95 (tiff_persistent_reader:arm64+0x1000c4404)
    #5 TiffMovieReader::readFrames(std::__1::vector<int, std::__1::allocator<int>> const&, std::__1::vector<Image<float>, std::__1::allocator<Image<float>>>&) (.omp_outlined) tiff_movie_reader.cpp:72 (tiff_persistent_reader:arm64+0x1000c4404)
    #6 __kmp_invoke_microtask <null> (libomp.dylib:arm64+0x6b138)

  Location is heap block of size 3904 at 0x00010ac01000 allocated by main thread:
    #0 operator new(unsigned long) <null> (libclang_rt.tsan_osx_dynamic.dylib:arm64e+0x91ad0)
    #1 Image<float>* std::__1::__libcpp_allocate[abi:nqe220106]<Image<float>>(std::__1::__element_count, unsigned long) allocate.h:60 (tiff_persistent_reader:arm64+0x100009c6c)
    #2 std::__1::allocator<Image<float>>::allocate[abi:nqe220106](unsigned long) allocator.h:92 (tiff_persistent_reader:arm64+0x100009c6c)
    #3 std::__1::__allocation_result<std::__1::allocator_traits<std::__1::allocator<Image<float>>>::pointer, std::__1::allocator_traits<std::__1::allocator<Image<float>>>::size_type> std::__1::__allocate_at_least[abi:nqe220106]<std::__1::allocator<Image<float>>, std::__1::allocator_traits<std::__1::allocator<Image<float>>>>(std::__1::allocator<Image<float>>&, unsigned long) allocate_at_least.h:46 (tiff_persistent_reader:arm64+0x100009c6c)
    #4 std::__1::vector<Image<float>, std::__1::allocator<Image<float>>>::__vallocate[abi:nqe220106](unsigned long) vector.h:597 (tiff_persistent_reader:arm64+0x100009c6c)
    #5 std::__1::vector<Image<float>, std::__1::allocator<Image<float>>>::vector[abi:nqe220106](unsigned long) vector.h:150 (tiff_persistent_reader:arm64+0x100009c6c)
    #6 std::__1::vector<Image<float>, std::__1::allocator<Image<float>>>::vector[abi:nqe220106](unsigned long) vector.h:147 (tiff_persistent_reader:arm64+0x100009c6c)
    #7 (anonymous namespace)::runCase(std::__1::basic_string<char, std::__1::char_traits<char>, std::__1::allocator<char>> const&, std::__1::basic_string<char, std::__1::char_traits<char>, std::__1::allocator<char>> const&, std::__1::vector<int, std::__1::allocator<int>> const&, std::__1::vector<int, std::__1::allocator<int>> const&) test_tiff_persistent_reader.cpp:227 (tiff_persistent_reader:arm64+0x100009c6c)
    #8 main test_tiff_persistent_reader.cpp:372 (tiff_persistent_reader:arm64+0x100004684)

  Thread T6 (tid=18123543, running) created by main thread at:
    #0 pthread_create <null> (libclang_rt.tsan_osx_dynamic.dylib:arm64e+0x33bac)
    #1 __kmp_create_worker <null> (libomp.dylib:arm64+0x50efc)
    #2 (anonymous namespace)::runCase(std::__1::basic_string<char, std::__1::char_traits<char>, std::__1::allocator<char>> const&, std::__1::basic_string<char, std::__1::char_traits<char>, std::__1::allocator<char>> const&, std::__1::vector<int, std::__1::allocator<int>> const&, std::__1::vector<int, std::__1::allocator<int>> const&) test_tiff_persistent_reader.cpp:229 (tiff_persistent_reader:arm64+0x100009d4c)
    #3 main test_tiff_persistent_reader.cpp:372 (tiff_persistent_reader:arm64+0x100004684)

SUMMARY: ThreadSanitizer: data race test_tiff_persistent_reader.cpp in (anonymous namespace)::compareFrames(Image<float> const&, Image<float> const&)
==================
==================
WARNING: ThreadSanitizer: data race (pid=38781)
  Read of size 4 at 0x00010ad1cc00 by main thread:
    #0 (anonymous namespace)::compareFrames(Image<float> const&, Image<float> const&) test_tiff_persistent_reader.cpp:197 (tiff_persistent_reader:arm64+0x10000b9e0)
    #1 (anonymous namespace)::runCase(std::__1::basic_string<char, std::__1::char_traits<char>, std::__1::allocator<char>> const&, std::__1::basic_string<char, std::__1::char_traits<char>, std::__1::allocator<char>> const&, std::__1::vector<int, std::__1::allocator<int>> const&, std::__1::vector<int, std::__1::allocator<int>> const&) test_tiff_persistent_reader.cpp:233 (tiff_persistent_reader:arm64+0x100009df4)
    #2 main test_tiff_persistent_reader.cpp:372 (tiff_persistent_reader:arm64+0x100004684)

  Previous write of size 8 at 0x00010ad1cc00 by thread T6:
    #0 Image<float>::castPage2T(char*, float*, DataType, unsigned long) image.h:828 (tiff_persistent_reader:arm64+0x100015af4)
    #1 Image<float>::readTIFFDirectory(tiff*, TiffMovieLayout const&, long, float*, TiffStripScratch&, FileName const&, TiffErrorContext*) rwTIFF.h:176 (tiff_persistent_reader:arm64+0x100018908)
    #2 Image<float>::readTIFFFrameFromHandle(tiff*, TiffMovieLayout const&, long, TiffStripScratch&, FileName const&, TiffErrorContext*) rwTIFF.h:216 (tiff_persistent_reader:arm64+0x1000c4614)
    #3 TiffMovieReader::readFrames(std::__1::vector<int, std::__1::allocator<int>> const&, std::__1::vector<Image<float>, std::__1::allocator<Image<float>>>&) (.omp_outlined_debug__) tiff_movie_reader.cpp:95 (tiff_persistent_reader:arm64+0x1000c4404)
    #4 TiffMovieReader::readFrames(std::__1::vector<int, std::__1::allocator<int>> const&, std::__1::vector<Image<float>, std::__1::allocator<Image<float>>>&) (.omp_outlined) tiff_movie_reader.cpp:72 (tiff_persistent_reader:arm64+0x1000c4404)
    #5 __kmp_invoke_microtask <null> (libomp.dylib:arm64+0x6b138)

  Location is heap block of size 4292 at 0x00010ad1cc00 allocated by thread T6:
    #0 malloc <null> (libclang_rt.tsan_osx_dynamic.dylib:arm64e+0x67d68)
    #1 MultidimArray<float>::coreAllocateReuse() multidim_array.h:741 (tiff_persistent_reader:arm64+0x10001475c)
    #2 Image<float>::applyTiffLayout(TiffMovieLayout const&, long, bool, bool, FileName const&) rwTIFF.h:84 (tiff_persistent_reader:arm64+0x1000180e4)
    #3 Image<float>::readTIFFFrameFromHandle(tiff*, TiffMovieLayout const&, long, TiffStripScratch&, FileName const&, TiffErrorContext*) rwTIFF.h:215 (tiff_persistent_reader:arm64+0x1000c45e8)
    #4 TiffMovieReader::readFrames(std::__1::vector<int, std::__1::allocator<int>> const&, std::__1::vector<Image<float>, std::__1::allocator<Image<float>>>&) (.omp_outlined_debug__) tiff_movie_reader.cpp:95 (tiff_persistent_reader:arm64+0x1000c4404)
    #5 TiffMovieReader::readFrames(std::__1::vector<int, std::__1::allocator<int>> const&, std::__1::vector<Image<float>, std::__1::allocator<Image<float>>>&) (.omp_outlined) tiff_movie_reader.cpp:72 (tiff_persistent_reader:arm64+0x1000c4404)
    #6 __kmp_invoke_microtask <null> (libomp.dylib:arm64+0x6b138)

  Thread T6 (tid=18123543, running) created by main thread at:
    #0 pthread_create <null> (libclang_rt.tsan_osx_dynamic.dylib:arm64e+0x33bac)
    #1 __kmp_create_worker <null> (libomp.dylib:arm64+0x50efc)
    #2 (anonymous namespace)::runCase(std::__1::basic_string<char, std::__1::char_traits<char>, std::__1::allocator<char>> const&, std::__1::basic_string<char, std::__1::char_traits<char>, std::__1::allocator<char>> const&, std::__1::vector<int, std::__1::allocator<int>> const&, std::__1::vector<int, std::__1::allocator<int>> const&) test_tiff_persistent_reader.cpp:229 (tiff_persistent_reader:arm64+0x100009d4c)
    #3 main test_tiff_persistent_reader.cpp:372 (tiff_persistent_reader:arm64+0x100004684)

SUMMARY: ThreadSanitizer: data race test_tiff_persistent_reader.cpp:197 in (anonymous namespace)::compareFrames(Image<float> const&, Image<float> const&)
==================
==================
WARNING: ThreadSanitizer: data race (pid=38781)
  Read of size 4 at 0x00010ad1cc70 by main thread:
    #0 (anonymous namespace)::compareFrames(Image<float> const&, Image<float> const&) test_tiff_persistent_reader.cpp:197 (tiff_persistent_reader:arm64+0x10000b9e0)
    #1 (anonymous namespace)::runCase(std::__1::basic_string<char, std::__1::char_traits<char>, std::__1::allocator<char>> const&, std::__1::basic_string<char, std::__1::char_traits<char>, std::__1::allocator<char>> const&, std::__1::vector<int, std::__1::allocator<int>> const&, std::__1::vector<int, std::__1::allocator<int>> const&) test_tiff_persistent_reader.cpp:233 (tiff_persistent_reader:arm64+0x100009df4)
    #2 main test_tiff_persistent_reader.cpp:372 (tiff_persistent_reader:arm64+0x100004684)

  Previous write of size 4 at 0x00010ad1cc70 by thread T6:
    #0 Image<float>::castPage2T(char*, float*, DataType, unsigned long) image.h:828 (tiff_persistent_reader:arm64+0x100015b30)
    #1 Image<float>::readTIFFDirectory(tiff*, TiffMovieLayout const&, long, float*, TiffStripScratch&, FileName const&, TiffErrorContext*) rwTIFF.h:176 (tiff_persistent_reader:arm64+0x100018908)
    #2 Image<float>::readTIFFFrameFromHandle(tiff*, TiffMovieLayout const&, long, TiffStripScratch&, FileName const&, TiffErrorContext*) rwTIFF.h:216 (tiff_persistent_reader:arm64+0x1000c4614)
    #3 TiffMovieReader::readFrames(std::__1::vector<int, std::__1::allocator<int>> const&, std::__1::vector<Image<float>, std::__1::allocator<Image<float>>>&) (.omp_outlined_debug__) tiff_movie_reader.cpp:95 (tiff_persistent_reader:arm64+0x1000c4404)
    #4 TiffMovieReader::readFrames(std::__1::vector<int, std::__1::allocator<int>> const&, std::__1::vector<Image<float>, std::__1::allocator<Image<float>>>&) (.omp_outlined) tiff_movie_reader.cpp:72 (tiff_persistent_reader:arm64+0x1000c4404)
    #5 __kmp_invoke_microtask <null> (libomp.dylib:arm64+0x6b138)

  Location is heap block of size 4292 at 0x00010ad1cc00 allocated by thread T6:
    #0 malloc <null> (libclang_rt.tsan_osx_dynamic.dylib:arm64e+0x67d68)
    #1 MultidimArray<float>::coreAllocateReuse() multidim_array.h:741 (tiff_persistent_reader:arm64+0x10001475c)
    #2 Image<float>::applyTiffLayout(TiffMovieLayout const&, long, bool, bool, FileName const&) rwTIFF.h:84 (tiff_persistent_reader:arm64+0x1000180e4)
    #3 Image<float>::readTIFFFrameFromHandle(tiff*, TiffMovieLayout const&, long, TiffStripScratch&, FileName const&, TiffErrorContext*) rwTIFF.h:215 (tiff_persistent_reader:arm64+0x1000c45e8)
    #4 TiffMovieReader::readFrames(std::__1::vector<int, std::__1::allocator<int>> const&, std::__1::vector<Image<float>, std::__1::allocator<Image<float>>>&) (.omp_outlined_debug__) tiff_movie_reader.cpp:95 (tiff_persistent_reader:arm64+0x1000c4404)
    #5 TiffMovieReader::readFrames(std::__1::vector<int, std::__1::allocator<int>> const&, std::__1::vector<Image<float>, std::__1::allocator<Image<float>>>&) (.omp_outlined) tiff_movie_reader.cpp:72 (tiff_persistent_reader:arm64+0x1000c4404)
    #6 __kmp_invoke_microtask <null> (libomp.dylib:arm64+0x6b138)

  Thread T6 (tid=18123543, running) created by main thread at:
    #0 pthread_create <null> (libclang_rt.tsan_osx_dynamic.dylib:arm64e+0x33bac)
    #1 __kmp_create_worker <null> (libomp.dylib:arm64+0x50efc)
    #2 (anonymous namespace)::runCase(std::__1::basic_string<char, std::__1::char_traits<char>, std::__1::allocator<char>> const&, std::__1::basic_string<char, std::__1::char_traits<char>, std::__1::allocator<char>> const&, std::__1::vector<int, std::__1::allocator<int>> const&, std::__1::vector<int, std::__1::allocator<int>> const&) test_tiff_persistent_reader.cpp:229 (tiff_persistent_reader:arm64+0x100009d4c)
    #3 main test_tiff_persistent_reader.cpp:372 (tiff_persistent_reader:arm64+0x100004684)

SUMMARY: ThreadSanitizer: data race test_tiff_persistent_reader.cpp:197 in (anonymous namespace)::compareFrames(Image<float> const&, Image<float> const&)
==================
==================
WARNING: ThreadSanitizer: data race (pid=38781)
  Read of size 8 at 0x00010ac01a30 by main thread:
    #0 std::__1::vector<long, std::__1::allocator<long>>::operator[][abi:nqe220106](unsigned long) const vector.h:420 (tiff_persistent_reader:arm64+0x10000c340)
    #1 bool MetaDataTable::getValue<int>(EMDLabel, int&, long) const metadata_table.h:444 (tiff_persistent_reader:arm64+0x10000c340)
    #2 Image<float>::dataType() const image.h:1435 (tiff_persistent_reader:arm64+0x10000c340)
    #3 (anonymous namespace)::compareFrames(Image<float> const&, Image<float> const&) test_tiff_persistent_reader.cpp:210 (tiff_persistent_reader:arm64+0x10000c340)
    #4 (anonymous namespace)::runCase(std::__1::basic_string<char, std::__1::char_traits<char>, std::__1::allocator<char>> const&, std::__1::basic_string<char, std::__1::char_traits<char>, std::__1::allocator<char>> const&, std::__1::vector<int, std::__1::allocator<int>> const&, std::__1::vector<int, std::__1::allocator<int>> const&) test_tiff_persistent_reader.cpp:233 (tiff_persistent_reader:arm64+0x100009df4)
    #5 main test_tiff_persistent_reader.cpp:372 (tiff_persistent_reader:arm64+0x100004684)

  Previous write of size 8 at 0x00010ac01a30 by thread T6:
    #0 std::__1::vector<long, std::__1::allocator<long>>::__move_assign(std::__1::vector<long, std::__1::allocator<long>>&, std::__1::integral_constant<bool, true>) vector.h:1007 (tiff_persistent_reader:arm64+0x100093f90)
    #1 std::__1::vector<long, std::__1::allocator<long>>::operator=[abi:nqe220106](std::__1::vector<long, std::__1::allocator<long>>&&) vector.h:303 (tiff_persistent_reader:arm64+0x100093f90)
    #2 MetaDataTable::clear() metadata_table.cpp:161 (tiff_persistent_reader:arm64+0x100093f90)
    #3 Image<float>::readTIFFFrameFromHandle(tiff*, TiffMovieLayout const&, long, TiffStripScratch&, FileName const&, TiffErrorContext*) rwTIFF.h:208 (tiff_persistent_reader:arm64+0x1000c4590)
    #4 TiffMovieReader::readFrames(std::__1::vector<int, std::__1::allocator<int>> const&, std::__1::vector<Image<float>, std::__1::allocator<Image<float>>>&) (.omp_outlined_debug__) tiff_movie_reader.cpp:95 (tiff_persistent_reader:arm64+0x1000c4404)
    #5 TiffMovieReader::readFrames(std::__1::vector<int, std::__1::allocator<int>> const&, std::__1::vector<Image<float>, std::__1::allocator<Image<float>>>&) (.omp_outlined) tiff_movie_reader.cpp:72 (tiff_persistent_reader:arm64+0x1000c4404)
    #6 __kmp_invoke_microtask <null> (libomp.dylib:arm64+0x6b138)

  Location is heap block of size 3904 at 0x00010ac01000 allocated by main thread:
    #0 operator new(unsigned long) <null> (libclang_rt.tsan_osx_dynamic.dylib:arm64e+0x91ad0)
    #1 Image<float>* std::__1::__libcpp_allocate[abi:nqe220106]<Image<float>>(std::__1::__element_count, unsigned long) allocate.h:60 (tiff_persistent_reader:arm64+0x100009c6c)
    #2 std::__1::allocator<Image<float>>::allocate[abi:nqe220106](unsigned long) allocator.h:92 (tiff_persistent_reader:arm64+0x100009c6c)
    #3 std::__1::__allocation_result<std::__1::allocator_traits<std::__1::allocator<Image<float>>>::pointer, std::__1::allocator_traits<std::__1::allocator<Image<float>>>::size_type> std::__1::__allocate_at_least[abi:nqe220106]<std::__1::allocator<Image<float>>, std::__1::allocator_traits<std::__1::allocator<Image<float>>>>(std::__1::allocator<Image<float>>&, unsigned long) allocate_at_least.h:46 (tiff_persistent_reader:arm64+0x100009c6c)
    #4 std::__1::vector<Image<float>, std::__1::allocator<Image<float>>>::__vallocate[abi:nqe220106](unsigned long) vector.h:597 (tiff_persistent_reader:arm64+0x100009c6c)
    #5 std::__1::vector<Image<float>, std::__1::allocator<Image<float>>>::vector[abi:nqe220106](unsigned long) vector.h:150 (tiff_persistent_reader:arm64+0x100009c6c)
    #6 std::__1::vector<Image<float>, std::__1::allocator<Image<float>>>::vector[abi:nqe220106](unsigned long) vector.h:147 (tiff_persistent_reader:arm64+0x100009c6c)
    #7 (anonymous namespace)::runCase(std::__1::basic_string<char, std::__1::char_traits<char>, std::__1::allocator<char>> const&, std::__1::basic_string<char, std::__1::char_traits<char>, std::__1::allocator<char>> const&, std::__1::vector<int, std::__1::allocator<int>> const&, std::__1::vector<int, std::__1::allocator<int>> const&) test_tiff_persistent_reader.cpp:227 (tiff_persistent_reader:arm64+0x100009c6c)
    #8 main test_tiff_persistent_reader.cpp:372 (tiff_persistent_reader:arm64+0x100004684)

  Thread T6 (tid=18123543, running) created by main thread at:
    #0 pthread_create <null> (libclang_rt.tsan_osx_dynamic.dylib:arm64e+0x33bac)
    #1 __kmp_create_worker <null> (libomp.dylib:arm64+0x50efc)
    #2 (anonymous namespace)::runCase(std::__1::basic_string<char, std::__1::char_traits<char>, std::__1::allocator<char>> const&, std::__1::basic_string<char, std::__1::char_traits<char>, std::__1::allocator<char>> const&, std::__1::vector<int, std::__1::allocator<int>> const&, std::__1::vector<int, std::__1::allocator<int>> const&) test_tiff_persistent_reader.cpp:229 (tiff_persistent_reader:arm64+0x100009d4c)
    #3 main test_tiff_persistent_reader.cpp:372 (tiff_persistent_reader:arm64+0x100004684)

SUMMARY: ThreadSanitizer: data race vector.h:420 in std::__1::vector<long, std::__1::allocator<long>>::operator[][abi:nqe220106](unsigned long) const
==================
==================
WARNING: ThreadSanitizer: data race (pid=38781)
  Read of size 8 at 0x00010ad37370 by main thread:
    #0 bool MetaDataTable::getValue<int>(EMDLabel, int&, long) const metadata_table.h:444 (tiff_persistent_reader:arm64+0x10000c34c)
    #1 Image<float>::dataType() const image.h:1435 (tiff_persistent_reader:arm64+0x10000c34c)
    #2 (anonymous namespace)::compareFrames(Image<float> const&, Image<float> const&) test_tiff_persistent_reader.cpp:210 (tiff_persistent_reader:arm64+0x10000c34c)
    #3 (anonymous namespace)::runCase(std::__1::basic_string<char, std::__1::char_traits<char>, std::__1::allocator<char>> const&, std::__1::basic_string<char, std::__1::char_traits<char>, std::__1::allocator<char>> const&, std::__1::vector<int, std::__1::allocator<int>> const&, std::__1::vector<int, std::__1::allocator<int>> const&) test_tiff_persistent_reader.cpp:233 (tiff_persistent_reader:arm64+0x100009df4)
    #4 main test_tiff_persistent_reader.cpp:372 (tiff_persistent_reader:arm64+0x100004684)

  Previous write of size 8 at 0x00010ad37370 by thread T6:
    #0 MetaDataTable::addLabel(EMDLabel, std::__1::basic_string<char, std::__1::char_traits<char>, std::__1::allocator<char>>) metadata_table.cpp:824 (tiff_persistent_reader:arm64+0x10009a370)
    #1 bool MetaDataTable::setValue<int>(EMDLabel, int const&, long) metadata_table.h:490 (tiff_persistent_reader:arm64+0x100016e38)
    #2 Image<float>::applyTiffLayout(TiffMovieLayout const&, long, bool, bool, FileName const&) rwTIFF.h:46 (tiff_persistent_reader:arm64+0x100017e5c)
    #3 Image<float>::readTIFFFrameFromHandle(tiff*, TiffMovieLayout const&, long, TiffStripScratch&, FileName const&, TiffErrorContext*) rwTIFF.h:215 (tiff_persistent_reader:arm64+0x1000c45e8)
    #4 TiffMovieReader::readFrames(std::__1::vector<int, std::__1::allocator<int>> const&, std::__1::vector<Image<float>, std::__1::allocator<Image<float>>>&) (.omp_outlined_debug__) tiff_movie_reader.cpp:95 (tiff_persistent_reader:arm64+0x1000c4404)
    #5 TiffMovieReader::readFrames(std::__1::vector<int, std::__1::allocator<int>> const&, std::__1::vector<Image<float>, std::__1::allocator<Image<float>>>&) (.omp_outlined) tiff_movie_reader.cpp:72 (tiff_persistent_reader:arm64+0x1000c4404)
    #6 __kmp_invoke_microtask <null> (libomp.dylib:arm64+0x6b138)

  Location is heap block of size 5000 at 0x00010ad37000 allocated by thread T6:
    #0 operator new(unsigned long) <null> (libclang_rt.tsan_osx_dynamic.dylib:arm64e+0x91ad0)
    #1 long* std::__1::__libcpp_allocate[abi:nqe220106]<long>(std::__1::__element_count, unsigned long) allocate.h:60 (tiff_persistent_reader:arm64+0x100093f4c)
    #2 std::__1::allocator<long>::allocate[abi:nqe220106](unsigned long) allocator.h:92 (tiff_persistent_reader:arm64+0x100093f4c)
    #3 std::__1::__allocation_result<std::__1::allocator_traits<std::__1::allocator<long>>::pointer, std::__1::allocator_traits<std::__1::allocator<long>>::size_type> std::__1::__allocate_at_least[abi:nqe220106]<std::__1::allocator<long>, std::__1::allocator_traits<std::__1::allocator<long>>>(std::__1::allocator<long>&, unsigned long) allocate_at_least.h:46 (tiff_persistent_reader:arm64+0x100093f4c)
    #4 std::__1::vector<long, std::__1::allocator<long>>::__vallocate[abi:nqe220106](unsigned long) vector.h:597 (tiff_persistent_reader:arm64+0x100093f4c)
    #5 std::__1::vector<long, std::__1::allocator<long>>::vector[abi:nqe220106](unsigned long, long const&) vector.h:171 (tiff_persistent_reader:arm64+0x100093f4c)
    #6 std::__1::vector<long, std::__1::allocator<long>>::vector[abi:nqe220106](unsigned long, long const&) vector.h:168 (tiff_persistent_reader:arm64+0x100093f4c)
    #7 MetaDataTable::clear() metadata_table.cpp:161 (tiff_persistent_reader:arm64+0x100093f4c)
    #8 Image<float>::readTIFFFrameFromHandle(tiff*, TiffMovieLayout const&, long, TiffStripScratch&, FileName const&, TiffErrorContext*) rwTIFF.h:208 (tiff_persistent_reader:arm64+0x1000c4590)
    #9 TiffMovieReader::readFrames(std::__1::vector<int, std::__1::allocator<int>> const&, std::__1::vector<Image<float>, std::__1::allocator<Image<float>>>&) (.omp_outlined_debug__) tiff_movie_reader.cpp:95 (tiff_persistent_reader:arm64+0x1000c4404)
    #10 TiffMovieReader::readFrames(std::__1::vector<int, std::__1::allocator<int>> const&, std::__1::vector<Image<float>, std::__1::allocator<Image<float>>>&) (.omp_outlined) tiff_movie_reader.cpp:72 (tiff_persistent_reader:arm64+0x1000c4404)
    #11 __kmp_invoke_microtask <null> (libomp.dylib:arm64+0x6b138)

  Thread T6 (tid=18123543, running) created by main thread at:
    #0 pthread_create <null> (libclang_rt.tsan_osx_dynamic.dylib:arm64e+0x33bac)
    #1 __kmp_create_worker <null> (libomp.dylib:arm64+0x50efc)
    #2 (anonymous namespace)::runCase(std::__1::basic_string<char, std::__1::char_traits<char>, std::__1::allocator<char>> const&, std::__1::basic_string<char, std::__1::char_traits<char>, std::__1::allocator<char>> const&, std::__1::vector<int, std::__1::allocator<int>> const&, std::__1::vector<int, std::__1::allocator<int>> const&) test_tiff_persistent_reader.cpp:229 (tiff_persistent_reader:arm64+0x100009d4c)
    #3 main test_tiff_persistent_reader.cpp:372 (tiff_persistent_reader:arm64+0x100004684)

SUMMARY: ThreadSanitizer: data race metadata_table.h:444 in bool MetaDataTable::getValue<int>(EMDLabel, int&, long) const
==================
==================
WARNING: ThreadSanitizer: data race (pid=38781)
  Read of size 8 at 0x00010ac01a90 by main thread:
    #0 bool MetaDataTable::getValue<int>(EMDLabel, int&, long) const metadata_table.h:449 (tiff_persistent_reader:arm64+0x10000c35c)
    #1 Image<float>::dataType() const image.h:1435 (tiff_persistent_reader:arm64+0x10000c35c)
    #2 (anonymous namespace)::compareFrames(Image<float> const&, Image<float> const&) test_tiff_persistent_reader.cpp:210 (tiff_persistent_reader:arm64+0x10000c35c)
    #3 (anonymous namespace)::runCase(std::__1::basic_string<char, std::__1::char_traits<char>, std::__1::allocator<char>> const&, std::__1::basic_string<char, std::__1::char_traits<char>, std::__1::allocator<char>> const&, std::__1::vector<int, std::__1::allocator<int>> const&, std::__1::vector<int, std::__1::allocator<int>> const&) test_tiff_persistent_reader.cpp:233 (tiff_persistent_reader:arm64+0x100009df4)
    #4 main test_tiff_persistent_reader.cpp:372 (tiff_persistent_reader:arm64+0x100004684)

  Previous write of size 8 at 0x00010ac01a90 by thread T6:
    #0 MetaDataTable::clear() metadata_table.cpp:162 (tiff_persistent_reader:arm64+0x100093fb4)
    #1 Image<float>::readTIFFFrameFromHandle(tiff*, TiffMovieLayout const&, long, TiffStripScratch&, FileName const&, TiffErrorContext*) rwTIFF.h:208 (tiff_persistent_reader:arm64+0x1000c4590)
    #2 TiffMovieReader::readFrames(std::__1::vector<int, std::__1::allocator<int>> const&, std::__1::vector<Image<float>, std::__1::allocator<Image<float>>>&) (.omp_outlined_debug__) tiff_movie_reader.cpp:95 (tiff_persistent_reader:arm64+0x1000c4404)
    #3 TiffMovieReader::readFrames(std::__1::vector<int, std::__1::allocator<int>> const&, std::__1::vector<Image<float>, std::__1::allocator<Image<float>>>&) (.omp_outlined) tiff_movie_reader.cpp:72 (tiff_persistent_reader:arm64+0x1000c4404)
    #4 __kmp_invoke_microtask <null> (libomp.dylib:arm64+0x6b138)

  Location is heap block of size 3904 at 0x00010ac01000 allocated by main thread:
    #0 operator new(unsigned long) <null> (libclang_rt.tsan_osx_dynamic.dylib:arm64e+0x91ad0)
    #1 Image<float>* std::__1::__libcpp_allocate[abi:nqe220106]<Image<float>>(std::__1::__element_count, unsigned long) allocate.h:60 (tiff_persistent_reader:arm64+0x100009c6c)
    #2 std::__1::allocator<Image<float>>::allocate[abi:nqe220106](unsigned long) allocator.h:92 (tiff_persistent_reader:arm64+0x100009c6c)
    #3 std::__1::__allocation_result<std::__1::allocator_traits<std::__1::allocator<Image<float>>>::pointer, std::__1::allocator_traits<std::__1::allocator<Image<float>>>::size_type> std::__1::__allocate_at_least[abi:nqe220106]<std::__1::allocator<Image<float>>, std::__1::allocator_traits<std::__1::allocator<Image<float>>>>(std::__1::allocator<Image<float>>&, unsigned long) allocate_at_least.h:46 (tiff_persistent_reader:arm64+0x100009c6c)
    #4 std::__1::vector<Image<float>, std::__1::allocator<Image<float>>>::__vallocate[abi:nqe220106](unsigned long) vector.h:597 (tiff_persistent_reader:arm64+0x100009c6c)
    #5 std::__1::vector<Image<float>, std::__1::allocator<Image<float>>>::vector[abi:nqe220106](unsigned long) vector.h:150 (tiff_persistent_reader:arm64+0x100009c6c)
    #6 std::__1::vector<Image<float>, std::__1::allocator<Image<float>>>::vector[abi:nqe220106](unsigned long) vector.h:147 (tiff_persistent_reader:arm64+0x100009c6c)
    #7 (anonymous namespace)::runCase(std::__1::basic_string<char, std::__1::char_traits<char>, std::__1::allocator<char>> const&, std::__1::basic_string<char, std::__1::char_traits<char>, std::__1::allocator<char>> const&, std::__1::vector<int, std::__1::allocator<int>> const&, std::__1::vector<int, std::__1::allocator<int>> const&) test_tiff_persistent_reader.cpp:227 (tiff_persistent_reader:arm64+0x100009c6c)
    #8 main test_tiff_persistent_reader.cpp:372 (tiff_persistent_reader:arm64+0x100004684)

  Thread T6 (tid=18123543, running) created by main thread at:
    #0 pthread_create <null> (libclang_rt.tsan_osx_dynamic.dylib:arm64e+0x33bac)
    #1 __kmp_create_worker <null> (libomp.dylib:arm64+0x50efc)
    #2 (anonymous namespace)::runCase(std::__1::basic_string<char, std::__1::char_traits<char>, std::__1::allocator<char>> const&, std::__1::basic_string<char, std::__1::char_traits<char>, std::__1::allocator<char>> const&, std::__1::vector<int, std::__1::allocator<int>> const&, std::__1::vector<int, std::__1::allocator<int>> const&) test_tiff_persistent_reader.cpp:229 (tiff_persistent_reader:arm64+0x100009d4c)
    #3 main test_tiff_persistent_reader.cpp:372 (tiff_persistent_reader:arm64+0x100004684)

SUMMARY: ThreadSanitizer: data race metadata_table.h:449 in bool MetaDataTable::getValue<int>(EMDLabel, int&, long) const
==================
==================
WARNING: ThreadSanitizer: data race (pid=38781)
  Read of size 8 at 0x000109900970 by main thread:
    #0 bool MetaDataTable::getValue<int>(EMDLabel, int&, long) const metadata_table.h:456 (tiff_persistent_reader:arm64+0x10000c378)
    #1 Image<float>::dataType() const image.h:1435 (tiff_persistent_reader:arm64+0x10000c378)
    #2 (anonymous namespace)::compareFrames(Image<float> const&, Image<float> const&) test_tiff_persistent_reader.cpp:210 (tiff_persistent_reader:arm64+0x10000c378)
    #3 (anonymous namespace)::runCase(std::__1::basic_string<char, std::__1::char_traits<char>, std::__1::allocator<char>> const&, std::__1::basic_string<char, std::__1::char_traits<char>, std::__1::allocator<char>> const&, std::__1::vector<int, std::__1::allocator<int>> const&, std::__1::vector<int, std::__1::allocator<int>> const&) test_tiff_persistent_reader.cpp:233 (tiff_persistent_reader:arm64+0x100009df4)
    #4 main test_tiff_persistent_reader.cpp:372 (tiff_persistent_reader:arm64+0x100004684)

  Previous write of size 8 at 0x000109900970 by thread T6:
    #0 void std::__1::allocator<MetaDataContainer*>::construct[abi:nqe220106]<MetaDataContainer*, MetaDataContainer*>(MetaDataContainer**, MetaDataContainer*&&) allocator.h:141 (tiff_persistent_reader:arm64+0x1000a8500)
    #1 void std::__1::allocator_traits<std::__1::allocator<MetaDataContainer*>>::construct[abi:nqe220106]<MetaDataContainer*, MetaDataContainer*, 0>(std::__1::allocator<MetaDataContainer*>&, MetaDataContainer**, MetaDataContainer*&&) allocator_traits.h:296 (tiff_persistent_reader:arm64+0x1000a8500)
    #2 void std::__1::vector<MetaDataContainer*, std::__1::allocator<MetaDataContainer*>>::__emplace_back_assume_capacity[abi:nqe220106]<MetaDataContainer*>(MetaDataContainer*&&) vector.h:483 (tiff_persistent_reader:arm64+0x1000a8500)
    #3 MetaDataContainer*& std::__1::vector<MetaDataContainer*, std::__1::allocator<MetaDataContainer*>>::emplace_back<MetaDataContainer*>(MetaDataContainer*&&)::'lambda'()::operator()() const vector.h:1146 (tiff_persistent_reader:arm64+0x1000a8500)
    #4 void std::__1::__if_likely_else[abi:nqe220106]<MetaDataContainer*& std::__1::vector<MetaDataContainer*, std::__1::allocator<MetaDataContainer*>>::emplace_back<MetaDataContainer*>(MetaDataContainer*&&)::'lambda'(), MetaDataContainer*& std::__1::vector<MetaDataContainer*, std::__1::allocator<MetaDataContainer*>>::emplace_back<MetaDataContainer*>(MetaDataContainer*&&)::'lambda0'()>(bool, MetaDataContainer*& std::__1::vector<MetaDataContainer*, std::__1::allocator<MetaDataContainer*>>::emplace_back<MetaDataContainer*>(MetaDataContainer*&&)::'lambda'(), MetaDataContainer*& std::__1::vector<MetaDataContainer*, std::__1::allocator<MetaDataContainer*>>::emplace_back<MetaDataContainer*>(MetaDataContainer*&&)::'lambda0'()) vector.h:1127 (tiff_persistent_reader:arm64+0x1000a8500)
    #5 MetaDataContainer*& std::__1::vector<MetaDataContainer*, std::__1::allocator<MetaDataContainer*>>::emplace_back<MetaDataContainer*>(MetaDataContainer*&&) vector.h:1143 (tiff_persistent_reader:arm64+0x1000a8500)
    #6 std::__1::vector<MetaDataContainer*, std::__1::allocator<MetaDataContainer*>>::push_back[abi:nqe220106](MetaDataContainer*&&) vector.h:466 (tiff_persistent_reader:arm64+0x1000a8500)
    #7 MetaDataTable::addObject() metadata_table.cpp:974 (tiff_persistent_reader:arm64+0x1000a8500)
    #8 Image<float>::readTIFFFrameFromHandle(tiff*, TiffMovieLayout const&, long, TiffStripScratch&, FileName const&, TiffErrorContext*) rwTIFF.h:209 (tiff_persistent_reader:arm64+0x1000c4598)
    #9 TiffMovieReader::readFrames(std::__1::vector<int, std::__1::allocator<int>> const&, std::__1::vector<Image<float>, std::__1::allocator<Image<float>>>&) (.omp_outlined_debug__) tiff_movie_reader.cpp:95 (tiff_persistent_reader:arm64+0x1000c4404)
    #10 TiffMovieReader::readFrames(std::__1::vector<int, std::__1::allocator<int>> const&, std::__1::vector<Image<float>, std::__1::allocator<Image<float>>>&) (.omp_outlined) tiff_movie_reader.cpp:72 (tiff_persistent_reader:arm64+0x1000c4404)
    #11 __kmp_invoke_microtask <null> (libomp.dylib:arm64+0x6b138)

  Location is heap block of size 8 at 0x000109900970 allocated by main thread:
    #0 operator new(unsigned long) <null> (libclang_rt.tsan_osx_dynamic.dylib:arm64e+0x91ad0)
    #1 MetaDataContainer** std::__1::__libcpp_allocate[abi:nqe220106]<MetaDataContainer*>(std::__1::__element_count, unsigned long) allocate.h:60 (tiff_persistent_reader:arm64+0x1000a7fec)
    #2 std::__1::allocator<MetaDataContainer*>::allocate[abi:nqe220106](unsigned long) allocator.h:92 (tiff_persistent_reader:arm64+0x1000a7fec)
    #3 std::__1::__allocation_result<std::__1::allocator_traits<std::__1::allocator<MetaDataContainer*>>::pointer, std::__1::allocator_traits<std::__1::allocator<MetaDataContainer*>>::size_type> std::__1::__allocate_at_least[abi:nqe220106]<std::__1::allocator<MetaDataContainer*>, std::__1::allocator_traits<std::__1::allocator<MetaDataContainer*>>>(std::__1::allocator<MetaDataContainer*>&, unsigned long) allocate_at_least.h:46 (tiff_persistent_reader:arm64+0x1000a7fec)
    #4 std::__1::__split_buffer<MetaDataContainer*, std::__1::allocator<MetaDataContainer*>&>::__split_buffer(unsigned long, unsigned long, std::__1::allocator<MetaDataContainer*>&) __split_buffer:330 (tiff_persistent_reader:arm64+0x1000a7fec)
    #5 std::__1::__split_buffer<MetaDataContainer*, std::__1::allocator<MetaDataContainer*>&>::__split_buffer(unsigned long, unsigned long, std::__1::allocator<MetaDataContainer*>&) __split_buffer:326 (tiff_persistent_reader:arm64+0x1000a7fec)
    #6 MetaDataContainer** std::__1::vector<MetaDataContainer*, std::__1::allocator<MetaDataContainer*>>::__emplace_back_slow_path<MetaDataContainer*>(MetaDataContainer*&&) vector.h:1107 (tiff_persistent_reader:arm64+0x1000a7fec)
    #7 MetaDataContainer*& std::__1::vector<MetaDataContainer*, std::__1::allocator<MetaDataContainer*>>::emplace_back<MetaDataContainer*>(MetaDataContainer*&&)::'lambda0'()::operator()() const vector.h:1149 (tiff_persistent_reader:arm64+0x1000a7fec)
    #8 void std::__1::__if_likely_else[abi:nqe220106]<MetaDataContainer*& std::__1::vector<MetaDataContainer*, std::__1::allocator<MetaDataContainer*>>::emplace_back<MetaDataContainer*>(MetaDataContainer*&&)::'lambda'(), MetaDataContainer*& std::__1::vector<MetaDataContainer*, std::__1::allocator<MetaDataContainer*>>::emplace_back<MetaDataContainer*>(MetaDataContainer*&&)::'lambda0'()>(bool, MetaDataContainer*& std::__1::vector<MetaDataContainer*, std::__1::allocator<MetaDataContainer*>>::emplace_back<MetaDataContainer*>(MetaDataContainer*&&)::'lambda'(), MetaDataContainer*& std::__1::vector<MetaDataContainer*, std::__1::allocator<MetaDataContainer*>>::emplace_back<MetaDataContainer*>(MetaDataContainer*&&)::'lambda0'()) vector.h:1129 (tiff_persistent_reader:arm64+0x1000a855c)
    #9 MetaDataContainer*& std::__1::vector<MetaDataContainer*, std::__1::allocator<MetaDataContainer*>>::emplace_back<MetaDataContainer*>(MetaDataContainer*&&) vector.h:1143 (tiff_persistent_reader:arm64+0x1000a855c)
    #10 std::__1::vector<MetaDataContainer*, std::__1::allocator<MetaDataContainer*>>::push_back[abi:nqe220106](MetaDataContainer*&&) vector.h:466 (tiff_persistent_reader:arm64+0x1000a855c)
    #11 MetaDataTable::addObject() metadata_table.cpp:974 (tiff_persistent_reader:arm64+0x1000a855c)
    #12 Image<float>::Image() image.h:638 (tiff_persistent_reader:arm64+0x10001b174)
    #13 Image<float>::Image() image.h:635 (tiff_persistent_reader:arm64+0x100009ca8)
    #14 void std::__1::allocator<Image<float>>::construct[abi:nqe220106]<Image<float>>(Image<float>*) allocator.h:141 (tiff_persistent_reader:arm64+0x100009ca8)
    #15 void std::__1::allocator_traits<std::__1::allocator<Image<float>>>::construct[abi:nqe220106]<Image<float>, 0>(std::__1::allocator<Image<float>>&, Image<float>*) allocator_traits.h:296 (tiff_persistent_reader:arm64+0x100009ca8)
    #16 std::__1::vector<Image<float>, std::__1::allocator<Image<float>>>::__construct_at_end(unsigned long) vector.h:935 (tiff_persistent_reader:arm64+0x100009ca8)
    #17 std::__1::vector<Image<float>, std::__1::allocator<Image<float>>>::vector[abi:nqe220106](unsigned long) vector.h:151 (tiff_persistent_reader:arm64+0x100009ca8)
    #18 std::__1::vector<Image<float>, std::__1::allocator<Image<float>>>::vector[abi:nqe220106](unsigned long) vector.h:147 (tiff_persistent_reader:arm64+0x100009ca8)
    #19 (anonymous namespace)::runCase(std::__1::basic_string<char, std::__1::char_traits<char>, std::__1::allocator<char>> const&, std::__1::basic_string<char, std::__1::char_traits<char>, std::__1::allocator<char>> const&, std::__1::vector<int, std::__1::allocator<int>> const&, std::__1::vector<int, std::__1::allocator<int>> const&) test_tiff_persistent_reader.cpp:227 (tiff_persistent_reader:arm64+0x100009ca8)
    #20 main test_tiff_persistent_reader.cpp:372 (tiff_persistent_reader:arm64+0x100004684)

  Thread T6 (tid=18123543, running) created by main thread at:
    #0 pthread_create <null> (libclang_rt.tsan_osx_dynamic.dylib:arm64e+0x33bac)
    #1 __kmp_create_worker <null> (libomp.dylib:arm64+0x50efc)
    #2 (anonymous namespace)::runCase(std::__1::basic_string<char, std::__1::char_traits<char>, std::__1::allocator<char>> const&, std::__1::basic_string<char, std::__1::char_traits<char>, std::__1::allocator<char>> const&, std::__1::vector<int, std::__1::allocator<int>> const&, std::__1::vector<int, std::__1::allocator<int>> const&) test_tiff_persistent_reader.cpp:229 (tiff_persistent_reader:arm64+0x100009d4c)
    #3 main test_tiff_persistent_reader.cpp:372 (tiff_persistent_reader:arm64+0x100004684)

SUMMARY: ThreadSanitizer: data race metadata_table.h:456 in bool MetaDataTable::getValue<int>(EMDLabel, int&, long) const
==================
==================
WARNING: ThreadSanitizer: data race (pid=38781)
  Read of size 8 at 0x00010a402070 by main thread:
    #0 std::__1::vector<long, std::__1::allocator<long>>::operator[][abi:nqe220106](unsigned long) const vector.h:420 (tiff_persistent_reader:arm64+0x10005bac4)
    #1 MetaDataContainer::getValue(long, int&) const metadata_container.cpp:64 (tiff_persistent_reader:arm64+0x10005bac4)
    #2 bool MetaDataTable::getValue<int>(EMDLabel, int&, long) const metadata_table.h:456 (tiff_persistent_reader:arm64+0x10000c388)
    #3 Image<float>::dataType() const image.h:1435 (tiff_persistent_reader:arm64+0x10000c388)
    #4 (anonymous namespace)::compareFrames(Image<float> const&, Image<float> const&) test_tiff_persistent_reader.cpp:210 (tiff_persistent_reader:arm64+0x10000c388)
    #5 (anonymous namespace)::runCase(std::__1::basic_string<char, std::__1::char_traits<char>, std::__1::allocator<char>> const&, std::__1::basic_string<char, std::__1::char_traits<char>, std::__1::allocator<char>> const&, std::__1::vector<int, std::__1::allocator<int>> const&, std::__1::vector<int, std::__1::allocator<int>> const&) test_tiff_persistent_reader.cpp:233 (tiff_persistent_reader:arm64+0x100009df4)
    #6 main test_tiff_persistent_reader.cpp:372 (tiff_persistent_reader:arm64+0x100004684)

  Previous write of size 8 at 0x00010a402070 by thread T6:
    #0 std::__1::enable_if<is_move_constructible<long*>::value && is_move_assignable<long*>::value, void>::type std::__1::swap[abi:nqe220106]<long*>(long*&, long*&) swap.h:44 (tiff_persistent_reader:arm64+0x1000a6838)
    #1 std::__1::vector<long, std::__1::allocator<long>>::__swap_out_circular_buffer(std::__1::__split_buffer<long, std::__1::allocator<long>&>&) vector.h:864 (tiff_persistent_reader:arm64+0x1000a6838)
    #2 long* std::__1::vector<long, std::__1::allocator<long>>::__emplace_back_slow_path<long>(long&&) vector.h:1111 (tiff_persistent_reader:arm64+0x1000a6838)
    #3 long& std::__1::vector<long, std::__1::allocator<long>>::emplace_back<long>(long&&)::'lambda0'()::operator()() const vector.h:1149 (tiff_persistent_reader:arm64+0x1000a6838)
    #4 void std::__1::__if_likely_else[abi:nqe220106]<long& std::__1::vector<long, std::__1::allocator<long>>::emplace_back<long>(long&&)::'lambda'(), long& std::__1::vector<long, std::__1::allocator<long>>::emplace_back<long>(long&&)::'lambda0'()>(bool, long& std::__1::vector<long, std::__1::allocator<long>>::emplace_back<long>(long&&)::'lambda'(), long& std::__1::vector<long, std::__1::allocator<long>>::emplace_back<long>(long&&)::'lambda0'()) vector.h:1129 (tiff_persistent_reader:arm64+0x10009a0ac)
    #5 long& std::__1::vector<long, std::__1::allocator<long>>::emplace_back<long>(long&&) vector.h:1143 (tiff_persistent_reader:arm64+0x10009a0ac)
    #6 std::__1::vector<long, std::__1::allocator<long>>::push_back[abi:nqe220106](long&&) vector.h:466 (tiff_persistent_reader:arm64+0x10009a0ac)
    #7 MetaDataTable::addLabel(EMDLabel, std::__1::basic_string<char, std::__1::char_traits<char>, std::__1::allocator<char>>) metadata_table.cpp:759 (tiff_persistent_reader:arm64+0x10009a0ac)
    #8 bool MetaDataTable::setValue<int>(EMDLabel, int const&, long) metadata_table.h:490 (tiff_persistent_reader:arm64+0x100016e38)
    #9 Image<float>::applyTiffLayout(TiffMovieLayout const&, long, bool, bool, FileName const&) rwTIFF.h:46 (tiff_persistent_reader:arm64+0x100017e5c)
    #10 Image<float>::readTIFFFrameFromHandle(tiff*, TiffMovieLayout const&, long, TiffStripScratch&, FileName const&, TiffErrorContext*) rwTIFF.h:215 (tiff_persistent_reader:arm64+0x1000c45e8)
    #11 TiffMovieReader::readFrames(std::__1::vector<int, std::__1::allocator<int>> const&, std::__1::vector<Image<float>, std::__1::allocator<Image<float>>>&) (.omp_outlined_debug__) tiff_movie_reader.cpp:95 (tiff_persistent_reader:arm64+0x1000c4404)
    #12 TiffMovieReader::readFrames(std::__1::vector<int, std::__1::allocator<int>> const&, std::__1::vector<Image<float>, std::__1::allocator<Image<float>>>&) (.omp_outlined) tiff_movie_reader.cpp:72 (tiff_persistent_reader:arm64+0x1000c4404)
    #13 __kmp_invoke_microtask <null> (libomp.dylib:arm64+0x6b138)

  Location is heap block of size 176 at 0x00010a402050 allocated by thread T6:
    #0 operator new(unsigned long) <null> (libclang_rt.tsan_osx_dynamic.dylib:arm64e+0x91ad0)
    #1 MetaDataTable::addObject() metadata_table.cpp:974 (tiff_persistent_reader:arm64+0x1000a8410)
    #2 Image<float>::readTIFFFrameFromHandle(tiff*, TiffMovieLayout const&, long, TiffStripScratch&, FileName const&, TiffErrorContext*) rwTIFF.h:209 (tiff_persistent_reader:arm64+0x1000c4598)
    #3 TiffMovieReader::readFrames(std::__1::vector<int, std::__1::allocator<int>> const&, std::__1::vector<Image<float>, std::__1::allocator<Image<float>>>&) (.omp_outlined_debug__) tiff_movie_reader.cpp:95 (tiff_persistent_reader:arm64+0x1000c4404)
    #4 TiffMovieReader::readFrames(std::__1::vector<int, std::__1::allocator<int>> const&, std::__1::vector<Image<float>, std::__1::allocator<Image<float>>>&) (.omp_outlined) tiff_movie_reader.cpp:72 (tiff_persistent_reader:arm64+0x1000c4404)
    #5 __kmp_invoke_microtask <null> (libomp.dylib:arm64+0x6b138)

  Thread T6 (tid=18123543, running) created by main thread at:
    #0 pthread_create <null> (libclang_rt.tsan_osx_dynamic.dylib:arm64e+0x33bac)
    #1 __kmp_create_worker <null> (libomp.dylib:arm64+0x50efc)
    #2 (anonymous namespace)::runCase(std::__1::basic_string<char, std::__1::char_traits<char>, std::__1::allocator<char>> const&, std::__1::basic_string<char, std::__1::char_traits<char>, std::__1::allocator<char>> const&, std::__1::vector<int, std::__1::allocator<int>> const&, std::__1::vector<int, std::__1::allocator<int>> const&) test_tiff_persistent_reader.cpp:229 (tiff_persistent_reader:arm64+0x100009d4c)
    #3 main test_tiff_persistent_reader.cpp:372 (tiff_persistent_reader:arm64+0x100004684)

SUMMARY: ThreadSanitizer: data race vector.h:420 in std::__1::vector<long, std::__1::allocator<long>>::operator[][abi:nqe220106](unsigned long) const
==================
==================
WARNING: ThreadSanitizer: data race (pid=38781)
  Read of size 8 at 0x000109901720 by main thread:
    #0 MetaDataContainer::getValue(long, int&) const metadata_container.cpp:64 (tiff_persistent_reader:arm64+0x10005bad4)
    #1 bool MetaDataTable::getValue<int>(EMDLabel, int&, long) const metadata_table.h:456 (tiff_persistent_reader:arm64+0x10000c388)
    #2 Image<float>::dataType() const image.h:1435 (tiff_persistent_reader:arm64+0x10000c388)
    #3 (anonymous namespace)::compareFrames(Image<float> const&, Image<float> const&) test_tiff_persistent_reader.cpp:210 (tiff_persistent_reader:arm64+0x10000c388)
    #4 (anonymous namespace)::runCase(std::__1::basic_string<char, std::__1::char_traits<char>, std::__1::allocator<char>> const&, std::__1::basic_string<char, std::__1::char_traits<char>, std::__1::allocator<char>> const&, std::__1::vector<int, std::__1::allocator<int>> const&, std::__1::vector<int, std::__1::allocator<int>> const&) test_tiff_persistent_reader.cpp:233 (tiff_persistent_reader:arm64+0x100009df4)
    #5 main test_tiff_persistent_reader.cpp:372 (tiff_persistent_reader:arm64+0x100004684)

  Previous write of size 8 at 0x000109901720 by thread T6:
    #0 void std::__1::allocator<long>::construct[abi:nqe220106]<long, long>(long*, long&&) allocator.h:141 (tiff_persistent_reader:arm64+0x1000a6818)
    #1 void std::__1::allocator_traits<std::__1::allocator<long>>::construct[abi:nqe220106]<long, long, 0>(std::__1::allocator<long>&, long*, long&&) allocator_traits.h:296 (tiff_persistent_reader:arm64+0x1000a6818)
    #2 long* std::__1::vector<long, std::__1::allocator<long>>::__emplace_back_slow_path<long>(long&&) vector.h:1109 (tiff_persistent_reader:arm64+0x1000a6818)
    #3 long& std::__1::vector<long, std::__1::allocator<long>>::emplace_back<long>(long&&)::'lambda0'()::operator()() const vector.h:1149 (tiff_persistent_reader:arm64+0x1000a6818)
    #4 void std::__1::__if_likely_else[abi:nqe220106]<long& std::__1::vector<long, std::__1::allocator<long>>::emplace_back<long>(long&&)::'lambda'(), long& std::__1::vector<long, std::__1::allocator<long>>::emplace_back<long>(long&&)::'lambda0'()>(bool, long& std::__1::vector<long, std::__1::allocator<long>>::emplace_back<long>(long&&)::'lambda'(), long& std::__1::vector<long, std::__1::allocator<long>>::emplace_back<long>(long&&)::'lambda0'()) vector.h:1129 (tiff_persistent_reader:arm64+0x10009a0ac)
    #5 long& std::__1::vector<long, std::__1::allocator<long>>::emplace_back<long>(long&&) vector.h:1143 (tiff_persistent_reader:arm64+0x10009a0ac)
    #6 std::__1::vector<long, std::__1::allocator<long>>::push_back[abi:nqe220106](long&&) vector.h:466 (tiff_persistent_reader:arm64+0x10009a0ac)
    #7 MetaDataTable::addLabel(EMDLabel, std::__1::basic_string<char, std::__1::char_traits<char>, std::__1::allocator<char>>) metadata_table.cpp:759 (tiff_persistent_reader:arm64+0x10009a0ac)
    #8 bool MetaDataTable::setValue<int>(EMDLabel, int const&, long) metadata_table.h:490 (tiff_persistent_reader:arm64+0x100016e38)
    #9 Image<float>::applyTiffLayout(TiffMovieLayout const&, long, bool, bool, FileName const&) rwTIFF.h:46 (tiff_persistent_reader:arm64+0x100017e5c)
    #10 Image<float>::readTIFFFrameFromHandle(tiff*, TiffMovieLayout const&, long, TiffStripScratch&, FileName const&, TiffErrorContext*) rwTIFF.h:215 (tiff_persistent_reader:arm64+0x1000c45e8)
    #11 TiffMovieReader::readFrames(std::__1::vector<int, std::__1::allocator<int>> const&, std::__1::vector<Image<float>, std::__1::allocator<Image<float>>>&) (.omp_outlined_debug__) tiff_movie_reader.cpp:95 (tiff_persistent_reader:arm64+0x1000c4404)
    #12 TiffMovieReader::readFrames(std::__1::vector<int, std::__1::allocator<int>> const&, std::__1::vector<Image<float>, std::__1::allocator<Image<float>>>&) (.omp_outlined) tiff_movie_reader.cpp:72 (tiff_persistent_reader:arm64+0x1000c4404)
    #13 __kmp_invoke_microtask <null> (libomp.dylib:arm64+0x6b138)

  Location is heap block of size 8 at 0x000109901720 allocated by thread T6:
    #0 operator new(unsigned long) <null> (libclang_rt.tsan_osx_dynamic.dylib:arm64e+0x91ad0)
    #1 long* std::__1::__libcpp_allocate[abi:nqe220106]<long>(std::__1::__element_count, unsigned long) allocate.h:60 (tiff_persistent_reader:arm64+0x1000a67fc)
    #2 std::__1::allocator<long>::allocate[abi:nqe220106](unsigned long) allocator.h:92 (tiff_persistent_reader:arm64+0x1000a67fc)
    #3 std::__1::__allocation_result<std::__1::allocator_traits<std::__1::allocator<long>>::pointer, std::__1::allocator_traits<std::__1::allocator<long>>::size_type> std::__1::__allocate_at_least[abi:nqe220106]<std::__1::allocator<long>, std::__1::allocator_traits<std::__1::allocator<long>>>(std::__1::allocator<long>&, unsigned long) allocate_at_least.h:46 (tiff_persistent_reader:arm64+0x1000a67fc)
    #4 std::__1::__split_buffer<long, std::__1::allocator<long>&>::__split_buffer(unsigned long, unsigned long, std::__1::allocator<long>&) __split_buffer:330 (tiff_persistent_reader:arm64+0x1000a67fc)
    #5 std::__1::__split_buffer<long, std::__1::allocator<long>&>::__split_buffer(unsigned long, unsigned long, std::__1::allocator<long>&) __split_buffer:326 (tiff_persistent_reader:arm64+0x1000a67fc)
    #6 long* std::__1::vector<long, std::__1::allocator<long>>::__emplace_back_slow_path<long>(long&&) vector.h:1107 (tiff_persistent_reader:arm64+0x1000a67fc)
    #7 long& std::__1::vector<long, std::__1::allocator<long>>::emplace_back<long>(long&&)::'lambda0'()::operator()() const vector.h:1149 (tiff_persistent_reader:arm64+0x1000a67fc)
    #8 void std::__1::__if_likely_else[abi:nqe220106]<long& std::__1::vector<long, std::__1::allocator<long>>::emplace_back<long>(long&&)::'lambda'(), long& std::__1::vector<long, std::__1::allocator<long>>::emplace_back<long>(long&&)::'lambda0'()>(bool, long& std::__1::vector<long, std::__1::allocator<long>>::emplace_back<long>(long&&)::'lambda'(), long& std::__1::vector<long, std::__1::allocator<long>>::emplace_back<long>(long&&)::'lambda0'()) vector.h:1129 (tiff_persistent_reader:arm64+0x10009a0ac)
    #9 long& std::__1::vector<long, std::__1::allocator<long>>::emplace_back<long>(long&&) vector.h:1143 (tiff_persistent_reader:arm64+0x10009a0ac)
    #10 std::__1::vector<long, std::__1::allocator<long>>::push_back[abi:nqe220106](long&&) vector.h:466 (tiff_persistent_reader:arm64+0x10009a0ac)
    #11 MetaDataTable::addLabel(EMDLabel, std::__1::basic_string<char, std::__1::char_traits<char>, std::__1::allocator<char>>) metadata_table.cpp:759 (tiff_persistent_reader:arm64+0x10009a0ac)
    #12 bool MetaDataTable::setValue<int>(EMDLabel, int const&, long) metadata_table.h:490 (tiff_persistent_reader:arm64+0x100016e38)
    #13 Image<float>::applyTiffLayout(TiffMovieLayout const&, long, bool, bool, FileName const&) rwTIFF.h:46 (tiff_persistent_reader:arm64+0x100017e5c)
    #14 Image<float>::readTIFFFrameFromHandle(tiff*, TiffMovieLayout const&, long, TiffStripScratch&, FileName const&, TiffErrorContext*) rwTIFF.h:215 (tiff_persistent_reader:arm64+0x1000c45e8)
    #15 TiffMovieReader::readFrames(std::__1::vector<int, std::__1::allocator<int>> const&, std::__1::vector<Image<float>, std::__1::allocator<Image<float>>>&) (.omp_outlined_debug__) tiff_movie_reader.cpp:95 (tiff_persistent_reader:arm64+0x1000c4404)
    #16 TiffMovieReader::readFrames(std::__1::vector<int, std::__1::allocator<int>> const&, std::__1::vector<Image<float>, std::__1::allocator<Image<float>>>&) (.omp_outlined) tiff_movie_reader.cpp:72 (tiff_persistent_reader:arm64+0x1000c4404)
    #17 __kmp_invoke_microtask <null> (libomp.dylib:arm64+0x6b138)

  Thread T6 (tid=18123543, running) created by main thread at:
    #0 pthread_create <null> (libclang_rt.tsan_osx_dynamic.dylib:arm64e+0x33bac)
    #1 __kmp_create_worker <null> (libomp.dylib:arm64+0x50efc)
    #2 (anonymous namespace)::runCase(std::__1::basic_string<char, std::__1::char_traits<char>, std::__1::allocator<char>> const&, std::__1::basic_string<char, std::__1::char_traits<char>, std::__1::allocator<char>> const&, std::__1::vector<int, std::__1::allocator<int>> const&, std::__1::vector<int, std::__1::allocator<int>> const&) test_tiff_persistent_reader.cpp:229 (tiff_persistent_reader:arm64+0x100009d4c)
    #3 main test_tiff_persistent_reader.cpp:372 (tiff_persistent_reader:arm64+0x100004684)

SUMMARY: ThreadSanitizer: data race metadata_container.cpp:64 in MetaDataContainer::getValue(long, int&) const
==================
  u16_deflate_rps1 all readers=8: 8 frame(s) exact
==================
WARNING: ThreadSanitizer: data race (pid=38781)
  Write of size 1 at 0x00016f95e8df by main thread:
    #0 std::__1::basic_string<char, std::__1::char_traits<char>, std::__1::allocator<char>>::__set_short_size[abi:nqe220106](unsigned long) string:2221 (tiff_persistent_reader:arm64+0x100010e48)
    #1 std::__1::basic_string<char, std::__1::char_traits<char>, std::__1::allocator<char>>::__init_internal_buffer[abi:nqe220106](unsigned long) string:2317 (tiff_persistent_reader:arm64+0x100010e48)
    #2 std::__1::basic_string<char, std::__1::char_traits<char>, std::__1::allocator<char>>::__init(char const*, unsigned long) string:2674 (tiff_persistent_reader:arm64+0x100010e48)
    #3 std::__1::basic_string<char, std::__1::char_traits<char>, std::__1::allocator<char>>::basic_string[abi:nqe220106]<0>(char const*) string:1075 (tiff_persistent_reader:arm64+0x100010e48)
    #4 FileName::FileName(char const*) filename.h:113 (tiff_persistent_reader:arm64+0x100010e48)
    #5 FileName::FileName(char const*) filename.h:113 (tiff_persistent_reader:arm64+0x100010e48)
    #6 fImageHandler::releaseHandles() image.h:516 (tiff_persistent_reader:arm64+0x100010e48)
    #7 fImageHandler::~fImageHandler() image.h:339 (tiff_persistent_reader:arm64+0x1000193c8)
    #8 fImageHandler::~fImageHandler() image.h:338 (tiff_persistent_reader:arm64+0x10001c310)
    #9 TiffMovieReader::Worker::~Worker() tiff_movie_reader.h:108 (tiff_persistent_reader:arm64+0x10001c310)
    #10 TiffMovieReader::Worker::~Worker() tiff_movie_reader.h:108 (tiff_persistent_reader:arm64+0x10001c310)
    #11 std::__1::default_delete<TiffMovieReader::Worker>::operator()[abi:nqe220106](TiffMovieReader::Worker*) const unique_ptr.h:75 (tiff_persistent_reader:arm64+0x10001c310)
    #12 std::__1::unique_ptr<TiffMovieReader::Worker, std::__1::default_delete<TiffMovieReader::Worker>>::reset[abi:nqe220106](TiffMovieReader::Worker*) unique_ptr.h:291 (tiff_persistent_reader:arm64+0x10001c310)
    #13 std::__1::unique_ptr<TiffMovieReader::Worker, std::__1::default_delete<TiffMovieReader::Worker>>::~unique_ptr[abi:nqe220106]() unique_ptr.h:257 (tiff_persistent_reader:arm64+0x10001c310)
    #14 std::__1::unique_ptr<TiffMovieReader::Worker, std::__1::default_delete<TiffMovieReader::Worker>>::~unique_ptr[abi:nqe220106]() unique_ptr.h:257 (tiff_persistent_reader:arm64+0x10001c310)
    #15 std::__1::allocator<std::__1::unique_ptr<TiffMovieReader::Worker, std::__1::default_delete<TiffMovieReader::Worker>>>::destroy[abi:nqe220106](std::__1::unique_ptr<TiffMovieReader::Worker, std::__1::default_delete<TiffMovieReader::Worker>>*) allocator.h:144 (tiff_persistent_reader:arm64+0x10001c310)
    #16 void std::__1::allocator_traits<std::__1::allocator<std::__1::unique_ptr<TiffMovieReader::Worker, std::__1::default_delete<TiffMovieReader::Worker>>>>::destroy[abi:nqe220106]<std::__1::unique_ptr<TiffMovieReader::Worker, std::__1::default_delete<TiffMovieReader::Worker>>, 0>(std::__1::allocator<std::__1::unique_ptr<TiffMovieReader::Worker, std::__1::default_delete<TiffMovieReader::Worker>>>&, std::__1::unique_ptr<TiffMovieReader::Worker, std::__1::default_delete<TiffMovieReader::Worker>>*) allocator_traits.h:308 (tiff_persistent_reader:arm64+0x10001c310)
    #17 std::__1::vector<std::__1::unique_ptr<TiffMovieReader::Worker, std::__1::default_delete<TiffMovieReader::Worker>>, std::__1::allocator<std::__1::unique_ptr<TiffMovieReader::Worker, std::__1::default_delete<TiffMovieReader::Worker>>>>::__base_destruct_at_end[abi:nqe220106](std::__1::unique_ptr<TiffMovieReader::Worker, std::__1::default_delete<TiffMovieReader::Worker>>*) vector.h:778 (tiff_persistent_reader:arm64+0x10001c310)
    #18 std::__1::vector<std::__1::unique_ptr<TiffMovieReader::Worker, std::__1::default_delete<TiffMovieReader::Worker>>, std::__1::allocator<std::__1::unique_ptr<TiffMovieReader::Worker, std::__1::default_delete<TiffMovieReader::Worker>>>>::clear[abi:nqe220106]() vector.h:566 (tiff_persistent_reader:arm64+0x10001c310)
    #19 std::__1::vector<std::__1::unique_ptr<TiffMovieReader::Worker, std::__1::default_delete<TiffMovieReader::Worker>>, std::__1::allocator<std::__1::unique_ptr<TiffMovieReader::Worker, std::__1::default_delete<TiffMovieReader::Worker>>>>::__destroy_vector::operator()[abi:nqe220106]() vector.h:251 (tiff_persistent_reader:arm64+0x10001c310)
    #20 std::__1::vector<std::__1::unique_ptr<TiffMovieReader::Worker, std::__1::default_delete<TiffMovieReader::Worker>>, std::__1::allocator<std::__1::unique_ptr<TiffMovieReader::Worker, std::__1::default_delete<TiffMovieReader::Worker>>>>::~vector[abi:nqe220106]() vector.h:262 (tiff_persistent_reader:arm64+0x10000a220)
    #21 std::__1::vector<std::__1::unique_ptr<TiffMovieReader::Worker, std::__1::default_delete<TiffMovieReader::Worker>>, std::__1::allocator<std::__1::unique_ptr<TiffMovieReader::Worker, std::__1::default_delete<TiffMovieReader::Worker>>>>::~vector[abi:nqe220106]() vector.h:262 (tiff_persistent_reader:arm64+0x10000a220)
    #22 TiffMovieReader::~TiffMovieReader() tiff_movie_reader.h:70 (tiff_persistent_reader:arm64+0x10000a220)
    #23 TiffMovieReader::~TiffMovieReader() tiff_movie_reader.h:70 (tiff_persistent_reader:arm64+0x10000a220)
    #24 (anonymous namespace)::runCase(std::__1::basic_string<char, std::__1::char_traits<char>, std::__1::allocator<char>> const&, std::__1::basic_string<char, std::__1::char_traits<char>, std::__1::allocator<char>> const&, std::__1::vector<int, std::__1::allocator<int>> const&, std::__1::vector<int, std::__1::allocator<int>> const&) test_tiff_persistent_reader.cpp:239 (tiff_persistent_reader:arm64+0x10000a220)
    #25 main test_tiff_persistent_reader.cpp:372 (tiff_persistent_reader:arm64+0x100004684)

  Previous read of size 4 at 0x00016f95e8dc by thread T7:
    #0 TiffMovieReader::readFrames(std::__1::vector<int, std::__1::allocator<int>> const&, std::__1::vector<Image<float>, std::__1::allocator<Image<float>>>&) (.omp_outlined_debug__) tiff_movie_reader.cpp:90 (tiff_persistent_reader:arm64+0x1000c4390)
    #1 TiffMovieReader::readFrames(std::__1::vector<int, std::__1::allocator<int>> const&, std::__1::vector<Image<float>, std::__1::allocator<Image<float>>>&) (.omp_outlined) tiff_movie_reader.cpp:72 (tiff_persistent_reader:arm64+0x1000c4390)
    #2 __kmp_invoke_microtask <null> (libomp.dylib:arm64+0x6b138)

  Location is stack of main thread.

  Thread T7 (tid=18123544, running) created by main thread at:
    #0 pthread_create <null> (libclang_rt.tsan_osx_dynamic.dylib:arm64e+0x33bac)
    #1 __kmp_create_worker <null> (libomp.dylib:arm64+0x50efc)
    #2 (anonymous namespace)::runCase(std::__1::basic_string<char, std::__1::char_traits<char>, std::__1::allocator<char>> const&, std::__1::basic_string<char, std::__1::char_traits<char>, std::__1::allocator<char>> const&, std::__1::vector<int, std::__1::allocator<int>> const&, std::__1::vector<int, std::__1::allocator<int>> const&) test_tiff_persistent_reader.cpp:229 (tiff_persistent_reader:arm64+0x100009d4c)
    #3 main test_tiff_persistent_reader.cpp:372 (tiff_persistent_reader:arm64+0x100004684)

SUMMARY: ThreadSanitizer: data race string:2221 in std::__1::basic_string<char, std::__1::char_traits<char>, std::__1::allocator<char>>::__set_short_size[abi:nqe220106](unsigned long)
==================
==================
WARNING: ThreadSanitizer: data race (pid=38781)
  Read of size 8 at 0x000109e00530 by main thread:
    #0 TiffStripScratch::~TiffStripScratch() rwTIFF_layout.h:44 (tiff_persistent_reader:arm64+0x10001c33c)
    #1 TiffStripScratch::~TiffStripScratch() rwTIFF_layout.h:44 (tiff_persistent_reader:arm64+0x10001c33c)
    #2 TiffMovieReader::Worker::~Worker() tiff_movie_reader.h:108 (tiff_persistent_reader:arm64+0x10001c33c)
    #3 TiffMovieReader::Worker::~Worker() tiff_movie_reader.h:108 (tiff_persistent_reader:arm64+0x10001c33c)
    #4 std::__1::default_delete<TiffMovieReader::Worker>::operator()[abi:nqe220106](TiffMovieReader::Worker*) const unique_ptr.h:75 (tiff_persistent_reader:arm64+0x10001c33c)
    #5 std::__1::unique_ptr<TiffMovieReader::Worker, std::__1::default_delete<TiffMovieReader::Worker>>::reset[abi:nqe220106](TiffMovieReader::Worker*) unique_ptr.h:291 (tiff_persistent_reader:arm64+0x10001c33c)
    #6 std::__1::unique_ptr<TiffMovieReader::Worker, std::__1::default_delete<TiffMovieReader::Worker>>::~unique_ptr[abi:nqe220106]() unique_ptr.h:257 (tiff_persistent_reader:arm64+0x10001c33c)
    #7 std::__1::unique_ptr<TiffMovieReader::Worker, std::__1::default_delete<TiffMovieReader::Worker>>::~unique_ptr[abi:nqe220106]() unique_ptr.h:257 (tiff_persistent_reader:arm64+0x10001c33c)
    #8 std::__1::allocator<std::__1::unique_ptr<TiffMovieReader::Worker, std::__1::default_delete<TiffMovieReader::Worker>>>::destroy[abi:nqe220106](std::__1::unique_ptr<TiffMovieReader::Worker, std::__1::default_delete<TiffMovieReader::Worker>>*) allocator.h:144 (tiff_persistent_reader:arm64+0x10001c33c)
    #9 void std::__1::allocator_traits<std::__1::allocator<std::__1::unique_ptr<TiffMovieReader::Worker, std::__1::default_delete<TiffMovieReader::Worker>>>>::destroy[abi:nqe220106]<std::__1::unique_ptr<TiffMovieReader::Worker, std::__1::default_delete<TiffMovieReader::Worker>>, 0>(std::__1::allocator<std::__1::unique_ptr<TiffMovieReader::Worker, std::__1::default_delete<TiffMovieReader::Worker>>>&, std::__1::unique_ptr<TiffMovieReader::Worker, std::__1::default_delete<TiffMovieReader::Worker>>*) allocator_traits.h:308 (tiff_persistent_reader:arm64+0x10001c33c)
    #10 std::__1::vector<std::__1::unique_ptr<TiffMovieReader::Worker, std::__1::default_delete<TiffMovieReader::Worker>>, std::__1::allocator<std::__1::unique_ptr<TiffMovieReader::Worker, std::__1::default_delete<TiffMovieReader::Worker>>>>::__base_destruct_at_end[abi:nqe220106](std::__1::unique_ptr<TiffMovieReader::Worker, std::__1::default_delete<TiffMovieReader::Worker>>*) vector.h:778 (tiff_persistent_reader:arm64+0x10001c33c)
    #11 std::__1::vector<std::__1::unique_ptr<TiffMovieReader::Worker, std::__1::default_delete<TiffMovieReader::Worker>>, std::__1::allocator<std::__1::unique_ptr<TiffMovieReader::Worker, std::__1::default_delete<TiffMovieReader::Worker>>>>::clear[abi:nqe220106]() vector.h:566 (tiff_persistent_reader:arm64+0x10001c33c)
    #12 std::__1::vector<std::__1::unique_ptr<TiffMovieReader::Worker, std::__1::default_delete<TiffMovieReader::Worker>>, std::__1::allocator<std::__1::unique_ptr<TiffMovieReader::Worker, std::__1::default_delete<TiffMovieReader::Worker>>>>::__destroy_vector::operator()[abi:nqe220106]() vector.h:251 (tiff_persistent_reader:arm64+0x10001c33c)
    #13 std::__1::vector<std::__1::unique_ptr<TiffMovieReader::Worker, std::__1::default_delete<TiffMovieReader::Worker>>, std::__1::allocator<std::__1::unique_ptr<TiffMovieReader::Worker, std::__1::default_delete<TiffMovieReader::Worker>>>>::~vector[abi:nqe220106]() vector.h:262 (tiff_persistent_reader:arm64+0x10000a220)
    #14 std::__1::vector<std::__1::unique_ptr<TiffMovieReader::Worker, std::__1::default_delete<TiffMovieReader::Worker>>, std::__1::allocator<std::__1::unique_ptr<TiffMovieReader::Worker, std::__1::default_delete<TiffMovieReader::Worker>>>>::~vector[abi:nqe220106]() vector.h:262 (tiff_persistent_reader:arm64+0x10000a220)
    #15 TiffMovieReader::~TiffMovieReader() tiff_movie_reader.h:70 (tiff_persistent_reader:arm64+0x10000a220)
    #16 TiffMovieReader::~TiffMovieReader() tiff_movie_reader.h:70 (tiff_persistent_reader:arm64+0x10000a220)
    #17 (anonymous namespace)::runCase(std::__1::basic_string<char, std::__1::char_traits<char>, std::__1::allocator<char>> const&, std::__1::basic_string<char, std::__1::char_traits<char>, std::__1::allocator<char>> const&, std::__1::vector<int, std::__1::allocator<int>> const&, std::__1::vector<int, std::__1::allocator<int>> const&) test_tiff_persistent_reader.cpp:239 (tiff_persistent_reader:arm64+0x10000a220)
    #18 main test_tiff_persistent_reader.cpp:372 (tiff_persistent_reader:arm64+0x100004684)

  Previous write of size 8 at 0x000109e00530 by thread T6:
    #0 TiffStripScratch::ensure(long long) rwTIFF_layout.h:51 (tiff_persistent_reader:arm64+0x100018774)
    #1 Image<float>::readTIFFDirectory(tiff*, TiffMovieLayout const&, long, float*, TiffStripScratch&, FileName const&, TiffErrorContext*) rwTIFF.h:130 (tiff_persistent_reader:arm64+0x100018774)
    #2 Image<float>::readTIFFFrameFromHandle(tiff*, TiffMovieLayout const&, long, TiffStripScratch&, FileName const&, TiffErrorContext*) rwTIFF.h:216 (tiff_persistent_reader:arm64+0x1000c4614)
    #3 TiffMovieReader::readFrames(std::__1::vector<int, std::__1::allocator<int>> const&, std::__1::vector<Image<float>, std::__1::allocator<Image<float>>>&) (.omp_outlined_debug__) tiff_movie_reader.cpp:95 (tiff_persistent_reader:arm64+0x1000c4404)
    #4 TiffMovieReader::readFrames(std::__1::vector<int, std::__1::allocator<int>> const&, std::__1::vector<Image<float>, std::__1::allocator<Image<float>>>&) (.omp_outlined) tiff_movie_reader.cpp:72 (tiff_persistent_reader:arm64+0x1000c4404)
    #5 __kmp_invoke_microtask <null> (libomp.dylib:arm64+0x6b138)

  Location is heap block of size 112 at 0x000109e004d0 allocated by main thread:
    #0 operator new(unsigned long) <null> (libclang_rt.tsan_osx_dynamic.dylib:arm64e+0x91ad0)
    #1 TiffMovieReader::TiffMovieReader(FileName const&, int) tiff_movie_reader.cpp:40 (tiff_persistent_reader:arm64+0x1000c38b8)
    #2 TiffMovieReader::TiffMovieReader(FileName const&, int) tiff_movie_reader.cpp:30 (tiff_persistent_reader:arm64+0x1000c3e60)
    #3 (anonymous namespace)::runCase(std::__1::basic_string<char, std::__1::char_traits<char>, std::__1::allocator<char>> const&, std::__1::basic_string<char, std::__1::char_traits<char>, std::__1::allocator<char>> const&, std::__1::vector<int, std::__1::allocator<int>> const&, std::__1::vector<int, std::__1::allocator<int>> const&) test_tiff_persistent_reader.cpp:228 (tiff_persistent_reader:arm64+0x100009d18)
    #4 main test_tiff_persistent_reader.cpp:372 (tiff_persistent_reader:arm64+0x100004684)

  Thread T6 (tid=18123543, running) created by main thread at:
    #0 pthread_create <null> (libclang_rt.tsan_osx_dynamic.dylib:arm64e+0x33bac)
    #1 __kmp_create_worker <null> (libomp.dylib:arm64+0x50efc)
    #2 (anonymous namespace)::runCase(std::__1::basic_string<char, std::__1::char_traits<char>, std::__1::allocator<char>> const&, std::__1::basic_string<char, std::__1::char_traits<char>, std::__1::allocator<char>> const&, std::__1::vector<int, std::__1::allocator<int>> const&, std::__1::vector<int, std::__1::allocator<int>> const&) test_tiff_persistent_reader.cpp:229 (tiff_persistent_reader:arm64+0x100009d4c)
    #3 main test_tiff_persistent_reader.cpp:372 (tiff_persistent_reader:arm64+0x100004684)

SUMMARY: ThreadSanitizer: data race rwTIFF_layout.h:44 in TiffStripScratch::~TiffStripScratch()
==================
==================
WARNING: ThreadSanitizer: data race (pid=38781)
  Write of size 8 at 0x000109e004e0 by main thread:
    #0 fImageHandler::releaseHandles() image.h:531 (tiff_persistent_reader:arm64+0x100010f2c)
    #1 fImageHandler::~fImageHandler() image.h:339 (tiff_persistent_reader:arm64+0x1000193c8)
    #2 fImageHandler::~fImageHandler() image.h:338 (tiff_persistent_reader:arm64+0x10001c310)
    #3 TiffMovieReader::Worker::~Worker() tiff_movie_reader.h:108 (tiff_persistent_reader:arm64+0x10001c310)
    #4 TiffMovieReader::Worker::~Worker() tiff_movie_reader.h:108 (tiff_persistent_reader:arm64+0x10001c310)
    #5 std::__1::default_delete<TiffMovieReader::Worker>::operator()[abi:nqe220106](TiffMovieReader::Worker*) const unique_ptr.h:75 (tiff_persistent_reader:arm64+0x10001c310)
    #6 std::__1::unique_ptr<TiffMovieReader::Worker, std::__1::default_delete<TiffMovieReader::Worker>>::reset[abi:nqe220106](TiffMovieReader::Worker*) unique_ptr.h:291 (tiff_persistent_reader:arm64+0x10001c310)
    #7 std::__1::unique_ptr<TiffMovieReader::Worker, std::__1::default_delete<TiffMovieReader::Worker>>::~unique_ptr[abi:nqe220106]() unique_ptr.h:257 (tiff_persistent_reader:arm64+0x10001c310)
    #8 std::__1::unique_ptr<TiffMovieReader::Worker, std::__1::default_delete<TiffMovieReader::Worker>>::~unique_ptr[abi:nqe220106]() unique_ptr.h:257 (tiff_persistent_reader:arm64+0x10001c310)
    #9 std::__1::allocator<std::__1::unique_ptr<TiffMovieReader::Worker, std::__1::default_delete<TiffMovieReader::Worker>>>::destroy[abi:nqe220106](std::__1::unique_ptr<TiffMovieReader::Worker, std::__1::default_delete<TiffMovieReader::Worker>>*) allocator.h:144 (tiff_persistent_reader:arm64+0x10001c310)
    #10 void std::__1::allocator_traits<std::__1::allocator<std::__1::unique_ptr<TiffMovieReader::Worker, std::__1::default_delete<TiffMovieReader::Worker>>>>::destroy[abi:nqe220106]<std::__1::unique_ptr<TiffMovieReader::Worker, std::__1::default_delete<TiffMovieReader::Worker>>, 0>(std::__1::allocator<std::__1::unique_ptr<TiffMovieReader::Worker, std::__1::default_delete<TiffMovieReader::Worker>>>&, std::__1::unique_ptr<TiffMovieReader::Worker, std::__1::default_delete<TiffMovieReader::Worker>>*) allocator_traits.h:308 (tiff_persistent_reader:arm64+0x10001c310)
    #11 std::__1::vector<std::__1::unique_ptr<TiffMovieReader::Worker, std::__1::default_delete<TiffMovieReader::Worker>>, std::__1::allocator<std::__1::unique_ptr<TiffMovieReader::Worker, std::__1::default_delete<TiffMovieReader::Worker>>>>::__base_destruct_at_end[abi:nqe220106](std::__1::unique_ptr<TiffMovieReader::Worker, std::__1::default_delete<TiffMovieReader::Worker>>*) vector.h:778 (tiff_persistent_reader:arm64+0x10001c310)
    #12 std::__1::vector<std::__1::unique_ptr<TiffMovieReader::Worker, std::__1::default_delete<TiffMovieReader::Worker>>, std::__1::allocator<std::__1::unique_ptr<TiffMovieReader::Worker, std::__1::default_delete<TiffMovieReader::Worker>>>>::clear[abi:nqe220106]() vector.h:566 (tiff_persistent_reader:arm64+0x10001c310)
    #13 std::__1::vector<std::__1::unique_ptr<TiffMovieReader::Worker, std::__1::default_delete<TiffMovieReader::Worker>>, std::__1::allocator<std::__1::unique_ptr<TiffMovieReader::Worker, std::__1::default_delete<TiffMovieReader::Worker>>>>::__destroy_vector::operator()[abi:nqe220106]() vector.h:251 (tiff_persistent_reader:arm64+0x10001c310)
    #14 std::__1::vector<std::__1::unique_ptr<TiffMovieReader::Worker, std::__1::default_delete<TiffMovieReader::Worker>>, std::__1::allocator<std::__1::unique_ptr<TiffMovieReader::Worker, std::__1::default_delete<TiffMovieReader::Worker>>>>::~vector[abi:nqe220106]() vector.h:262 (tiff_persistent_reader:arm64+0x10000a220)
    #15 std::__1::vector<std::__1::unique_ptr<TiffMovieReader::Worker, std::__1::default_delete<TiffMovieReader::Worker>>, std::__1::allocator<std::__1::unique_ptr<TiffMovieReader::Worker, std::__1::default_delete<TiffMovieReader::Worker>>>>::~vector[abi:nqe220106]() vector.h:262 (tiff_persistent_reader:arm64+0x10000a220)
    #16 TiffMovieReader::~TiffMovieReader() tiff_movie_reader.h:70 (tiff_persistent_reader:arm64+0x10000a220)
    #17 TiffMovieReader::~TiffMovieReader() tiff_movie_reader.h:70 (tiff_persistent_reader:arm64+0x10000a220)
    #18 (anonymous namespace)::runCase(std::__1::basic_string<char, std::__1::char_traits<char>, std::__1::allocator<char>> const&, std::__1::basic_string<char, std::__1::char_traits<char>, std::__1::allocator<char>> const&, std::__1::vector<int, std::__1::allocator<int>> const&, std::__1::vector<int, std::__1::allocator<int>> const&) test_tiff_persistent_reader.cpp:239 (tiff_persistent_reader:arm64+0x10000a220)
    #19 main test_tiff_persistent_reader.cpp:372 (tiff_persistent_reader:arm64+0x100004684)

  Previous read of size 8 at 0x000109e004e0 by thread T6:
    #0 TiffMovieReader::readFrames(std::__1::vector<int, std::__1::allocator<int>> const&, std::__1::vector<Image<float>, std::__1::allocator<Image<float>>>&) (.omp_outlined_debug__) tiff_movie_reader.cpp:95 (tiff_persistent_reader:arm64+0x1000c43bc)
    #1 TiffMovieReader::readFrames(std::__1::vector<int, std::__1::allocator<int>> const&, std::__1::vector<Image<float>, std::__1::allocator<Image<float>>>&) (.omp_outlined) tiff_movie_reader.cpp:72 (tiff_persistent_reader:arm64+0x1000c43bc)
    #2 __kmp_invoke_microtask <null> (libomp.dylib:arm64+0x6b138)

  Location is heap block of size 112 at 0x000109e004d0 allocated by main thread:
    #0 operator new(unsigned long) <null> (libclang_rt.tsan_osx_dynamic.dylib:arm64e+0x91ad0)
    #1 TiffMovieReader::TiffMovieReader(FileName const&, int) tiff_movie_reader.cpp:40 (tiff_persistent_reader:arm64+0x1000c38b8)
    #2 TiffMovieReader::TiffMovieReader(FileName const&, int) tiff_movie_reader.cpp:30 (tiff_persistent_reader:arm64+0x1000c3e60)
    #3 (anonymous namespace)::runCase(std::__1::basic_string<char, std::__1::char_traits<char>, std::__1::allocator<char>> const&, std::__1::basic_string<char, std::__1::char_traits<char>, std::__1::allocator<char>> const&, std::__1::vector<int, std::__1::allocator<int>> const&, std::__1::vector<int, std::__1::allocator<int>> const&) test_tiff_persistent_reader.cpp:228 (tiff_persistent_reader:arm64+0x100009d18)
    #4 main test_tiff_persistent_reader.cpp:372 (tiff_persistent_reader:arm64+0x100004684)

  Thread T6 (tid=18123543, running) created by main thread at:
    #0 pthread_create <null> (libclang_rt.tsan_osx_dynamic.dylib:arm64e+0x33bac)
    #1 __kmp_create_worker <null> (libomp.dylib:arm64+0x50efc)
    #2 (anonymous namespace)::runCase(std::__1::basic_string<char, std::__1::char_traits<char>, std::__1::allocator<char>> const&, std::__1::basic_string<char, std::__1::char_traits<char>, std::__1::allocator<char>> const&, std::__1::vector<int, std::__1::allocator<int>> const&, std::__1::vector<int, std::__1::allocator<int>> const&) test_tiff_persistent_reader.cpp:229 (tiff_persistent_reader:arm64+0x100009d4c)
    #3 main test_tiff_persistent_reader.cpp:372 (tiff_persistent_reader:arm64+0x100004684)

SUMMARY: ThreadSanitizer: data race image.h:531 in fImageHandler::releaseHandles()
==================
==================
WARNING: ThreadSanitizer: data race (pid=38781)
  Read of size 1 at 0x00010960d7b7 by main thread:
    #0 std::__1::basic_string<char, std::__1::char_traits<char>, std::__1::allocator<char>>::__is_long[abi:nqe220106]() const string:2153 (tiff_persistent_reader:arm64+0x100010744)
    #1 std::__1::basic_string<char, std::__1::char_traits<char>, std::__1::allocator<char>>::__reset_internal_buffer[abi:nqe220106](std::__1::basic_string<char, std::__1::char_traits<char>, std::__1::allocator<char>>::__rep) string:2302 (tiff_persistent_reader:arm64+0x100010744)
    #2 std::__1::basic_string<char, std::__1::char_traits<char>, std::__1::allocator<char>>::~basic_string() string:1221 (tiff_persistent_reader:arm64+0x100010744)
    #3 std::__1::basic_string<char, std::__1::char_traits<char>, std::__1::allocator<char>>::~basic_string() string:1221 (tiff_persistent_reader:arm64+0x100010744)
    #4 TiffErrorContext::~TiffErrorContext() image.h:85 (tiff_persistent_reader:arm64+0x100010744)
    #5 TiffErrorContext::~TiffErrorContext() image.h:85 (tiff_persistent_reader:arm64+0x100010744)
    #6 std::__1::allocator<TiffErrorContext>::destroy[abi:nqe220106](TiffErrorContext*) allocator.h:144 (tiff_persistent_reader:arm64+0x100010744)
    #7 void std::__1::allocator_traits<std::__1::allocator<TiffErrorContext>>::destroy[abi:nqe220106]<TiffErrorContext, 0>(std::__1::allocator<TiffErrorContext>&, TiffErrorContext*) allocator_traits.h:308 (tiff_persistent_reader:arm64+0x100010744)
    #8 void std::__1::__shared_ptr_emplace<TiffErrorContext, std::__1::allocator<TiffErrorContext>>::__on_zero_shared_impl[abi:nqe220106]<std::__1::allocator<TiffErrorContext>, 0>() shared_ptr.h:180 (tiff_persistent_reader:arm64+0x100010744)
    #9 std::__1::__shared_ptr_emplace<TiffErrorContext, std::__1::allocator<TiffErrorContext>>::__on_zero_shared() shared_ptr.h:183 (tiff_persistent_reader:arm64+0x100010744)
    #10 std::__1::__shared_count::__release_shared[abi:nqe220106]() shared_count.h:65 (tiff_persistent_reader:arm64+0x100019404)
    #11 std::__1::__shared_weak_count::__release_shared[abi:nqe220106]() shared_count.h:100 (tiff_persistent_reader:arm64+0x100019404)
    #12 std::__1::shared_ptr<TiffErrorContext>::~shared_ptr[abi:nqe220106]() shared_ptr.h:503 (tiff_persistent_reader:arm64+0x100019404)
    #13 std::__1::shared_ptr<TiffErrorContext>::~shared_ptr[abi:nqe220106]() shared_ptr.h:501 (tiff_persistent_reader:arm64+0x100019404)
    #14 fImageHandler::~fImageHandler() image.h:340 (tiff_persistent_reader:arm64+0x100019404)
    #15 fImageHandler::~fImageHandler() image.h:338 (tiff_persistent_reader:arm64+0x10001c310)
    #16 TiffMovieReader::Worker::~Worker() tiff_movie_reader.h:108 (tiff_persistent_reader:arm64+0x10001c310)
    #17 TiffMovieReader::Worker::~Worker() tiff_movie_reader.h:108 (tiff_persistent_reader:arm64+0x10001c310)
    #18 std::__1::default_delete<TiffMovieReader::Worker>::operator()[abi:nqe220106](TiffMovieReader::Worker*) const unique_ptr.h:75 (tiff_persistent_reader:arm64+0x10001c310)
    #19 std::__1::unique_ptr<TiffMovieReader::Worker, std::__1::default_delete<TiffMovieReader::Worker>>::reset[abi:nqe220106](TiffMovieReader::Worker*) unique_ptr.h:291 (tiff_persistent_reader:arm64+0x10001c310)
    #20 std::__1::unique_ptr<TiffMovieReader::Worker, std::__1::default_delete<TiffMovieReader::Worker>>::~unique_ptr[abi:nqe220106]() unique_ptr.h:257 (tiff_persistent_reader:arm64+0x10001c310)
    #21 std::__1::unique_ptr<TiffMovieReader::Worker, std::__1::default_delete<TiffMovieReader::Worker>>::~unique_ptr[abi:nqe220106]() unique_ptr.h:257 (tiff_persistent_reader:arm64+0x10001c310)
    #22 std::__1::allocator<std::__1::unique_ptr<TiffMovieReader::Worker, std::__1::default_delete<TiffMovieReader::Worker>>>::destroy[abi:nqe220106](std::__1::unique_ptr<TiffMovieReader::Worker, std::__1::default_delete<TiffMovieReader::Worker>>*) allocator.h:144 (tiff_persistent_reader:arm64+0x10001c310)
    #23 void std::__1::allocator_traits<std::__1::allocator<std::__1::unique_ptr<TiffMovieReader::Worker, std::__1::default_delete<TiffMovieReader::Worker>>>>::destroy[abi:nqe220106]<std::__1::unique_ptr<TiffMovieReader::Worker, std::__1::default_delete<TiffMovieReader::Worker>>, 0>(std::__1::allocator<std::__1::unique_ptr<TiffMovieReader::Worker, std::__1::default_delete<TiffMovieReader::Worker>>>&, std::__1::unique_ptr<TiffMovieReader::Worker, std::__1::default_delete<TiffMovieReader::Worker>>*) allocator_traits.h:308 (tiff_persistent_reader:arm64+0x10001c310)
    #24 std::__1::vector<std::__1::unique_ptr<TiffMovieReader::Worker, std::__1::default_delete<TiffMovieReader::Worker>>, std::__1::allocator<std::__1::unique_ptr<TiffMovieReader::Worker, std::__1::default_delete<TiffMovieReader::Worker>>>>::__base_destruct_at_end[abi:nqe220106](std::__1::unique_ptr<TiffMovieReader::Worker, std::__1::default_delete<TiffMovieReader::Worker>>*) vector.h:778 (tiff_persistent_reader:arm64+0x10001c310)
    #25 std::__1::vector<std::__1::unique_ptr<TiffMovieReader::Worker, std::__1::default_delete<TiffMovieReader::Worker>>, std::__1::allocator<std::__1::unique_ptr<TiffMovieReader::Worker, std::__1::default_delete<TiffMovieReader::Worker>>>>::clear[abi:nqe220106]() vector.h:566 (tiff_persistent_reader:arm64+0x10001c310)
    #26 std::__1::vector<std::__1::unique_ptr<TiffMovieReader::Worker, std::__1::default_delete<TiffMovieReader::Worker>>, std::__1::allocator<std::__1::unique_ptr<TiffMovieReader::Worker, std::__1::default_delete<TiffMovieReader::Worker>>>>::__destroy_vector::operator()[abi:nqe220106]() vector.h:251 (tiff_persistent_reader:arm64+0x10001c310)
    #27 std::__1::vector<std::__1::unique_ptr<TiffMovieReader::Worker, std::__1::default_delete<TiffMovieReader::Worker>>, std::__1::allocator<std::__1::unique_ptr<TiffMovieReader::Worker, std::__1::default_delete<TiffMovieReader::Worker>>>>::~vector[abi:nqe220106]() vector.h:262 (tiff_persistent_reader:arm64+0x10000a220)
    #28 std::__1::vector<std::__1::unique_ptr<TiffMovieReader::Worker, std::__1::default_delete<TiffMovieReader::Worker>>, std::__1::allocator<std::__1::unique_ptr<TiffMovieReader::Worker, std::__1::default_delete<TiffMovieReader::Worker>>>>::~vector[abi:nqe220106]() vector.h:262 (tiff_persistent_reader:arm64+0x10000a220)
    #29 TiffMovieReader::~TiffMovieReader() tiff_movie_reader.h:70 (tiff_persistent_reader:arm64+0x10000a220)
    #30 TiffMovieReader::~TiffMovieReader() tiff_movie_reader.h:70 (tiff_persistent_reader:arm64+0x10000a220)
    #31 (anonymous namespace)::runCase(std::__1::basic_string<char, std::__1::char_traits<char>, std::__1::allocator<char>> const&, std::__1::basic_string<char, std::__1::char_traits<char>, std::__1::allocator<char>> const&, std::__1::vector<int, std::__1::allocator<int>> const&, std::__1::vector<int, std::__1::allocator<int>> const&) test_tiff_persistent_reader.cpp:239 (tiff_persistent_reader:arm64+0x10000a220)
    #32 main test_tiff_persistent_reader.cpp:372 (tiff_persistent_reader:arm64+0x100004684)

  Previous write of size 1 at 0x00010960d7b7 by thread T6:
    #0 std::__1::basic_string<char, std::__1::char_traits<char>, std::__1::allocator<char>>::__set_short_size[abi:nqe220106](unsigned long) string:2221 (tiff_persistent_reader:arm64+0x1000185d0)
    #1 std::__1::basic_string<char, std::__1::char_traits<char>, std::__1::allocator<char>>::clear[abi:nqe220106]() string:3407 (tiff_persistent_reader:arm64+0x1000185d0)
    #2 TiffErrorContext::clear() image.h:91 (tiff_persistent_reader:arm64+0x1000185d0)
    #3 Image<float>::readTIFFDirectory(tiff*, TiffMovieLayout const&, long, float*, TiffStripScratch&, FileName const&, TiffErrorContext*) rwTIFF.h:101 (tiff_persistent_reader:arm64+0x1000185d0)
    #4 Image<float>::readTIFFFrameFromHandle(tiff*, TiffMovieLayout const&, long, TiffStripScratch&, FileName const&, TiffErrorContext*) rwTIFF.h:216 (tiff_persistent_reader:arm64+0x1000c4614)
    #5 TiffMovieReader::readFrames(std::__1::vector<int, std::__1::allocator<int>> const&, std::__1::vector<Image<float>, std::__1::allocator<Image<float>>>&) (.omp_outlined_debug__) tiff_movie_reader.cpp:95 (tiff_persistent_reader:arm64+0x1000c4404)
    #6 TiffMovieReader::readFrames(std::__1::vector<int, std::__1::allocator<int>> const&, std::__1::vector<Image<float>, std::__1::allocator<Image<float>>>&) (.omp_outlined) tiff_movie_reader.cpp:72 (tiff_persistent_reader:arm64+0x1000c4404)
    #7 __kmp_invoke_microtask <null> (libomp.dylib:arm64+0x6b138)

  Location is heap block of size 56 at 0x00010960d780 allocated by main thread:
    #0 operator new(unsigned long) <null> (libclang_rt.tsan_osx_dynamic.dylib:arm64e+0x91ad0)
    #1 std::__1::__shared_ptr_emplace<TiffErrorContext, std::__1::allocator<TiffErrorContext>>* std::__1::__libcpp_allocate[abi:nqe220106]<std::__1::__shared_ptr_emplace<TiffErrorContext, std::__1::allocator<TiffErrorContext>>>(std::__1::__element_count, unsigned long) allocate.h:60 (tiff_persistent_reader:arm64+0x1000103ac)
    #2 std::__1::allocator<std::__1::__shared_ptr_emplace<TiffErrorContext, std::__1::allocator<TiffErrorContext>>>::allocate[abi:nqe220106](unsigned long) allocator.h:92 (tiff_persistent_reader:arm64+0x1000103ac)
    #3 std::__1::allocator_traits<std::__1::allocator<std::__1::__shared_ptr_emplace<TiffErrorContext, std::__1::allocator<TiffErrorContext>>>>::allocate[abi:nqe220106](std::__1::allocator<std::__1::__shared_ptr_emplace<TiffErrorContext, std::__1::allocator<TiffErrorContext>>>&, unsigned long) allocator_traits.h:259 (tiff_persistent_reader:arm64+0x1000103ac)
    #4 std::__1::__allocation_guard<std::__1::allocator<std::__1::__shared_ptr_emplace<TiffErrorContext, std::__1::allocator<TiffErrorContext>>>>::__allocation_guard[abi:nqe220106]<std::__1::allocator<TiffErrorContext>>(std::__1::allocator<TiffErrorContext>, unsigned long) allocation_guard.h:55 (tiff_persistent_reader:arm64+0x1000103ac)
    #5 std::__1::__allocation_guard<std::__1::allocator<std::__1::__shared_ptr_emplace<TiffErrorContext, std::__1::allocator<TiffErrorContext>>>>::__allocation_guard[abi:nqe220106]<std::__1::allocator<TiffErrorContext>>(std::__1::allocator<TiffErrorContext>, unsigned long) allocation_guard.h:56 (tiff_persistent_reader:arm64+0x1000103ac)
    #6 std::__1::shared_ptr<TiffErrorContext> std::__1::allocate_shared[abi:nqe220106]<TiffErrorContext, std::__1::allocator<TiffErrorContext>, 0>(std::__1::allocator<TiffErrorContext> const&) shared_ptr.h:683 (tiff_persistent_reader:arm64+0x1000103ac)
    #7 std::__1::shared_ptr<TiffErrorContext> std::__1::make_shared[abi:nqe220106]<TiffErrorContext, 0>() shared_ptr.h:692 (tiff_persistent_reader:arm64+0x1000103ac)
    #8 fImageHandler::fImageHandler() image.h:326 (tiff_persistent_reader:arm64+0x1000103ac)
    #9 fImageHandler::fImageHandler() image.h:317 (tiff_persistent_reader:arm64+0x1000c38c0)
    #10 TiffMovieReader::Worker::Worker() tiff_movie_reader.h:108 (tiff_persistent_reader:arm64+0x1000c38c0)
    #11 TiffMovieReader::Worker::Worker() tiff_movie_reader.h:108 (tiff_persistent_reader:arm64+0x1000c38c0)
    #12 TiffMovieReader::TiffMovieReader(FileName const&, int) tiff_movie_reader.cpp:40 (tiff_persistent_reader:arm64+0x1000c38c0)
    #13 TiffMovieReader::TiffMovieReader(FileName const&, int) tiff_movie_reader.cpp:30 (tiff_persistent_reader:arm64+0x1000c3e60)
    #14 (anonymous namespace)::runCase(std::__1::basic_string<char, std::__1::char_traits<char>, std::__1::allocator<char>> const&, std::__1::basic_string<char, std::__1::char_traits<char>, std::__1::allocator<char>> const&, std::__1::vector<int, std::__1::allocator<int>> const&, std::__1::vector<int, std::__1::allocator<int>> const&) test_tiff_persistent_reader.cpp:228 (tiff_persistent_reader:arm64+0x100009d18)
    #15 main test_tiff_persistent_reader.cpp:372 (tiff_persistent_reader:arm64+0x100004684)

  Thread T6 (tid=18123543, running) created by main thread at:
    #0 pthread_create <null> (libclang_rt.tsan_osx_dynamic.dylib:arm64e+0x33bac)
    #1 __kmp_create_worker <null> (libomp.dylib:arm64+0x50efc)
    #2 (anonymous namespace)::runCase(std::__1::basic_string<char, std::__1::char_traits<char>, std::__1::allocator<char>> const&, std::__1::basic_string<char, std::__1::char_traits<char>, std::__1::allocator<char>> const&, std::__1::vector<int, std::__1::allocator<int>> const&, std::__1::vector<int, std::__1::allocator<int>> const&) test_tiff_persistent_reader.cpp:229 (tiff_persistent_reader:arm64+0x100009d4c)
    #3 main test_tiff_persistent_reader.cpp:372 (tiff_persistent_reader:arm64+0x100004684)

SUMMARY: ThreadSanitizer: data race string:2153 in std::__1::basic_string<char, std::__1::char_traits<char>, std::__1::allocator<char>>::__is_long[abi:nqe220106]() const
==================
==================
WARNING: ThreadSanitizer: data race (pid=38781)
  Read of size 1 at 0x00010ac01b61 by main thread:
    #0 Image<float>::clear() image.h:663 (tiff_persistent_reader:arm64+0x10001b1f4)
    #1 Image<float>::~Image() image.h:693 (tiff_persistent_reader:arm64+0x10000d6c4)
    #2 Image<float>::~Image() image.h:692 (tiff_persistent_reader:arm64+0x10000d6c4)
    #3 std::__1::allocator<Image<float>>::destroy[abi:nqe220106](Image<float>*) allocator.h:144 (tiff_persistent_reader:arm64+0x10000d6c4)
    #4 void std::__1::allocator_traits<std::__1::allocator<Image<float>>>::destroy[abi:nqe220106]<Image<float>, 0>(std::__1::allocator<Image<float>>&, Image<float>*) allocator_traits.h:308 (tiff_persistent_reader:arm64+0x10000d6c4)
    #5 std::__1::vector<Image<float>, std::__1::allocator<Image<float>>>::__base_destruct_at_end[abi:nqe220106](Image<float>*) vector.h:778 (tiff_persistent_reader:arm64+0x10000d6c4)
    #6 std::__1::vector<Image<float>, std::__1::allocator<Image<float>>>::clear[abi:nqe220106]() vector.h:566 (tiff_persistent_reader:arm64+0x10000d6c4)
    #7 std::__1::vector<Image<float>, std::__1::allocator<Image<float>>>::__destroy_vector::operator()[abi:nqe220106]() vector.h:251 (tiff_persistent_reader:arm64+0x10000d6c4)
    #8 std::__1::vector<Image<float>, std::__1::allocator<Image<float>>>::~vector[abi:nqe220106]() vector.h:262 (tiff_persistent_reader:arm64+0x10000a25c)
    #9 std::__1::vector<Image<float>, std::__1::allocator<Image<float>>>::~vector[abi:nqe220106]() vector.h:262 (tiff_persistent_reader:arm64+0x10000a25c)
    #10 (anonymous namespace)::runCase(std::__1::basic_string<char, std::__1::char_traits<char>, std::__1::allocator<char>> const&, std::__1::basic_string<char, std::__1::char_traits<char>, std::__1::allocator<char>> const&, std::__1::vector<int, std::__1::allocator<int>> const&, std::__1::vector<int, std::__1::allocator<int>> const&) test_tiff_persistent_reader.cpp:239 (tiff_persistent_reader:arm64+0x10000a25c)
    #11 main test_tiff_persistent_reader.cpp:372 (tiff_persistent_reader:arm64+0x100004684)

  Previous write of size 1 at 0x00010ac01b61 by thread T6:
    #0 Image<float>::readTIFFFrameFromHandle(tiff*, TiffMovieLayout const&, long, TiffStripScratch&, FileName const&, TiffErrorContext*) rwTIFF.h:204 (tiff_persistent_reader:arm64+0x1000c4538)
    #1 TiffMovieReader::readFrames(std::__1::vector<int, std::__1::allocator<int>> const&, std::__1::vector<Image<float>, std::__1::allocator<Image<float>>>&) (.omp_outlined_debug__) tiff_movie_reader.cpp:95 (tiff_persistent_reader:arm64+0x1000c4404)
    #2 TiffMovieReader::readFrames(std::__1::vector<int, std::__1::allocator<int>> const&, std::__1::vector<Image<float>, std::__1::allocator<Image<float>>>&) (.omp_outlined) tiff_movie_reader.cpp:72 (tiff_persistent_reader:arm64+0x1000c4404)
    #3 __kmp_invoke_microtask <null> (libomp.dylib:arm64+0x6b138)

  Location is heap block of size 3904 at 0x00010ac01000 allocated by main thread:
    #0 operator new(unsigned long) <null> (libclang_rt.tsan_osx_dynamic.dylib:arm64e+0x91ad0)
    #1 Image<float>* std::__1::__libcpp_allocate[abi:nqe220106]<Image<float>>(std::__1::__element_count, unsigned long) allocate.h:60 (tiff_persistent_reader:arm64+0x100009c6c)
    #2 std::__1::allocator<Image<float>>::allocate[abi:nqe220106](unsigned long) allocator.h:92 (tiff_persistent_reader:arm64+0x100009c6c)
    #3 std::__1::__allocation_result<std::__1::allocator_traits<std::__1::allocator<Image<float>>>::pointer, std::__1::allocator_traits<std::__1::allocator<Image<float>>>::size_type> std::__1::__allocate_at_least[abi:nqe220106]<std::__1::allocator<Image<float>>, std::__1::allocator_traits<std::__1::allocator<Image<float>>>>(std::__1::allocator<Image<float>>&, unsigned long) allocate_at_least.h:46 (tiff_persistent_reader:arm64+0x100009c6c)
    #4 std::__1::vector<Image<float>, std::__1::allocator<Image<float>>>::__vallocate[abi:nqe220106](unsigned long) vector.h:597 (tiff_persistent_reader:arm64+0x100009c6c)
    #5 std::__1::vector<Image<float>, std::__1::allocator<Image<float>>>::vector[abi:nqe220106](unsigned long) vector.h:150 (tiff_persistent_reader:arm64+0x100009c6c)
    #6 std::__1::vector<Image<float>, std::__1::allocator<Image<float>>>::vector[abi:nqe220106](unsigned long) vector.h:147 (tiff_persistent_reader:arm64+0x100009c6c)
    #7 (anonymous namespace)::runCase(std::__1::basic_string<char, std::__1::char_traits<char>, std::__1::allocator<char>> const&, std::__1::basic_string<char, std::__1::char_traits<char>, std::__1::allocator<char>> const&, std::__1::vector<int, std::__1::allocator<int>> const&, std::__1::vector<int, std::__1::allocator<int>> const&) test_tiff_persistent_reader.cpp:227 (tiff_persistent_reader:arm64+0x100009c6c)
    #8 main test_tiff_persistent_reader.cpp:372 (tiff_persistent_reader:arm64+0x100004684)

  Thread T6 (tid=18123543, running) created by main thread at:
    #0 pthread_create <null> (libclang_rt.tsan_osx_dynamic.dylib:arm64e+0x33bac)
    #1 __kmp_create_worker <null> (libomp.dylib:arm64+0x50efc)
    #2 (anonymous namespace)::runCase(std::__1::basic_string<char, std::__1::char_traits<char>, std::__1::allocator<char>> const&, std::__1::basic_string<char, std::__1::char_traits<char>, std::__1::allocator<char>> const&, std::__1::vector<int, std::__1::allocator<int>> const&, std::__1::vector<int, std::__1::allocator<int>> const&) test_tiff_persistent_reader.cpp:229 (tiff_persistent_reader:arm64+0x100009d4c)
    #3 main test_tiff_persistent_reader.cpp:372 (tiff_persistent_reader:arm64+0x100004684)

SUMMARY: ThreadSanitizer: data race image.h:663 in Image<float>::clear()
==================
==================
WARNING: ThreadSanitizer: data race (pid=38781)
  Write of size 8 at 0x00010ac01a10 by main thread:
    #0 MultidimArray<float>::coreInit() multidim_array.h:638 (tiff_persistent_reader:arm64+0x10001ad40)
    #1 MultidimArray<float>::clear() multidim_array.h:615 (tiff_persistent_reader:arm64+0x10001ad40)
    #2 Image<float>::clear() image.h:670 (tiff_persistent_reader:arm64+0x10001b258)
    #3 Image<float>::~Image() image.h:693 (tiff_persistent_reader:arm64+0x10000d6c4)
    #4 Image<float>::~Image() image.h:692 (tiff_persistent_reader:arm64+0x10000d6c4)
    #5 std::__1::allocator<Image<float>>::destroy[abi:nqe220106](Image<float>*) allocator.h:144 (tiff_persistent_reader:arm64+0x10000d6c4)
    #6 void std::__1::allocator_traits<std::__1::allocator<Image<float>>>::destroy[abi:nqe220106]<Image<float>, 0>(std::__1::allocator<Image<float>>&, Image<float>*) allocator_traits.h:308 (tiff_persistent_reader:arm64+0x10000d6c4)
    #7 std::__1::vector<Image<float>, std::__1::allocator<Image<float>>>::__base_destruct_at_end[abi:nqe220106](Image<float>*) vector.h:778 (tiff_persistent_reader:arm64+0x10000d6c4)
    #8 std::__1::vector<Image<float>, std::__1::allocator<Image<float>>>::clear[abi:nqe220106]() vector.h:566 (tiff_persistent_reader:arm64+0x10000d6c4)
    #9 std::__1::vector<Image<float>, std::__1::allocator<Image<float>>>::__destroy_vector::operator()[abi:nqe220106]() vector.h:251 (tiff_persistent_reader:arm64+0x10000d6c4)
    #10 std::__1::vector<Image<float>, std::__1::allocator<Image<float>>>::~vector[abi:nqe220106]() vector.h:262 (tiff_persistent_reader:arm64+0x10000a25c)
    #11 std::__1::vector<Image<float>, std::__1::allocator<Image<float>>>::~vector[abi:nqe220106]() vector.h:262 (tiff_persistent_reader:arm64+0x10000a25c)
    #12 (anonymous namespace)::runCase(std::__1::basic_string<char, std::__1::char_traits<char>, std::__1::allocator<char>> const&, std::__1::basic_string<char, std::__1::char_traits<char>, std::__1::allocator<char>> const&, std::__1::vector<int, std::__1::allocator<int>> const&, std::__1::vector<int, std::__1::allocator<int>> const&) test_tiff_persistent_reader.cpp:239 (tiff_persistent_reader:arm64+0x10000a25c)
    #13 main test_tiff_persistent_reader.cpp:372 (tiff_persistent_reader:arm64+0x100004684)

  Previous write of size 8 at 0x00010ac01a10 by thread T6:
    #0 MultidimArray<float>::coreDeallocate() multidim_array.h:775 (tiff_persistent_reader:arm64+0x1000146bc)
    #1 MultidimArray<float>::coreAllocateReuse() multidim_array.h:718 (tiff_persistent_reader:arm64+0x1000146bc)
    #2 Image<float>::applyTiffLayout(TiffMovieLayout const&, long, bool, bool, FileName const&) rwTIFF.h:84 (tiff_persistent_reader:arm64+0x1000180e4)
    #3 Image<float>::readTIFFFrameFromHandle(tiff*, TiffMovieLayout const&, long, TiffStripScratch&, FileName const&, TiffErrorContext*) rwTIFF.h:215 (tiff_persistent_reader:arm64+0x1000c45e8)
    #4 TiffMovieReader::readFrames(std::__1::vector<int, std::__1::allocator<int>> const&, std::__1::vector<Image<float>, std::__1::allocator<Image<float>>>&) (.omp_outlined_debug__) tiff_movie_reader.cpp:95 (tiff_persistent_reader:arm64+0x1000c4404)
    #5 TiffMovieReader::readFrames(std::__1::vector<int, std::__1::allocator<int>> const&, std::__1::vector<Image<float>, std::__1::allocator<Image<float>>>&) (.omp_outlined) tiff_movie_reader.cpp:72 (tiff_persistent_reader:arm64+0x1000c4404)
    #6 __kmp_invoke_microtask <null> (libomp.dylib:arm64+0x6b138)

  Location is heap block of size 3904 at 0x00010ac01000 allocated by main thread:
    #0 operator new(unsigned long) <null> (libclang_rt.tsan_osx_dynamic.dylib:arm64e+0x91ad0)
    #1 Image<float>* std::__1::__libcpp_allocate[abi:nqe220106]<Image<float>>(std::__1::__element_count, unsigned long) allocate.h:60 (tiff_persistent_reader:arm64+0x100009c6c)
    #2 std::__1::allocator<Image<float>>::allocate[abi:nqe220106](unsigned long) allocator.h:92 (tiff_persistent_reader:arm64+0x100009c6c)
    #3 std::__1::__allocation_result<std::__1::allocator_traits<std::__1::allocator<Image<float>>>::pointer, std::__1::allocator_traits<std::__1::allocator<Image<float>>>::size_type> std::__1::__allocate_at_least[abi:nqe220106]<std::__1::allocator<Image<float>>, std::__1::allocator_traits<std::__1::allocator<Image<float>>>>(std::__1::allocator<Image<float>>&, unsigned long) allocate_at_least.h:46 (tiff_persistent_reader:arm64+0x100009c6c)
    #4 std::__1::vector<Image<float>, std::__1::allocator<Image<float>>>::__vallocate[abi:nqe220106](unsigned long) vector.h:597 (tiff_persistent_reader:arm64+0x100009c6c)
    #5 std::__1::vector<Image<float>, std::__1::allocator<Image<float>>>::vector[abi:nqe220106](unsigned long) vector.h:150 (tiff_persistent_reader:arm64+0x100009c6c)
    #6 std::__1::vector<Image<float>, std::__1::allocator<Image<float>>>::vector[abi:nqe220106](unsigned long) vector.h:147 (tiff_persistent_reader:arm64+0x100009c6c)
    #7 (anonymous namespace)::runCase(std::__1::basic_string<char, std::__1::char_traits<char>, std::__1::allocator<char>> const&, std::__1::basic_string<char, std::__1::char_traits<char>, std::__1::allocator<char>> const&, std::__1::vector<int, std::__1::allocator<int>> const&, std::__1::vector<int, std::__1::allocator<int>> const&) test_tiff_persistent_reader.cpp:227 (tiff_persistent_reader:arm64+0x100009c6c)
    #8 main test_tiff_persistent_reader.cpp:372 (tiff_persistent_reader:arm64+0x100004684)

  Thread T6 (tid=18123543, running) created by main thread at:
    #0 pthread_create <null> (libclang_rt.tsan_osx_dynamic.dylib:arm64e+0x33bac)
    #1 __kmp_create_worker <null> (libomp.dylib:arm64+0x50efc)
    #2 (anonymous namespace)::runCase(std::__1::basic_string<char, std::__1::char_traits<char>, std::__1::allocator<char>> const&, std::__1::basic_string<char, std::__1::char_traits<char>, std::__1::allocator<char>> const&, std::__1::vector<int, std::__1::allocator<int>> const&, std::__1::vector<int, std::__1::allocator<int>> const&) test_tiff_persistent_reader.cpp:229 (tiff_persistent_reader:arm64+0x100009d4c)
    #3 main test_tiff_persistent_reader.cpp:372 (tiff_persistent_reader:arm64+0x100004684)

SUMMARY: ThreadSanitizer: data race multidim_array.h:638 in MultidimArray<float>::coreInit()
==================
==================
WARNING: ThreadSanitizer: data race (pid=38781)
  Write of size 1 at 0x00010ac019e8 by main thread:
    #0 MultidimArray<float>::coreInit() multidim_array.h:640 (tiff_persistent_reader:arm64+0x10001ad68)
    #1 MultidimArray<float>::clear() multidim_array.h:615 (tiff_persistent_reader:arm64+0x10001ad68)
    #2 Image<float>::clear() image.h:670 (tiff_persistent_reader:arm64+0x10001b258)
    #3 Image<float>::~Image() image.h:693 (tiff_persistent_reader:arm64+0x10000d6c4)
    #4 Image<float>::~Image() image.h:692 (tiff_persistent_reader:arm64+0x10000d6c4)
    #5 std::__1::allocator<Image<float>>::destroy[abi:nqe220106](Image<float>*) allocator.h:144 (tiff_persistent_reader:arm64+0x10000d6c4)
    #6 void std::__1::allocator_traits<std::__1::allocator<Image<float>>>::destroy[abi:nqe220106]<Image<float>, 0>(std::__1::allocator<Image<float>>&, Image<float>*) allocator_traits.h:308 (tiff_persistent_reader:arm64+0x10000d6c4)
    #7 std::__1::vector<Image<float>, std::__1::allocator<Image<float>>>::__base_destruct_at_end[abi:nqe220106](Image<float>*) vector.h:778 (tiff_persistent_reader:arm64+0x10000d6c4)
    #8 std::__1::vector<Image<float>, std::__1::allocator<Image<float>>>::clear[abi:nqe220106]() vector.h:566 (tiff_persistent_reader:arm64+0x10000d6c4)
    #9 std::__1::vector<Image<float>, std::__1::allocator<Image<float>>>::__destroy_vector::operator()[abi:nqe220106]() vector.h:251 (tiff_persistent_reader:arm64+0x10000d6c4)
    #10 std::__1::vector<Image<float>, std::__1::allocator<Image<float>>>::~vector[abi:nqe220106]() vector.h:262 (tiff_persistent_reader:arm64+0x10000a25c)
    #11 std::__1::vector<Image<float>, std::__1::allocator<Image<float>>>::~vector[abi:nqe220106]() vector.h:262 (tiff_persistent_reader:arm64+0x10000a25c)
    #12 (anonymous namespace)::runCase(std::__1::basic_string<char, std::__1::char_traits<char>, std::__1::allocator<char>> const&, std::__1::basic_string<char, std::__1::char_traits<char>, std::__1::allocator<char>> const&, std::__1::vector<int, std::__1::allocator<int>> const&, std::__1::vector<int, std::__1::allocator<int>> const&) test_tiff_persistent_reader.cpp:239 (tiff_persistent_reader:arm64+0x10000a25c)
    #13 main test_tiff_persistent_reader.cpp:372 (tiff_persistent_reader:arm64+0x100004684)

  Previous read of size 1 at 0x00010ac019e8 by thread T6:
    #0 MultidimArray<float>::coreAllocateReuse() multidim_array.h:723 (tiff_persistent_reader:arm64+0x1000146d8)
    #1 Image<float>::applyTiffLayout(TiffMovieLayout const&, long, bool, bool, FileName const&) rwTIFF.h:84 (tiff_persistent_reader:arm64+0x1000180e4)
    #2 Image<float>::readTIFFFrameFromHandle(tiff*, TiffMovieLayout const&, long, TiffStripScratch&, FileName const&, TiffErrorContext*) rwTIFF.h:215 (tiff_persistent_reader:arm64+0x1000c45e8)
    #3 TiffMovieReader::readFrames(std::__1::vector<int, std::__1::allocator<int>> const&, std::__1::vector<Image<float>, std::__1::allocator<Image<float>>>&) (.omp_outlined_debug__) tiff_movie_reader.cpp:95 (tiff_persistent_reader:arm64+0x1000c4404)
    #4 TiffMovieReader::readFrames(std::__1::vector<int, std::__1::allocator<int>> const&, std::__1::vector<Image<float>, std::__1::allocator<Image<float>>>&) (.omp_outlined) tiff_movie_reader.cpp:72 (tiff_persistent_reader:arm64+0x1000c4404)
    #5 __kmp_invoke_microtask <null> (libomp.dylib:arm64+0x6b138)

  Location is heap block of size 3904 at 0x00010ac01000 allocated by main thread:
    #0 operator new(unsigned long) <null> (libclang_rt.tsan_osx_dynamic.dylib:arm64e+0x91ad0)
    #1 Image<float>* std::__1::__libcpp_allocate[abi:nqe220106]<Image<float>>(std::__1::__element_count, unsigned long) allocate.h:60 (tiff_persistent_reader:arm64+0x100009c6c)
    #2 std::__1::allocator<Image<float>>::allocate[abi:nqe220106](unsigned long) allocator.h:92 (tiff_persistent_reader:arm64+0x100009c6c)
    #3 std::__1::__allocation_result<std::__1::allocator_traits<std::__1::allocator<Image<float>>>::pointer, std::__1::allocator_traits<std::__1::allocator<Image<float>>>::size_type> std::__1::__allocate_at_least[abi:nqe220106]<std::__1::allocator<Image<float>>, std::__1::allocator_traits<std::__1::allocator<Image<float>>>>(std::__1::allocator<Image<float>>&, unsigned long) allocate_at_least.h:46 (tiff_persistent_reader:arm64+0x100009c6c)
    #4 std::__1::vector<Image<float>, std::__1::allocator<Image<float>>>::__vallocate[abi:nqe220106](unsigned long) vector.h:597 (tiff_persistent_reader:arm64+0x100009c6c)
    #5 std::__1::vector<Image<float>, std::__1::allocator<Image<float>>>::vector[abi:nqe220106](unsigned long) vector.h:150 (tiff_persistent_reader:arm64+0x100009c6c)
    #6 std::__1::vector<Image<float>, std::__1::allocator<Image<float>>>::vector[abi:nqe220106](unsigned long) vector.h:147 (tiff_persistent_reader:arm64+0x100009c6c)
    #7 (anonymous namespace)::runCase(std::__1::basic_string<char, std::__1::char_traits<char>, std::__1::allocator<char>> const&, std::__1::basic_string<char, std::__1::char_traits<char>, std::__1::allocator<char>> const&, std::__1::vector<int, std::__1::allocator<int>> const&, std::__1::vector<int, std::__1::allocator<int>> const&) test_tiff_persistent_reader.cpp:227 (tiff_persistent_reader:arm64+0x100009c6c)
    #8 main test_tiff_persistent_reader.cpp:372 (tiff_persistent_reader:arm64+0x100004684)

  Thread T6 (tid=18123543, running) created by main thread at:
    #0 pthread_create <null> (libclang_rt.tsan_osx_dynamic.dylib:arm64e+0x33bac)
    #1 __kmp_create_worker <null> (libomp.dylib:arm64+0x50efc)
    #2 (anonymous namespace)::runCase(std::__1::basic_string<char, std::__1::char_traits<char>, std::__1::allocator<char>> const&, std::__1::basic_string<char, std::__1::char_traits<char>, std::__1::allocator<char>> const&, std::__1::vector<int, std::__1::allocator<int>> const&, std::__1::vector<int, std::__1::allocator<int>> const&) test_tiff_persistent_reader.cpp:229 (tiff_persistent_reader:arm64+0x100009d4c)
    #3 main test_tiff_persistent_reader.cpp:372 (tiff_persistent_reader:arm64+0x100004684)

SUMMARY: ThreadSanitizer: data race multidim_array.h:640 in MultidimArray<float>::coreInit()
==================
==================
WARNING: ThreadSanitizer: data race (pid=38781)
  Write of size 4 at 0x00010ac01b3c by main thread:
    #0 Image<float>::clear() image.h:672 (tiff_persistent_reader:arm64+0x10001b260)
    #1 Image<float>::~Image() image.h:693 (tiff_persistent_reader:arm64+0x10000d6c4)
    #2 Image<float>::~Image() image.h:692 (tiff_persistent_reader:arm64+0x10000d6c4)
    #3 std::__1::allocator<Image<float>>::destroy[abi:nqe220106](Image<float>*) allocator.h:144 (tiff_persistent_reader:arm64+0x10000d6c4)
    #4 void std::__1::allocator_traits<std::__1::allocator<Image<float>>>::destroy[abi:nqe220106]<Image<float>, 0>(std::__1::allocator<Image<float>>&, Image<float>*) allocator_traits.h:308 (tiff_persistent_reader:arm64+0x10000d6c4)
    #5 std::__1::vector<Image<float>, std::__1::allocator<Image<float>>>::__base_destruct_at_end[abi:nqe220106](Image<float>*) vector.h:778 (tiff_persistent_reader:arm64+0x10000d6c4)
    #6 std::__1::vector<Image<float>, std::__1::allocator<Image<float>>>::clear[abi:nqe220106]() vector.h:566 (tiff_persistent_reader:arm64+0x10000d6c4)
    #7 std::__1::vector<Image<float>, std::__1::allocator<Image<float>>>::__destroy_vector::operator()[abi:nqe220106]() vector.h:251 (tiff_persistent_reader:arm64+0x10000d6c4)
    #8 std::__1::vector<Image<float>, std::__1::allocator<Image<float>>>::~vector[abi:nqe220106]() vector.h:262 (tiff_persistent_reader:arm64+0x10000a25c)
    #9 std::__1::vector<Image<float>, std::__1::allocator<Image<float>>>::~vector[abi:nqe220106]() vector.h:262 (tiff_persistent_reader:arm64+0x10000a25c)
    #10 (anonymous namespace)::runCase(std::__1::basic_string<char, std::__1::char_traits<char>, std::__1::allocator<char>> const&, std::__1::basic_string<char, std::__1::char_traits<char>, std::__1::allocator<char>> const&, std::__1::vector<int, std::__1::allocator<int>> const&, std::__1::vector<int, std::__1::allocator<int>> const&) test_tiff_persistent_reader.cpp:239 (tiff_persistent_reader:arm64+0x10000a25c)
    #11 main test_tiff_persistent_reader.cpp:372 (tiff_persistent_reader:arm64+0x100004684)

  Previous write of size 4 at 0x00010ac01b3c by thread T6:
    #0 Image<float>::readTIFFFrameFromHandle(tiff*, TiffMovieLayout const&, long, TiffStripScratch&, FileName const&, TiffErrorContext*) rwTIFF.h:203 (tiff_persistent_reader:arm64+0x1000c4528)
    #1 TiffMovieReader::readFrames(std::__1::vector<int, std::__1::allocator<int>> const&, std::__1::vector<Image<float>, std::__1::allocator<Image<float>>>&) (.omp_outlined_debug__) tiff_movie_reader.cpp:95 (tiff_persistent_reader:arm64+0x1000c4404)
    #2 TiffMovieReader::readFrames(std::__1::vector<int, std::__1::allocator<int>> const&, std::__1::vector<Image<float>, std::__1::allocator<Image<float>>>&) (.omp_outlined) tiff_movie_reader.cpp:72 (tiff_persistent_reader:arm64+0x1000c4404)
    #3 __kmp_invoke_microtask <null> (libomp.dylib:arm64+0x6b138)

  Location is heap block of size 3904 at 0x00010ac01000 allocated by main thread:
    #0 operator new(unsigned long) <null> (libclang_rt.tsan_osx_dynamic.dylib:arm64e+0x91ad0)
    #1 Image<float>* std::__1::__libcpp_allocate[abi:nqe220106]<Image<float>>(std::__1::__element_count, unsigned long) allocate.h:60 (tiff_persistent_reader:arm64+0x100009c6c)
    #2 std::__1::allocator<Image<float>>::allocate[abi:nqe220106](unsigned long) allocator.h:92 (tiff_persistent_reader:arm64+0x100009c6c)
    #3 std::__1::__allocation_result<std::__1::allocator_traits<std::__1::allocator<Image<float>>>::pointer, std::__1::allocator_traits<std::__1::allocator<Image<float>>>::size_type> std::__1::__allocate_at_least[abi:nqe220106]<std::__1::allocator<Image<float>>, std::__1::allocator_traits<std::__1::allocator<Image<float>>>>(std::__1::allocator<Image<float>>&, unsigned long) allocate_at_least.h:46 (tiff_persistent_reader:arm64+0x100009c6c)
    #4 std::__1::vector<Image<float>, std::__1::allocator<Image<float>>>::__vallocate[abi:nqe220106](unsigned long) vector.h:597 (tiff_persistent_reader:arm64+0x100009c6c)
    #5 std::__1::vector<Image<float>, std::__1::allocator<Image<float>>>::vector[abi:nqe220106](unsigned long) vector.h:150 (tiff_persistent_reader:arm64+0x100009c6c)
    #6 std::__1::vector<Image<float>, std::__1::allocator<Image<float>>>::vector[abi:nqe220106](unsigned long) vector.h:147 (tiff_persistent_reader:arm64+0x100009c6c)
    #7 (anonymous namespace)::runCase(std::__1::basic_string<char, std::__1::char_traits<char>, std::__1::allocator<char>> const&, std::__1::basic_string<char, std::__1::char_traits<char>, std::__1::allocator<char>> const&, std::__1::vector<int, std::__1::allocator<int>> const&, std::__1::vector<int, std::__1::allocator<int>> const&) test_tiff_persistent_reader.cpp:227 (tiff_persistent_reader:arm64+0x100009c6c)
    #8 main test_tiff_persistent_reader.cpp:372 (tiff_persistent_reader:arm64+0x100004684)

  Thread T6 (tid=18123543, running) created by main thread at:
    #0 pthread_create <null> (libclang_rt.tsan_osx_dynamic.dylib:arm64e+0x33bac)
    #1 __kmp_create_worker <null> (libomp.dylib:arm64+0x50efc)
    #2 (anonymous namespace)::runCase(std::__1::basic_string<char, std::__1::char_traits<char>, std::__1::allocator<char>> const&, std::__1::basic_string<char, std::__1::char_traits<char>, std::__1::allocator<char>> const&, std::__1::vector<int, std::__1::allocator<int>> const&, std::__1::vector<int, std::__1::allocator<int>> const&) test_tiff_persistent_reader.cpp:229 (tiff_persistent_reader:arm64+0x100009d4c)
    #3 main test_tiff_persistent_reader.cpp:372 (tiff_persistent_reader:arm64+0x100004684)

SUMMARY: ThreadSanitizer: data race image.h:672 in Image<float>::clear()
==================
==================
WARNING: ThreadSanitizer: data race (pid=38781)
  Read of size 8 at 0x00010ac01a20 by main thread:
    #0 std::__1::vector<MetaDataContainer*, std::__1::allocator<MetaDataContainer*>>::size[abi:nqe220106]() const vector.h:396 (tiff_persistent_reader:arm64+0x100093ecc)
    #1 MetaDataTable::clear() metadata_table.cpp:155 (tiff_persistent_reader:arm64+0x100093ecc)
    #2 Image<float>::clearHeader() image.h:686 (tiff_persistent_reader:arm64+0x10001b2e0)
    #3 Image<float>::clear() image.h:677 (tiff_persistent_reader:arm64+0x10001b2e0)
    #4 Image<float>::~Image() image.h:693 (tiff_persistent_reader:arm64+0x10000d6c4)
    #5 Image<float>::~Image() image.h:692 (tiff_persistent_reader:arm64+0x10000d6c4)
    #6 std::__1::allocator<Image<float>>::destroy[abi:nqe220106](Image<float>*) allocator.h:144 (tiff_persistent_reader:arm64+0x10000d6c4)
    #7 void std::__1::allocator_traits<std::__1::allocator<Image<float>>>::destroy[abi:nqe220106]<Image<float>, 0>(std::__1::allocator<Image<float>>&, Image<float>*) allocator_traits.h:308 (tiff_persistent_reader:arm64+0x10000d6c4)
    #8 std::__1::vector<Image<float>, std::__1::allocator<Image<float>>>::__base_destruct_at_end[abi:nqe220106](Image<float>*) vector.h:778 (tiff_persistent_reader:arm64+0x10000d6c4)
    #9 std::__1::vector<Image<float>, std::__1::allocator<Image<float>>>::clear[abi:nqe220106]() vector.h:566 (tiff_persistent_reader:arm64+0x10000d6c4)
    #10 std::__1::vector<Image<float>, std::__1::allocator<Image<float>>>::__destroy_vector::operator()[abi:nqe220106]() vector.h:251 (tiff_persistent_reader:arm64+0x10000d6c4)
    #11 std::__1::vector<Image<float>, std::__1::allocator<Image<float>>>::~vector[abi:nqe220106]() vector.h:262 (tiff_persistent_reader:arm64+0x10000a25c)
    #12 std::__1::vector<Image<float>, std::__1::allocator<Image<float>>>::~vector[abi:nqe220106]() vector.h:262 (tiff_persistent_reader:arm64+0x10000a25c)
    #13 (anonymous namespace)::runCase(std::__1::basic_string<char, std::__1::char_traits<char>, std::__1::allocator<char>> const&, std::__1::basic_string<char, std::__1::char_traits<char>, std::__1::allocator<char>> const&, std::__1::vector<int, std::__1::allocator<int>> const&, std::__1::vector<int, std::__1::allocator<int>> const&) test_tiff_persistent_reader.cpp:239 (tiff_persistent_reader:arm64+0x10000a25c)
    #14 main test_tiff_persistent_reader.cpp:372 (tiff_persistent_reader:arm64+0x100004684)

  Previous write of size 8 at 0x00010ac01a20 by thread T6:
    #0 std::__1::vector<MetaDataContainer*, std::__1::allocator<MetaDataContainer*>>::__base_destruct_at_end[abi:nqe220106](MetaDataContainer**) vector.h:779 (tiff_persistent_reader:arm64+0x100093f40)
    #1 std::__1::vector<MetaDataContainer*, std::__1::allocator<MetaDataContainer*>>::clear[abi:nqe220106]() vector.h:566 (tiff_persistent_reader:arm64+0x100093f40)
    #2 MetaDataTable::clear() metadata_table.cpp:159 (tiff_persistent_reader:arm64+0x100093f40)
    #3 Image<float>::readTIFFFrameFromHandle(tiff*, TiffMovieLayout const&, long, TiffStripScratch&, FileName const&, TiffErrorContext*) rwTIFF.h:208 (tiff_persistent_reader:arm64+0x1000c4590)
    #4 TiffMovieReader::readFrames(std::__1::vector<int, std::__1::allocator<int>> const&, std::__1::vector<Image<float>, std::__1::allocator<Image<float>>>&) (.omp_outlined_debug__) tiff_movie_reader.cpp:95 (tiff_persistent_reader:arm64+0x1000c4404)
    #5 TiffMovieReader::readFrames(std::__1::vector<int, std::__1::allocator<int>> const&, std::__1::vector<Image<float>, std::__1::allocator<Image<float>>>&) (.omp_outlined) tiff_movie_reader.cpp:72 (tiff_persistent_reader:arm64+0x1000c4404)
    #6 __kmp_invoke_microtask <null> (libomp.dylib:arm64+0x6b138)

  Location is heap block of size 3904 at 0x00010ac01000 allocated by main thread:
    #0 operator new(unsigned long) <null> (libclang_rt.tsan_osx_dynamic.dylib:arm64e+0x91ad0)
    #1 Image<float>* std::__1::__libcpp_allocate[abi:nqe220106]<Image<float>>(std::__1::__element_count, unsigned long) allocate.h:60 (tiff_persistent_reader:arm64+0x100009c6c)
    #2 std::__1::allocator<Image<float>>::allocate[abi:nqe220106](unsigned long) allocator.h:92 (tiff_persistent_reader:arm64+0x100009c6c)
    #3 std::__1::__allocation_result<std::__1::allocator_traits<std::__1::allocator<Image<float>>>::pointer, std::__1::allocator_traits<std::__1::allocator<Image<float>>>::size_type> std::__1::__allocate_at_least[abi:nqe220106]<std::__1::allocator<Image<float>>, std::__1::allocator_traits<std::__1::allocator<Image<float>>>>(std::__1::allocator<Image<float>>&, unsigned long) allocate_at_least.h:46 (tiff_persistent_reader:arm64+0x100009c6c)
    #4 std::__1::vector<Image<float>, std::__1::allocator<Image<float>>>::__vallocate[abi:nqe220106](unsigned long) vector.h:597 (tiff_persistent_reader:arm64+0x100009c6c)
    #5 std::__1::vector<Image<float>, std::__1::allocator<Image<float>>>::vector[abi:nqe220106](unsigned long) vector.h:150 (tiff_persistent_reader:arm64+0x100009c6c)
    #6 std::__1::vector<Image<float>, std::__1::allocator<Image<float>>>::vector[abi:nqe220106](unsigned long) vector.h:147 (tiff_persistent_reader:arm64+0x100009c6c)
    #7 (anonymous namespace)::runCase(std::__1::basic_string<char, std::__1::char_traits<char>, std::__1::allocator<char>> const&, std::__1::basic_string<char, std::__1::char_traits<char>, std::__1::allocator<char>> const&, std::__1::vector<int, std::__1::allocator<int>> const&, std::__1::vector<int, std::__1::allocator<int>> const&) test_tiff_persistent_reader.cpp:227 (tiff_persistent_reader:arm64+0x100009c6c)
    #8 main test_tiff_persistent_reader.cpp:372 (tiff_persistent_reader:arm64+0x100004684)

  Thread T6 (tid=18123543, running) created by main thread at:
    #0 pthread_create <null> (libclang_rt.tsan_osx_dynamic.dylib:arm64e+0x33bac)
    #1 __kmp_create_worker <null> (libomp.dylib:arm64+0x50efc)
    #2 (anonymous namespace)::runCase(std::__1::basic_string<char, std::__1::char_traits<char>, std::__1::allocator<char>> const&, std::__1::basic_string<char, std::__1::char_traits<char>, std::__1::allocator<char>> const&, std::__1::vector<int, std::__1::allocator<int>> const&, std::__1::vector<int, std::__1::allocator<int>> const&) test_tiff_persistent_reader.cpp:229 (tiff_persistent_reader:arm64+0x100009d4c)
    #3 main test_tiff_persistent_reader.cpp:372 (tiff_persistent_reader:arm64+0x100004684)

SUMMARY: ThreadSanitizer: data race vector.h:396 in std::__1::vector<MetaDataContainer*, std::__1::allocator<MetaDataContainer*>>::size[abi:nqe220106]() const
==================
==================
WARNING: ThreadSanitizer: data race (pid=38781)
  Write of size 8 at 0x00010a402078 by main thread:
    #0 std::__1::vector<long, std::__1::allocator<long>>::__base_destruct_at_end[abi:nqe220106](long*) vector.h:779 (tiff_persistent_reader:arm64+0x100094edc)
    #1 std::__1::vector<long, std::__1::allocator<long>>::clear[abi:nqe220106]() vector.h:566 (tiff_persistent_reader:arm64+0x100094edc)
    #2 std::__1::vector<long, std::__1::allocator<long>>::__destroy_vector::operator()[abi:nqe220106]() vector.h:251 (tiff_persistent_reader:arm64+0x100094edc)
    #3 std::__1::vector<long, std::__1::allocator<long>>::~vector[abi:nqe220106]() vector.h:262 (tiff_persistent_reader:arm64+0x100094edc)
    #4 std::__1::vector<long, std::__1::allocator<long>>::~vector[abi:nqe220106]() vector.h:262 (tiff_persistent_reader:arm64+0x100094edc)
    #5 MetaDataContainer::~MetaDataContainer() metadata_container.h:34 (tiff_persistent_reader:arm64+0x100094edc)
    #6 MetaDataContainer::~MetaDataContainer() metadata_container.h:34 (tiff_persistent_reader:arm64+0x100093f18)
    #7 MetaDataTable::clear() metadata_table.cpp:157 (tiff_persistent_reader:arm64+0x100093f18)
    #8 Image<float>::clearHeader() image.h:686 (tiff_persistent_reader:arm64+0x10001b2e0)
    #9 Image<float>::clear() image.h:677 (tiff_persistent_reader:arm64+0x10001b2e0)
    #10 Image<float>::~Image() image.h:693 (tiff_persistent_reader:arm64+0x10000d6c4)
    #11 Image<float>::~Image() image.h:692 (tiff_persistent_reader:arm64+0x10000d6c4)
    #12 std::__1::allocator<Image<float>>::destroy[abi:nqe220106](Image<float>*) allocator.h:144 (tiff_persistent_reader:arm64+0x10000d6c4)
    #13 void std::__1::allocator_traits<std::__1::allocator<Image<float>>>::destroy[abi:nqe220106]<Image<float>, 0>(std::__1::allocator<Image<float>>&, Image<float>*) allocator_traits.h:308 (tiff_persistent_reader:arm64+0x10000d6c4)
    #14 std::__1::vector<Image<float>, std::__1::allocator<Image<float>>>::__base_destruct_at_end[abi:nqe220106](Image<float>*) vector.h:778 (tiff_persistent_reader:arm64+0x10000d6c4)
    #15 std::__1::vector<Image<float>, std::__1::allocator<Image<float>>>::clear[abi:nqe220106]() vector.h:566 (tiff_persistent_reader:arm64+0x10000d6c4)
    #16 std::__1::vector<Image<float>, std::__1::allocator<Image<float>>>::__destroy_vector::operator()[abi:nqe220106]() vector.h:251 (tiff_persistent_reader:arm64+0x10000d6c4)
    #17 std::__1::vector<Image<float>, std::__1::allocator<Image<float>>>::~vector[abi:nqe220106]() vector.h:262 (tiff_persistent_reader:arm64+0x10000a25c)
    #18 std::__1::vector<Image<float>, std::__1::allocator<Image<float>>>::~vector[abi:nqe220106]() vector.h:262 (tiff_persistent_reader:arm64+0x10000a25c)
    #19 (anonymous namespace)::runCase(std::__1::basic_string<char, std::__1::char_traits<char>, std::__1::allocator<char>> const&, std::__1::basic_string<char, std::__1::char_traits<char>, std::__1::allocator<char>> const&, std::__1::vector<int, std::__1::allocator<int>> const&, std::__1::vector<int, std::__1::allocator<int>> const&) test_tiff_persistent_reader.cpp:239 (tiff_persistent_reader:arm64+0x10000a25c)
    #20 main test_tiff_persistent_reader.cpp:372 (tiff_persistent_reader:arm64+0x100004684)

  Previous write of size 8 at 0x00010a402078 by thread T6:
    #0 std::__1::enable_if<is_move_constructible<long*>::value && is_move_assignable<long*>::value, void>::type std::__1::swap[abi:nqe220106]<long*>(long*&, long*&) swap.h:44 (tiff_persistent_reader:arm64+0x1000a6844)
    #1 std::__1::vector<long, std::__1::allocator<long>>::__swap_out_circular_buffer(std::__1::__split_buffer<long, std::__1::allocator<long>&>&) vector.h:865 (tiff_persistent_reader:arm64+0x1000a6844)
    #2 long* std::__1::vector<long, std::__1::allocator<long>>::__emplace_back_slow_path<long>(long&&) vector.h:1111 (tiff_persistent_reader:arm64+0x1000a6844)
    #3 long& std::__1::vector<long, std::__1::allocator<long>>::emplace_back<long>(long&&)::'lambda0'()::operator()() const vector.h:1149 (tiff_persistent_reader:arm64+0x1000a6844)
    #4 void std::__1::__if_likely_else[abi:nqe220106]<long& std::__1::vector<long, std::__1::allocator<long>>::emplace_back<long>(long&&)::'lambda'(), long& std::__1::vector<long, std::__1::allocator<long>>::emplace_back<long>(long&&)::'lambda0'()>(bool, long& std::__1::vector<long, std::__1::allocator<long>>::emplace_back<long>(long&&)::'lambda'(), long& std::__1::vector<long, std::__1::allocator<long>>::emplace_back<long>(long&&)::'lambda0'()) vector.h:1129 (tiff_persistent_reader:arm64+0x10009a0ac)
    #5 long& std::__1::vector<long, std::__1::allocator<long>>::emplace_back<long>(long&&) vector.h:1143 (tiff_persistent_reader:arm64+0x10009a0ac)
    #6 std::__1::vector<long, std::__1::allocator<long>>::push_back[abi:nqe220106](long&&) vector.h:466 (tiff_persistent_reader:arm64+0x10009a0ac)
    #7 MetaDataTable::addLabel(EMDLabel, std::__1::basic_string<char, std::__1::char_traits<char>, std::__1::allocator<char>>) metadata_table.cpp:759 (tiff_persistent_reader:arm64+0x10009a0ac)
    #8 bool MetaDataTable::setValue<int>(EMDLabel, int const&, long) metadata_table.h:490 (tiff_persistent_reader:arm64+0x100016e38)
    #9 Image<float>::applyTiffLayout(TiffMovieLayout const&, long, bool, bool, FileName const&) rwTIFF.h:46 (tiff_persistent_reader:arm64+0x100017e5c)
    #10 Image<float>::readTIFFFrameFromHandle(tiff*, TiffMovieLayout const&, long, TiffStripScratch&, FileName const&, TiffErrorContext*) rwTIFF.h:215 (tiff_persistent_reader:arm64+0x1000c45e8)
    #11 TiffMovieReader::readFrames(std::__1::vector<int, std::__1::allocator<int>> const&, std::__1::vector<Image<float>, std::__1::allocator<Image<float>>>&) (.omp_outlined_debug__) tiff_movie_reader.cpp:95 (tiff_persistent_reader:arm64+0x1000c4404)
    #12 TiffMovieReader::readFrames(std::__1::vector<int, std::__1::allocator<int>> const&, std::__1::vector<Image<float>, std::__1::allocator<Image<float>>>&) (.omp_outlined) tiff_movie_reader.cpp:72 (tiff_persistent_reader:arm64+0x1000c4404)
    #13 __kmp_invoke_microtask <null> (libomp.dylib:arm64+0x6b138)

  Location is heap block of size 176 at 0x00010a402050 allocated by thread T6:
    #0 operator new(unsigned long) <null> (libclang_rt.tsan_osx_dynamic.dylib:arm64e+0x91ad0)
    #1 MetaDataTable::addObject() metadata_table.cpp:974 (tiff_persistent_reader:arm64+0x1000a8410)
    #2 Image<float>::readTIFFFrameFromHandle(tiff*, TiffMovieLayout const&, long, TiffStripScratch&, FileName const&, TiffErrorContext*) rwTIFF.h:209 (tiff_persistent_reader:arm64+0x1000c4598)
    #3 TiffMovieReader::readFrames(std::__1::vector<int, std::__1::allocator<int>> const&, std::__1::vector<Image<float>, std::__1::allocator<Image<float>>>&) (.omp_outlined_debug__) tiff_movie_reader.cpp:95 (tiff_persistent_reader:arm64+0x1000c4404)
    #4 TiffMovieReader::readFrames(std::__1::vector<int, std::__1::allocator<int>> const&, std::__1::vector<Image<float>, std::__1::allocator<Image<float>>>&) (.omp_outlined) tiff_movie_reader.cpp:72 (tiff_persistent_reader:arm64+0x1000c4404)
    #5 __kmp_invoke_microtask <null> (libomp.dylib:arm64+0x6b138)

  Thread T6 (tid=18123543, running) created by main thread at:
    #0 pthread_create <null> (libclang_rt.tsan_osx_dynamic.dylib:arm64e+0x33bac)
    #1 __kmp_create_worker <null> (libomp.dylib:arm64+0x50efc)
    #2 (anonymous namespace)::runCase(std::__1::basic_string<char, std::__1::char_traits<char>, std::__1::allocator<char>> const&, std::__1::basic_string<char, std::__1::char_traits<char>, std::__1::allocator<char>> const&, std::__1::vector<int, std::__1::allocator<int>> const&, std::__1::vector<int, std::__1::allocator<int>> const&) test_tiff_persistent_reader.cpp:229 (tiff_persistent_reader:arm64+0x100009d4c)
    #3 main test_tiff_persistent_reader.cpp:372 (tiff_persistent_reader:arm64+0x100004684)

SUMMARY: ThreadSanitizer: data race vector.h:779 in std::__1::vector<long, std::__1::allocator<long>>::__base_destruct_at_end[abi:nqe220106](long*)
==================
==================
WARNING: ThreadSanitizer: data race (pid=38781)
  Write of size 8 at 0x00010ac01a38 by main thread:
    #0 std::__1::vector<long, std::__1::allocator<long>>::__base_destruct_at_end[abi:nqe220106](long*) vector.h:779 (tiff_persistent_reader:arm64+0x100093f7c)
    #1 std::__1::vector<long, std::__1::allocator<long>>::clear[abi:nqe220106]() vector.h:566 (tiff_persistent_reader:arm64+0x100093f7c)
    #2 std::__1::vector<long, std::__1::allocator<long>>::__vdeallocate() vector.h:905 (tiff_persistent_reader:arm64+0x100093f7c)
    #3 std::__1::vector<long, std::__1::allocator<long>>::__move_assign(std::__1::vector<long, std::__1::allocator<long>>&, std::__1::integral_constant<bool, true>) vector.h:1005 (tiff_persistent_reader:arm64+0x100093f7c)
    #4 std::__1::vector<long, std::__1::allocator<long>>::operator=[abi:nqe220106](std::__1::vector<long, std::__1::allocator<long>>&&) vector.h:303 (tiff_persistent_reader:arm64+0x100093f7c)
    #5 MetaDataTable::clear() metadata_table.cpp:161 (tiff_persistent_reader:arm64+0x100093f7c)
    #6 Image<float>::clearHeader() image.h:686 (tiff_persistent_reader:arm64+0x10001b2e0)
    #7 Image<float>::clear() image.h:677 (tiff_persistent_reader:arm64+0x10001b2e0)
    #8 Image<float>::~Image() image.h:693 (tiff_persistent_reader:arm64+0x10000d6c4)
    #9 Image<float>::~Image() image.h:692 (tiff_persistent_reader:arm64+0x10000d6c4)
    #10 std::__1::allocator<Image<float>>::destroy[abi:nqe220106](Image<float>*) allocator.h:144 (tiff_persistent_reader:arm64+0x10000d6c4)
    #11 void std::__1::allocator_traits<std::__1::allocator<Image<float>>>::destroy[abi:nqe220106]<Image<float>, 0>(std::__1::allocator<Image<float>>&, Image<float>*) allocator_traits.h:308 (tiff_persistent_reader:arm64+0x10000d6c4)
    #12 std::__1::vector<Image<float>, std::__1::allocator<Image<float>>>::__base_destruct_at_end[abi:nqe220106](Image<float>*) vector.h:778 (tiff_persistent_reader:arm64+0x10000d6c4)
    #13 std::__1::vector<Image<float>, std::__1::allocator<Image<float>>>::clear[abi:nqe220106]() vector.h:566 (tiff_persistent_reader:arm64+0x10000d6c4)
    #14 std::__1::vector<Image<float>, std::__1::allocator<Image<float>>>::__destroy_vector::operator()[abi:nqe220106]() vector.h:251 (tiff_persistent_reader:arm64+0x10000d6c4)
    #15 std::__1::vector<Image<float>, std::__1::allocator<Image<float>>>::~vector[abi:nqe220106]() vector.h:262 (tiff_persistent_reader:arm64+0x10000a25c)
    #16 std::__1::vector<Image<float>, std::__1::allocator<Image<float>>>::~vector[abi:nqe220106]() vector.h:262 (tiff_persistent_reader:arm64+0x10000a25c)
    #17 (anonymous namespace)::runCase(std::__1::basic_string<char, std::__1::char_traits<char>, std::__1::allocator<char>> const&, std::__1::basic_string<char, std::__1::char_traits<char>, std::__1::allocator<char>> const&, std::__1::vector<int, std::__1::allocator<int>> const&, std::__1::vector<int, std::__1::allocator<int>> const&) test_tiff_persistent_reader.cpp:239 (tiff_persistent_reader:arm64+0x10000a25c)
    #18 main test_tiff_persistent_reader.cpp:372 (tiff_persistent_reader:arm64+0x100004684)

  Previous write of size 8 at 0x00010ac01a38 by thread T6:
    #0 std::__1::vector<long, std::__1::allocator<long>>::__base_destruct_at_end[abi:nqe220106](long*) vector.h:779 (tiff_persistent_reader:arm64+0x100093f7c)
    #1 std::__1::vector<long, std::__1::allocator<long>>::clear[abi:nqe220106]() vector.h:566 (tiff_persistent_reader:arm64+0x100093f7c)
    #2 std::__1::vector<long, std::__1::allocator<long>>::__vdeallocate() vector.h:905 (tiff_persistent_reader:arm64+0x100093f7c)
    #3 std::__1::vector<long, std::__1::allocator<long>>::__move_assign(std::__1::vector<long, std::__1::allocator<long>>&, std::__1::integral_constant<bool, true>) vector.h:1005 (tiff_persistent_reader:arm64+0x100093f7c)
    #4 std::__1::vector<long, std::__1::allocator<long>>::operator=[abi:nqe220106](std::__1::vector<long, std::__1::allocator<long>>&&) vector.h:303 (tiff_persistent_reader:arm64+0x100093f7c)
    #5 MetaDataTable::clear() metadata_table.cpp:161 (tiff_persistent_reader:arm64+0x100093f7c)
    #6 Image<float>::readTIFFFrameFromHandle(tiff*, TiffMovieLayout const&, long, TiffStripScratch&, FileName const&, TiffErrorContext*) rwTIFF.h:208 (tiff_persistent_reader:arm64+0x1000c4590)
    #7 TiffMovieReader::readFrames(std::__1::vector<int, std::__1::allocator<int>> const&, std::__1::vector<Image<float>, std::__1::allocator<Image<float>>>&) (.omp_outlined_debug__) tiff_movie_reader.cpp:95 (tiff_persistent_reader:arm64+0x1000c4404)
    #8 TiffMovieReader::readFrames(std::__1::vector<int, std::__1::allocator<int>> const&, std::__1::vector<Image<float>, std::__1::allocator<Image<float>>>&) (.omp_outlined) tiff_movie_reader.cpp:72 (tiff_persistent_reader:arm64+0x1000c4404)
    #9 __kmp_invoke_microtask <null> (libomp.dylib:arm64+0x6b138)

  Location is heap block of size 3904 at 0x00010ac01000 allocated by main thread:
    #0 operator new(unsigned long) <null> (libclang_rt.tsan_osx_dynamic.dylib:arm64e+0x91ad0)
    #1 Image<float>* std::__1::__libcpp_allocate[abi:nqe220106]<Image<float>>(std::__1::__element_count, unsigned long) allocate.h:60 (tiff_persistent_reader:arm64+0x100009c6c)
    #2 std::__1::allocator<Image<float>>::allocate[abi:nqe220106](unsigned long) allocator.h:92 (tiff_persistent_reader:arm64+0x100009c6c)
    #3 std::__1::__allocation_result<std::__1::allocator_traits<std::__1::allocator<Image<float>>>::pointer, std::__1::allocator_traits<std::__1::allocator<Image<float>>>::size_type> std::__1::__allocate_at_least[abi:nqe220106]<std::__1::allocator<Image<float>>, std::__1::allocator_traits<std::__1::allocator<Image<float>>>>(std::__1::allocator<Image<float>>&, unsigned long) allocate_at_least.h:46 (tiff_persistent_reader:arm64+0x100009c6c)
    #4 std::__1::vector<Image<float>, std::__1::allocator<Image<float>>>::__vallocate[abi:nqe220106](unsigned long) vector.h:597 (tiff_persistent_reader:arm64+0x100009c6c)
    #5 std::__1::vector<Image<float>, std::__1::allocator<Image<float>>>::vector[abi:nqe220106](unsigned long) vector.h:150 (tiff_persistent_reader:arm64+0x100009c6c)
    #6 std::__1::vector<Image<float>, std::__1::allocator<Image<float>>>::vector[abi:nqe220106](unsigned long) vector.h:147 (tiff_persistent_reader:arm64+0x100009c6c)
    #7 (anonymous namespace)::runCase(std::__1::basic_string<char, std::__1::char_traits<char>, std::__1::allocator<char>> const&, std::__1::basic_string<char, std::__1::char_traits<char>, std::__1::allocator<char>> const&, std::__1::vector<int, std::__1::allocator<int>> const&, std::__1::vector<int, std::__1::allocator<int>> const&) test_tiff_persistent_reader.cpp:227 (tiff_persistent_reader:arm64+0x100009c6c)
    #8 main test_tiff_persistent_reader.cpp:372 (tiff_persistent_reader:arm64+0x100004684)

  Thread T6 (tid=18123543, running) created by main thread at:
    #0 pthread_create <null> (libclang_rt.tsan_osx_dynamic.dylib:arm64e+0x33bac)
    #1 __kmp_create_worker <null> (libomp.dylib:arm64+0x50efc)
    #2 (anonymous namespace)::runCase(std::__1::basic_string<char, std::__1::char_traits<char>, std::__1::allocator<char>> const&, std::__1::basic_string<char, std::__1::char_traits<char>, std::__1::allocator<char>> const&, std::__1::vector<int, std::__1::allocator<int>> const&, std::__1::vector<int, std::__1::allocator<int>> const&) test_tiff_persistent_reader.cpp:229 (tiff_persistent_reader:arm64+0x100009d4c)
    #3 main test_tiff_persistent_reader.cpp:372 (tiff_persistent_reader:arm64+0x100004684)

SUMMARY: ThreadSanitizer: data race vector.h:779 in std::__1::vector<long, std::__1::allocator<long>>::__base_destruct_at_end[abi:nqe220106](long*)
==================
==================
WARNING: ThreadSanitizer: data race (pid=38781)
  Write of size 8 at 0x00010ac01a40 by main thread:
    #0 std::__1::vector<long, std::__1::allocator<long>>::__move_assign(std::__1::vector<long, std::__1::allocator<long>>&, std::__1::integral_constant<bool, true>) vector.h:1009 (tiff_persistent_reader:arm64+0x100093fa8)
    #1 std::__1::vector<long, std::__1::allocator<long>>::operator=[abi:nqe220106](std::__1::vector<long, std::__1::allocator<long>>&&) vector.h:303 (tiff_persistent_reader:arm64+0x100093fa8)
    #2 MetaDataTable::clear() metadata_table.cpp:161 (tiff_persistent_reader:arm64+0x100093fa8)
    #3 Image<float>::clearHeader() image.h:686 (tiff_persistent_reader:arm64+0x10001b2e0)
    #4 Image<float>::clear() image.h:677 (tiff_persistent_reader:arm64+0x10001b2e0)
    #5 Image<float>::~Image() image.h:693 (tiff_persistent_reader:arm64+0x10000d6c4)
    #6 Image<float>::~Image() image.h:692 (tiff_persistent_reader:arm64+0x10000d6c4)
    #7 std::__1::allocator<Image<float>>::destroy[abi:nqe220106](Image<float>*) allocator.h:144 (tiff_persistent_reader:arm64+0x10000d6c4)
    #8 void std::__1::allocator_traits<std::__1::allocator<Image<float>>>::destroy[abi:nqe220106]<Image<float>, 0>(std::__1::allocator<Image<float>>&, Image<float>*) allocator_traits.h:308 (tiff_persistent_reader:arm64+0x10000d6c4)
    #9 std::__1::vector<Image<float>, std::__1::allocator<Image<float>>>::__base_destruct_at_end[abi:nqe220106](Image<float>*) vector.h:778 (tiff_persistent_reader:arm64+0x10000d6c4)
    #10 std::__1::vector<Image<float>, std::__1::allocator<Image<float>>>::clear[abi:nqe220106]() vector.h:566 (tiff_persistent_reader:arm64+0x10000d6c4)
    #11 std::__1::vector<Image<float>, std::__1::allocator<Image<float>>>::__destroy_vector::operator()[abi:nqe220106]() vector.h:251 (tiff_persistent_reader:arm64+0x10000d6c4)
    #12 std::__1::vector<Image<float>, std::__1::allocator<Image<float>>>::~vector[abi:nqe220106]() vector.h:262 (tiff_persistent_reader:arm64+0x10000a25c)
    #13 std::__1::vector<Image<float>, std::__1::allocator<Image<float>>>::~vector[abi:nqe220106]() vector.h:262 (tiff_persistent_reader:arm64+0x10000a25c)
    #14 (anonymous namespace)::runCase(std::__1::basic_string<char, std::__1::char_traits<char>, std::__1::allocator<char>> const&, std::__1::basic_string<char, std::__1::char_traits<char>, std::__1::allocator<char>> const&, std::__1::vector<int, std::__1::allocator<int>> const&, std::__1::vector<int, std::__1::allocator<int>> const&) test_tiff_persistent_reader.cpp:239 (tiff_persistent_reader:arm64+0x10000a25c)
    #15 main test_tiff_persistent_reader.cpp:372 (tiff_persistent_reader:arm64+0x100004684)

  Previous write of size 8 at 0x00010ac01a40 by thread T6:
    #0 std::__1::vector<long, std::__1::allocator<long>>::__move_assign(std::__1::vector<long, std::__1::allocator<long>>&, std::__1::integral_constant<bool, true>) vector.h:1009 (tiff_persistent_reader:arm64+0x100093fa8)
    #1 std::__1::vector<long, std::__1::allocator<long>>::operator=[abi:nqe220106](std::__1::vector<long, std::__1::allocator<long>>&&) vector.h:303 (tiff_persistent_reader:arm64+0x100093fa8)
    #2 MetaDataTable::clear() metadata_table.cpp:161 (tiff_persistent_reader:arm64+0x100093fa8)
    #3 Image<float>::readTIFFFrameFromHandle(tiff*, TiffMovieLayout const&, long, TiffStripScratch&, FileName const&, TiffErrorContext*) rwTIFF.h:208 (tiff_persistent_reader:arm64+0x1000c4590)
    #4 TiffMovieReader::readFrames(std::__1::vector<int, std::__1::allocator<int>> const&, std::__1::vector<Image<float>, std::__1::allocator<Image<float>>>&) (.omp_outlined_debug__) tiff_movie_reader.cpp:95 (tiff_persistent_reader:arm64+0x1000c4404)
    #5 TiffMovieReader::readFrames(std::__1::vector<int, std::__1::allocator<int>> const&, std::__1::vector<Image<float>, std::__1::allocator<Image<float>>>&) (.omp_outlined) tiff_movie_reader.cpp:72 (tiff_persistent_reader:arm64+0x1000c4404)
    #6 __kmp_invoke_microtask <null> (libomp.dylib:arm64+0x6b138)

  Location is heap block of size 3904 at 0x00010ac01000 allocated by main thread:
    #0 operator new(unsigned long) <null> (libclang_rt.tsan_osx_dynamic.dylib:arm64e+0x91ad0)
    #1 Image<float>* std::__1::__libcpp_allocate[abi:nqe220106]<Image<float>>(std::__1::__element_count, unsigned long) allocate.h:60 (tiff_persistent_reader:arm64+0x100009c6c)
    #2 std::__1::allocator<Image<float>>::allocate[abi:nqe220106](unsigned long) allocator.h:92 (tiff_persistent_reader:arm64+0x100009c6c)
    #3 std::__1::__allocation_result<std::__1::allocator_traits<std::__1::allocator<Image<float>>>::pointer, std::__1::allocator_traits<std::__1::allocator<Image<float>>>::size_type> std::__1::__allocate_at_least[abi:nqe220106]<std::__1::allocator<Image<float>>, std::__1::allocator_traits<std::__1::allocator<Image<float>>>>(std::__1::allocator<Image<float>>&, unsigned long) allocate_at_least.h:46 (tiff_persistent_reader:arm64+0x100009c6c)
    #4 std::__1::vector<Image<float>, std::__1::allocator<Image<float>>>::__vallocate[abi:nqe220106](unsigned long) vector.h:597 (tiff_persistent_reader:arm64+0x100009c6c)
    #5 std::__1::vector<Image<float>, std::__1::allocator<Image<float>>>::vector[abi:nqe220106](unsigned long) vector.h:150 (tiff_persistent_reader:arm64+0x100009c6c)
    #6 std::__1::vector<Image<float>, std::__1::allocator<Image<float>>>::vector[abi:nqe220106](unsigned long) vector.h:147 (tiff_persistent_reader:arm64+0x100009c6c)
    #7 (anonymous namespace)::runCase(std::__1::basic_string<char, std::__1::char_traits<char>, std::__1::allocator<char>> const&, std::__1::basic_string<char, std::__1::char_traits<char>, std::__1::allocator<char>> const&, std::__1::vector<int, std::__1::allocator<int>> const&, std::__1::vector<int, std::__1::allocator<int>> const&) test_tiff_persistent_reader.cpp:227 (tiff_persistent_reader:arm64+0x100009c6c)
    #8 main test_tiff_persistent_reader.cpp:372 (tiff_persistent_reader:arm64+0x100004684)

  Thread T6 (tid=18123543, running) created by main thread at:
    #0 pthread_create <null> (libclang_rt.tsan_osx_dynamic.dylib:arm64e+0x33bac)
    #1 __kmp_create_worker <null> (libomp.dylib:arm64+0x50efc)
    #2 (anonymous namespace)::runCase(std::__1::basic_string<char, std::__1::char_traits<char>, std::__1::allocator<char>> const&, std::__1::basic_string<char, std::__1::char_traits<char>, std::__1::allocator<char>> const&, std::__1::vector<int, std::__1::allocator<int>> const&, std::__1::vector<int, std::__1::allocator<int>> const&) test_tiff_persistent_reader.cpp:229 (tiff_persistent_reader:arm64+0x100009d4c)
    #3 main test_tiff_persistent_reader.cpp:372 (tiff_persistent_reader:arm64+0x100004684)

SUMMARY: ThreadSanitizer: data race vector.h:1009 in std::__1::vector<long, std::__1::allocator<long>>::__move_assign(std::__1::vector<long, std::__1::allocator<long>>&, std::__1::integral_constant<bool, true>)
==================
==================
WARNING: ThreadSanitizer: data race (pid=38781)
  Read of size 8 at 0x00010ac01a78 by main thread:
    #0 std::__1::vector<long, std::__1::allocator<long>>::size[abi:nqe220106]() const vector.h:396 (tiff_persistent_reader:arm64+0x100093fc0)
    #1 std::__1::vector<long, std::__1::allocator<long>>::clear[abi:nqe220106]() vector.h:565 (tiff_persistent_reader:arm64+0x100093fc0)
    #2 MetaDataTable::clear() metadata_table.cpp:163 (tiff_persistent_reader:arm64+0x100093fc0)
    #3 Image<float>::clearHeader() image.h:686 (tiff_persistent_reader:arm64+0x10001b2e0)
    #4 Image<float>::clear() image.h:677 (tiff_persistent_reader:arm64+0x10001b2e0)
    #5 Image<float>::~Image() image.h:693 (tiff_persistent_reader:arm64+0x10000d6c4)
    #6 Image<float>::~Image() image.h:692 (tiff_persistent_reader:arm64+0x10000d6c4)
    #7 std::__1::allocator<Image<float>>::destroy[abi:nqe220106](Image<float>*) allocator.h:144 (tiff_persistent_reader:arm64+0x10000d6c4)
    #8 void std::__1::allocator_traits<std::__1::allocator<Image<float>>>::destroy[abi:nqe220106]<Image<float>, 0>(std::__1::allocator<Image<float>>&, Image<float>*) allocator_traits.h:308 (tiff_persistent_reader:arm64+0x10000d6c4)
    #9 std::__1::vector<Image<float>, std::__1::allocator<Image<float>>>::__base_destruct_at_end[abi:nqe220106](Image<float>*) vector.h:778 (tiff_persistent_reader:arm64+0x10000d6c4)
    #10 std::__1::vector<Image<float>, std::__1::allocator<Image<float>>>::clear[abi:nqe220106]() vector.h:566 (tiff_persistent_reader:arm64+0x10000d6c4)
    #11 std::__1::vector<Image<float>, std::__1::allocator<Image<float>>>::__destroy_vector::operator()[abi:nqe220106]() vector.h:251 (tiff_persistent_reader:arm64+0x10000d6c4)
    #12 std::__1::vector<Image<float>, std::__1::allocator<Image<float>>>::~vector[abi:nqe220106]() vector.h:262 (tiff_persistent_reader:arm64+0x10000a25c)
    #13 std::__1::vector<Image<float>, std::__1::allocator<Image<float>>>::~vector[abi:nqe220106]() vector.h:262 (tiff_persistent_reader:arm64+0x10000a25c)
    #14 (anonymous namespace)::runCase(std::__1::basic_string<char, std::__1::char_traits<char>, std::__1::allocator<char>> const&, std::__1::basic_string<char, std::__1::char_traits<char>, std::__1::allocator<char>> const&, std::__1::vector<int, std::__1::allocator<int>> const&, std::__1::vector<int, std::__1::allocator<int>> const&) test_tiff_persistent_reader.cpp:239 (tiff_persistent_reader:arm64+0x10000a25c)
    #15 main test_tiff_persistent_reader.cpp:372 (tiff_persistent_reader:arm64+0x100004684)

  Previous write of size 8 at 0x00010ac01a78 by thread T6:
    #0 std::__1::enable_if<is_move_constructible<long*>::value && is_move_assignable<long*>::value, void>::type std::__1::swap[abi:nqe220106]<long*>(long*&, long*&) swap.h:44 (tiff_persistent_reader:arm64+0x1000a6838)
    #1 std::__1::vector<long, std::__1::allocator<long>>::__swap_out_circular_buffer(std::__1::__split_buffer<long, std::__1::allocator<long>&>&) vector.h:864 (tiff_persistent_reader:arm64+0x1000a6838)
    #2 long* std::__1::vector<long, std::__1::allocator<long>>::__emplace_back_slow_path<long>(long&&) vector.h:1111 (tiff_persistent_reader:arm64+0x1000a6838)
    #3 long& std::__1::vector<long, std::__1::allocator<long>>::emplace_back<long>(long&&)::'lambda0'()::operator()() const vector.h:1149 (tiff_persistent_reader:arm64+0x1000a6838)
    #4 void std::__1::__if_likely_else[abi:nqe220106]<long& std::__1::vector<long, std::__1::allocator<long>>::emplace_back<long>(long&&)::'lambda'(), long& std::__1::vector<long, std::__1::allocator<long>>::emplace_back<long>(long&&)::'lambda0'()>(bool, long& std::__1::vector<long, std::__1::allocator<long>>::emplace_back<long>(long&&)::'lambda'(), long& std::__1::vector<long, std::__1::allocator<long>>::emplace_back<long>(long&&)::'lambda0'()) vector.h:1129 (tiff_persistent_reader:arm64+0x10009aa88)
    #5 long& std::__1::vector<long, std::__1::allocator<long>>::emplace_back<long>(long&&) vector.h:1143 (tiff_persistent_reader:arm64+0x10009aa88)
    #6 std::__1::vector<long, std::__1::allocator<long>>::push_back[abi:nqe220106](long&&) vector.h:466 (tiff_persistent_reader:arm64+0x10009aa88)
    #7 MetaDataTable::addLabel(EMDLabel, std::__1::basic_string<char, std::__1::char_traits<char>, std::__1::allocator<char>>) metadata_table.cpp:822 (tiff_persistent_reader:arm64+0x10009aa88)
    #8 bool MetaDataTable::setValue<int>(EMDLabel, int const&, long) metadata_table.h:490 (tiff_persistent_reader:arm64+0x100016e38)
    #9 Image<float>::applyTiffLayout(TiffMovieLayout const&, long, bool, bool, FileName const&) rwTIFF.h:46 (tiff_persistent_reader:arm64+0x100017e5c)
    #10 Image<float>::readTIFFFrameFromHandle(tiff*, TiffMovieLayout const&, long, TiffStripScratch&, FileName const&, TiffErrorContext*) rwTIFF.h:215 (tiff_persistent_reader:arm64+0x1000c45e8)
    #11 TiffMovieReader::readFrames(std::__1::vector<int, std::__1::allocator<int>> const&, std::__1::vector<Image<float>, std::__1::allocator<Image<float>>>&) (.omp_outlined_debug__) tiff_movie_reader.cpp:95 (tiff_persistent_reader:arm64+0x1000c4404)
    #12 TiffMovieReader::readFrames(std::__1::vector<int, std::__1::allocator<int>> const&, std::__1::vector<Image<float>, std::__1::allocator<Image<float>>>&) (.omp_outlined) tiff_movie_reader.cpp:72 (tiff_persistent_reader:arm64+0x1000c4404)
    #13 __kmp_invoke_microtask <null> (libomp.dylib:arm64+0x6b138)

  Location is heap block of size 3904 at 0x00010ac01000 allocated by main thread:
    #0 operator new(unsigned long) <null> (libclang_rt.tsan_osx_dynamic.dylib:arm64e+0x91ad0)
    #1 Image<float>* std::__1::__libcpp_allocate[abi:nqe220106]<Image<float>>(std::__1::__element_count, unsigned long) allocate.h:60 (tiff_persistent_reader:arm64+0x100009c6c)
    #2 std::__1::allocator<Image<float>>::allocate[abi:nqe220106](unsigned long) allocator.h:92 (tiff_persistent_reader:arm64+0x100009c6c)
    #3 std::__1::__allocation_result<std::__1::allocator_traits<std::__1::allocator<Image<float>>>::pointer, std::__1::allocator_traits<std::__1::allocator<Image<float>>>::size_type> std::__1::__allocate_at_least[abi:nqe220106]<std::__1::allocator<Image<float>>, std::__1::allocator_traits<std::__1::allocator<Image<float>>>>(std::__1::allocator<Image<float>>&, unsigned long) allocate_at_least.h:46 (tiff_persistent_reader:arm64+0x100009c6c)
    #4 std::__1::vector<Image<float>, std::__1::allocator<Image<float>>>::__vallocate[abi:nqe220106](unsigned long) vector.h:597 (tiff_persistent_reader:arm64+0x100009c6c)
    #5 std::__1::vector<Image<float>, std::__1::allocator<Image<float>>>::vector[abi:nqe220106](unsigned long) vector.h:150 (tiff_persistent_reader:arm64+0x100009c6c)
    #6 std::__1::vector<Image<float>, std::__1::allocator<Image<float>>>::vector[abi:nqe220106](unsigned long) vector.h:147 (tiff_persistent_reader:arm64+0x100009c6c)
    #7 (anonymous namespace)::runCase(std::__1::basic_string<char, std::__1::char_traits<char>, std::__1::allocator<char>> const&, std::__1::basic_string<char, std::__1::char_traits<char>, std::__1::allocator<char>> const&, std::__1::vector<int, std::__1::allocator<int>> const&, std::__1::vector<int, std::__1::allocator<int>> const&) test_tiff_persistent_reader.cpp:227 (tiff_persistent_reader:arm64+0x100009c6c)
    #8 main test_tiff_persistent_reader.cpp:372 (tiff_persistent_reader:arm64+0x100004684)

  Thread T6 (tid=18123543, running) created by main thread at:
    #0 pthread_create <null> (libclang_rt.tsan_osx_dynamic.dylib:arm64e+0x33bac)
    #1 __kmp_create_worker <null> (libomp.dylib:arm64+0x50efc)
    #2 (anonymous namespace)::runCase(std::__1::basic_string<char, std::__1::char_traits<char>, std::__1::allocator<char>> const&, std::__1::basic_string<char, std::__1::char_traits<char>, std::__1::allocator<char>> const&, std::__1::vector<int, std::__1::allocator<int>> const&, std::__1::vector<int, std::__1::allocator<int>> const&) test_tiff_persistent_reader.cpp:229 (tiff_persistent_reader:arm64+0x100009d4c)
    #3 main test_tiff_persistent_reader.cpp:372 (tiff_persistent_reader:arm64+0x100004684)

SUMMARY: ThreadSanitizer: data race vector.h:396 in std::__1::vector<long, std::__1::allocator<long>>::size[abi:nqe220106]() const
==================
==================
WARNING: ThreadSanitizer: data race (pid=38781)
  Write of size 8 at 0x00010ac01a80 by main thread:
    #0 std::__1::vector<long, std::__1::allocator<long>>::__base_destruct_at_end[abi:nqe220106](long*) vector.h:779 (tiff_persistent_reader:arm64+0x100093fcc)
    #1 std::__1::vector<long, std::__1::allocator<long>>::clear[abi:nqe220106]() vector.h:566 (tiff_persistent_reader:arm64+0x100093fcc)
    #2 MetaDataTable::clear() metadata_table.cpp:163 (tiff_persistent_reader:arm64+0x100093fcc)
    #3 Image<float>::clearHeader() image.h:686 (tiff_persistent_reader:arm64+0x10001b2e0)
    #4 Image<float>::clear() image.h:677 (tiff_persistent_reader:arm64+0x10001b2e0)
    #5 Image<float>::~Image() image.h:693 (tiff_persistent_reader:arm64+0x10000d6c4)
    #6 Image<float>::~Image() image.h:692 (tiff_persistent_reader:arm64+0x10000d6c4)
    #7 std::__1::allocator<Image<float>>::destroy[abi:nqe220106](Image<float>*) allocator.h:144 (tiff_persistent_reader:arm64+0x10000d6c4)
    #8 void std::__1::allocator_traits<std::__1::allocator<Image<float>>>::destroy[abi:nqe220106]<Image<float>, 0>(std::__1::allocator<Image<float>>&, Image<float>*) allocator_traits.h:308 (tiff_persistent_reader:arm64+0x10000d6c4)
    #9 std::__1::vector<Image<float>, std::__1::allocator<Image<float>>>::__base_destruct_at_end[abi:nqe220106](Image<float>*) vector.h:778 (tiff_persistent_reader:arm64+0x10000d6c4)
    #10 std::__1::vector<Image<float>, std::__1::allocator<Image<float>>>::clear[abi:nqe220106]() vector.h:566 (tiff_persistent_reader:arm64+0x10000d6c4)
    #11 std::__1::vector<Image<float>, std::__1::allocator<Image<float>>>::__destroy_vector::operator()[abi:nqe220106]() vector.h:251 (tiff_persistent_reader:arm64+0x10000d6c4)
    #12 std::__1::vector<Image<float>, std::__1::allocator<Image<float>>>::~vector[abi:nqe220106]() vector.h:262 (tiff_persistent_reader:arm64+0x10000a25c)
    #13 std::__1::vector<Image<float>, std::__1::allocator<Image<float>>>::~vector[abi:nqe220106]() vector.h:262 (tiff_persistent_reader:arm64+0x10000a25c)
    #14 (anonymous namespace)::runCase(std::__1::basic_string<char, std::__1::char_traits<char>, std::__1::allocator<char>> const&, std::__1::basic_string<char, std::__1::char_traits<char>, std::__1::allocator<char>> const&, std::__1::vector<int, std::__1::allocator<int>> const&, std::__1::vector<int, std::__1::allocator<int>> const&) test_tiff_persistent_reader.cpp:239 (tiff_persistent_reader:arm64+0x10000a25c)
    #15 main test_tiff_persistent_reader.cpp:372 (tiff_persistent_reader:arm64+0x100004684)

  Previous write of size 8 at 0x00010ac01a80 by thread T6:
    #0 std::__1::vector<long, std::__1::allocator<long>>::__base_destruct_at_end[abi:nqe220106](long*) vector.h:779 (tiff_persistent_reader:arm64+0x100093fcc)
    #1 std::__1::vector<long, std::__1::allocator<long>>::clear[abi:nqe220106]() vector.h:566 (tiff_persistent_reader:arm64+0x100093fcc)
    #2 MetaDataTable::clear() metadata_table.cpp:163 (tiff_persistent_reader:arm64+0x100093fcc)
    #3 Image<float>::readTIFFFrameFromHandle(tiff*, TiffMovieLayout const&, long, TiffStripScratch&, FileName const&, TiffErrorContext*) rwTIFF.h:208 (tiff_persistent_reader:arm64+0x1000c4590)
    #4 TiffMovieReader::readFrames(std::__1::vector<int, std::__1::allocator<int>> const&, std::__1::vector<Image<float>, std::__1::allocator<Image<float>>>&) (.omp_outlined_debug__) tiff_movie_reader.cpp:95 (tiff_persistent_reader:arm64+0x1000c4404)
    #5 TiffMovieReader::readFrames(std::__1::vector<int, std::__1::allocator<int>> const&, std::__1::vector<Image<float>, std::__1::allocator<Image<float>>>&) (.omp_outlined) tiff_movie_reader.cpp:72 (tiff_persistent_reader:arm64+0x1000c4404)
    #6 __kmp_invoke_microtask <null> (libomp.dylib:arm64+0x6b138)

  Location is heap block of size 3904 at 0x00010ac01000 allocated by main thread:
    #0 operator new(unsigned long) <null> (libclang_rt.tsan_osx_dynamic.dylib:arm64e+0x91ad0)
    #1 Image<float>* std::__1::__libcpp_allocate[abi:nqe220106]<Image<float>>(std::__1::__element_count, unsigned long) allocate.h:60 (tiff_persistent_reader:arm64+0x100009c6c)
    #2 std::__1::allocator<Image<float>>::allocate[abi:nqe220106](unsigned long) allocator.h:92 (tiff_persistent_reader:arm64+0x100009c6c)
    #3 std::__1::__allocation_result<std::__1::allocator_traits<std::__1::allocator<Image<float>>>::pointer, std::__1::allocator_traits<std::__1::allocator<Image<float>>>::size_type> std::__1::__allocate_at_least[abi:nqe220106]<std::__1::allocator<Image<float>>, std::__1::allocator_traits<std::__1::allocator<Image<float>>>>(std::__1::allocator<Image<float>>&, unsigned long) allocate_at_least.h:46 (tiff_persistent_reader:arm64+0x100009c6c)
    #4 std::__1::vector<Image<float>, std::__1::allocator<Image<float>>>::__vallocate[abi:nqe220106](unsigned long) vector.h:597 (tiff_persistent_reader:arm64+0x100009c6c)
    #5 std::__1::vector<Image<float>, std::__1::allocator<Image<float>>>::vector[abi:nqe220106](unsigned long) vector.h:150 (tiff_persistent_reader:arm64+0x100009c6c)
    #6 std::__1::vector<Image<float>, std::__1::allocator<Image<float>>>::vector[abi:nqe220106](unsigned long) vector.h:147 (tiff_persistent_reader:arm64+0x100009c6c)
    #7 (anonymous namespace)::runCase(std::__1::basic_string<char, std::__1::char_traits<char>, std::__1::allocator<char>> const&, std::__1::basic_string<char, std::__1::char_traits<char>, std::__1::allocator<char>> const&, std::__1::vector<int, std::__1::allocator<int>> const&, std::__1::vector<int, std::__1::allocator<int>> const&) test_tiff_persistent_reader.cpp:227 (tiff_persistent_reader:arm64+0x100009c6c)
    #8 main test_tiff_persistent_reader.cpp:372 (tiff_persistent_reader:arm64+0x100004684)

  Thread T6 (tid=18123543, running) created by main thread at:
    #0 pthread_create <null> (libclang_rt.tsan_osx_dynamic.dylib:arm64e+0x33bac)
    #1 __kmp_create_worker <null> (libomp.dylib:arm64+0x50efc)
    #2 (anonymous namespace)::runCase(std::__1::basic_string<char, std::__1::char_traits<char>, std::__1::allocator<char>> const&, std::__1::basic_string<char, std::__1::char_traits<char>, std::__1::allocator<char>> const&, std::__1::vector<int, std::__1::allocator<int>> const&, std::__1::vector<int, std::__1::allocator<int>> const&) test_tiff_persistent_reader.cpp:229 (tiff_persistent_reader:arm64+0x100009d4c)
    #3 main test_tiff_persistent_reader.cpp:372 (tiff_persistent_reader:arm64+0x100004684)

SUMMARY: ThreadSanitizer: data race vector.h:779 in std::__1::vector<long, std::__1::allocator<long>>::__base_destruct_at_end[abi:nqe220106](long*)
==================
==================
WARNING: ThreadSanitizer: data race (pid=38781)
  Read of size 8 at 0x00010ac01a68 by main thread:
    #0 std::__1::vector<std::__1::basic_string<char, std::__1::char_traits<char>, std::__1::allocator<char>>, std::__1::allocator<std::__1::basic_string<char, std::__1::char_traits<char>, std::__1::allocator<char>>>>::size[abi:nqe220106]() const vector.h:396 (tiff_persistent_reader:arm64+0x100093fd8)
    #1 std::__1::vector<std::__1::basic_string<char, std::__1::char_traits<char>, std::__1::allocator<char>>, std::__1::allocator<std::__1::basic_string<char, std::__1::char_traits<char>, std::__1::allocator<char>>>>::clear[abi:nqe220106]() vector.h:565 (tiff_persistent_reader:arm64+0x100093fd8)
    #2 MetaDataTable::clear() metadata_table.cpp:164 (tiff_persistent_reader:arm64+0x100093fd8)
    #3 Image<float>::clearHeader() image.h:686 (tiff_persistent_reader:arm64+0x10001b2e0)
    #4 Image<float>::clear() image.h:677 (tiff_persistent_reader:arm64+0x10001b2e0)
    #5 Image<float>::~Image() image.h:693 (tiff_persistent_reader:arm64+0x10000d6c4)
    #6 Image<float>::~Image() image.h:692 (tiff_persistent_reader:arm64+0x10000d6c4)
    #7 std::__1::allocator<Image<float>>::destroy[abi:nqe220106](Image<float>*) allocator.h:144 (tiff_persistent_reader:arm64+0x10000d6c4)
    #8 void std::__1::allocator_traits<std::__1::allocator<Image<float>>>::destroy[abi:nqe220106]<Image<float>, 0>(std::__1::allocator<Image<float>>&, Image<float>*) allocator_traits.h:308 (tiff_persistent_reader:arm64+0x10000d6c4)
    #9 std::__1::vector<Image<float>, std::__1::allocator<Image<float>>>::__base_destruct_at_end[abi:nqe220106](Image<float>*) vector.h:778 (tiff_persistent_reader:arm64+0x10000d6c4)
    #10 std::__1::vector<Image<float>, std::__1::allocator<Image<float>>>::clear[abi:nqe220106]() vector.h:566 (tiff_persistent_reader:arm64+0x10000d6c4)
    #11 std::__1::vector<Image<float>, std::__1::allocator<Image<float>>>::__destroy_vector::operator()[abi:nqe220106]() vector.h:251 (tiff_persistent_reader:arm64+0x10000d6c4)
    #12 std::__1::vector<Image<float>, std::__1::allocator<Image<float>>>::~vector[abi:nqe220106]() vector.h:262 (tiff_persistent_reader:arm64+0x10000a25c)
    #13 std::__1::vector<Image<float>, std::__1::allocator<Image<float>>>::~vector[abi:nqe220106]() vector.h:262 (tiff_persistent_reader:arm64+0x10000a25c)
    #14 (anonymous namespace)::runCase(std::__1::basic_string<char, std::__1::char_traits<char>, std::__1::allocator<char>> const&, std::__1::basic_string<char, std::__1::char_traits<char>, std::__1::allocator<char>> const&, std::__1::vector<int, std::__1::allocator<int>> const&, std::__1::vector<int, std::__1::allocator<int>> const&) test_tiff_persistent_reader.cpp:239 (tiff_persistent_reader:arm64+0x10000a25c)
    #15 main test_tiff_persistent_reader.cpp:372 (tiff_persistent_reader:arm64+0x100004684)

  Previous write of size 8 at 0x00010ac01a68 by thread T6:
    #0 std::__1::vector<std::__1::basic_string<char, std::__1::char_traits<char>, std::__1::allocator<char>>, std::__1::allocator<std::__1::basic_string<char, std::__1::char_traits<char>, std::__1::allocator<char>>>>::__base_destruct_at_end[abi:nqe220106](std::__1::basic_string<char, std::__1::char_traits<char>, std::__1::allocator<char>>*) vector.h:779 (tiff_persistent_reader:arm64+0x100094038)
    #1 std::__1::vector<std::__1::basic_string<char, std::__1::char_traits<char>, std::__1::allocator<char>>, std::__1::allocator<std::__1::basic_string<char, std::__1::char_traits<char>, std::__1::allocator<char>>>>::clear[abi:nqe220106]() vector.h:566 (tiff_persistent_reader:arm64+0x100094038)
    #2 MetaDataTable::clear() metadata_table.cpp:164 (tiff_persistent_reader:arm64+0x100094038)
    #3 Image<float>::readTIFFFrameFromHandle(tiff*, TiffMovieLayout const&, long, TiffStripScratch&, FileName const&, TiffErrorContext*) rwTIFF.h:208 (tiff_persistent_reader:arm64+0x1000c4590)
    #4 TiffMovieReader::readFrames(std::__1::vector<int, std::__1::allocator<int>> const&, std::__1::vector<Image<float>, std::__1::allocator<Image<float>>>&) (.omp_outlined_debug__) tiff_movie_reader.cpp:95 (tiff_persistent_reader:arm64+0x1000c4404)
    #5 TiffMovieReader::readFrames(std::__1::vector<int, std::__1::allocator<int>> const&, std::__1::vector<Image<float>, std::__1::allocator<Image<float>>>&) (.omp_outlined) tiff_movie_reader.cpp:72 (tiff_persistent_reader:arm64+0x1000c4404)
    #6 __kmp_invoke_microtask <null> (libomp.dylib:arm64+0x6b138)

  Location is heap block of size 3904 at 0x00010ac01000 allocated by main thread:
    #0 operator new(unsigned long) <null> (libclang_rt.tsan_osx_dynamic.dylib:arm64e+0x91ad0)
    #1 Image<float>* std::__1::__libcpp_allocate[abi:nqe220106]<Image<float>>(std::__1::__element_count, unsigned long) allocate.h:60 (tiff_persistent_reader:arm64+0x100009c6c)
    #2 std::__1::allocator<Image<float>>::allocate[abi:nqe220106](unsigned long) allocator.h:92 (tiff_persistent_reader:arm64+0x100009c6c)
    #3 std::__1::__allocation_result<std::__1::allocator_traits<std::__1::allocator<Image<float>>>::pointer, std::__1::allocator_traits<std::__1::allocator<Image<float>>>::size_type> std::__1::__allocate_at_least[abi:nqe220106]<std::__1::allocator<Image<float>>, std::__1::allocator_traits<std::__1::allocator<Image<float>>>>(std::__1::allocator<Image<float>>&, unsigned long) allocate_at_least.h:46 (tiff_persistent_reader:arm64+0x100009c6c)
    #4 std::__1::vector<Image<float>, std::__1::allocator<Image<float>>>::__vallocate[abi:nqe220106](unsigned long) vector.h:597 (tiff_persistent_reader:arm64+0x100009c6c)
    #5 std::__1::vector<Image<float>, std::__1::allocator<Image<float>>>::vector[abi:nqe220106](unsigned long) vector.h:150 (tiff_persistent_reader:arm64+0x100009c6c)
    #6 std::__1::vector<Image<float>, std::__1::allocator<Image<float>>>::vector[abi:nqe220106](unsigned long) vector.h:147 (tiff_persistent_reader:arm64+0x100009c6c)
    #7 (anonymous namespace)::runCase(std::__1::basic_string<char, std::__1::char_traits<char>, std::__1::allocator<char>> const&, std::__1::basic_string<char, std::__1::char_traits<char>, std::__1::allocator<char>> const&, std::__1::vector<int, std::__1::allocator<int>> const&, std::__1::vector<int, std::__1::allocator<int>> const&) test_tiff_persistent_reader.cpp:227 (tiff_persistent_reader:arm64+0x100009c6c)
    #8 main test_tiff_persistent_reader.cpp:372 (tiff_persistent_reader:arm64+0x100004684)

  Thread T6 (tid=18123543, running) created by main thread at:
    #0 pthread_create <null> (libclang_rt.tsan_osx_dynamic.dylib:arm64e+0x33bac)
    #1 __kmp_create_worker <null> (libomp.dylib:arm64+0x50efc)
    #2 (anonymous namespace)::runCase(std::__1::basic_string<char, std::__1::char_traits<char>, std::__1::allocator<char>> const&, std::__1::basic_string<char, std::__1::char_traits<char>, std::__1::allocator<char>> const&, std::__1::vector<int, std::__1::allocator<int>> const&, std::__1::vector<int, std::__1::allocator<int>> const&) test_tiff_persistent_reader.cpp:229 (tiff_persistent_reader:arm64+0x100009d4c)
    #3 main test_tiff_persistent_reader.cpp:372 (tiff_persistent_reader:arm64+0x100004684)

SUMMARY: ThreadSanitizer: data race vector.h:396 in std::__1::vector<std::__1::basic_string<char, std::__1::char_traits<char>, std::__1::allocator<char>>, std::__1::allocator<std::__1::basic_string<char, std::__1::char_traits<char>, std::__1::allocator<char>>>>::size[abi:nqe220106]() const
==================
==================
WARNING: ThreadSanitizer: data race (pid=38781)
  Write of size 8 at 0x00010ac01ac8 by main thread:
    #0 MetaDataTable::clear() metadata_table.cpp:170 (tiff_persistent_reader:arm64+0x100094044)
    #1 Image<float>::clearHeader() image.h:686 (tiff_persistent_reader:arm64+0x10001b2e0)
    #2 Image<float>::clear() image.h:677 (tiff_persistent_reader:arm64+0x10001b2e0)
    #3 Image<float>::~Image() image.h:693 (tiff_persistent_reader:arm64+0x10000d6c4)
    #4 Image<float>::~Image() image.h:692 (tiff_persistent_reader:arm64+0x10000d6c4)
    #5 std::__1::allocator<Image<float>>::destroy[abi:nqe220106](Image<float>*) allocator.h:144 (tiff_persistent_reader:arm64+0x10000d6c4)
    #6 void std::__1::allocator_traits<std::__1::allocator<Image<float>>>::destroy[abi:nqe220106]<Image<float>, 0>(std::__1::allocator<Image<float>>&, Image<float>*) allocator_traits.h:308 (tiff_persistent_reader:arm64+0x10000d6c4)
    #7 std::__1::vector<Image<float>, std::__1::allocator<Image<float>>>::__base_destruct_at_end[abi:nqe220106](Image<float>*) vector.h:778 (tiff_persistent_reader:arm64+0x10000d6c4)
    #8 std::__1::vector<Image<float>, std::__1::allocator<Image<float>>>::clear[abi:nqe220106]() vector.h:566 (tiff_persistent_reader:arm64+0x10000d6c4)
    #9 std::__1::vector<Image<float>, std::__1::allocator<Image<float>>>::__destroy_vector::operator()[abi:nqe220106]() vector.h:251 (tiff_persistent_reader:arm64+0x10000d6c4)
    #10 std::__1::vector<Image<float>, std::__1::allocator<Image<float>>>::~vector[abi:nqe220106]() vector.h:262 (tiff_persistent_reader:arm64+0x10000a25c)
    #11 std::__1::vector<Image<float>, std::__1::allocator<Image<float>>>::~vector[abi:nqe220106]() vector.h:262 (tiff_persistent_reader:arm64+0x10000a25c)
    #12 (anonymous namespace)::runCase(std::__1::basic_string<char, std::__1::char_traits<char>, std::__1::allocator<char>> const&, std::__1::basic_string<char, std::__1::char_traits<char>, std::__1::allocator<char>> const&, std::__1::vector<int, std::__1::allocator<int>> const&, std::__1::vector<int, std::__1::allocator<int>> const&) test_tiff_persistent_reader.cpp:239 (tiff_persistent_reader:arm64+0x10000a25c)
    #13 main test_tiff_persistent_reader.cpp:372 (tiff_persistent_reader:arm64+0x100004684)

  Previous write of size 8 at 0x00010ac01ac8 by thread T6:
    #0 MetaDataTable::clear() metadata_table.cpp:170 (tiff_persistent_reader:arm64+0x100094044)
    #1 Image<float>::readTIFFFrameFromHandle(tiff*, TiffMovieLayout const&, long, TiffStripScratch&, FileName const&, TiffErrorContext*) rwTIFF.h:208 (tiff_persistent_reader:arm64+0x1000c4590)
    #2 TiffMovieReader::readFrames(std::__1::vector<int, std::__1::allocator<int>> const&, std::__1::vector<Image<float>, std::__1::allocator<Image<float>>>&) (.omp_outlined_debug__) tiff_movie_reader.cpp:95 (tiff_persistent_reader:arm64+0x1000c4404)
    #3 TiffMovieReader::readFrames(std::__1::vector<int, std::__1::allocator<int>> const&, std::__1::vector<Image<float>, std::__1::allocator<Image<float>>>&) (.omp_outlined) tiff_movie_reader.cpp:72 (tiff_persistent_reader:arm64+0x1000c4404)
    #4 __kmp_invoke_microtask <null> (libomp.dylib:arm64+0x6b138)

  Location is heap block of size 3904 at 0x00010ac01000 allocated by main thread:
    #0 operator new(unsigned long) <null> (libclang_rt.tsan_osx_dynamic.dylib:arm64e+0x91ad0)
    #1 Image<float>* std::__1::__libcpp_allocate[abi:nqe220106]<Image<float>>(std::__1::__element_count, unsigned long) allocate.h:60 (tiff_persistent_reader:arm64+0x100009c6c)
    #2 std::__1::allocator<Image<float>>::allocate[abi:nqe220106](unsigned long) allocator.h:92 (tiff_persistent_reader:arm64+0x100009c6c)
    #3 std::__1::__allocation_result<std::__1::allocator_traits<std::__1::allocator<Image<float>>>::pointer, std::__1::allocator_traits<std::__1::allocator<Image<float>>>::size_type> std::__1::__allocate_at_least[abi:nqe220106]<std::__1::allocator<Image<float>>, std::__1::allocator_traits<std::__1::allocator<Image<float>>>>(std::__1::allocator<Image<float>>&, unsigned long) allocate_at_least.h:46 (tiff_persistent_reader:arm64+0x100009c6c)
    #4 std::__1::vector<Image<float>, std::__1::allocator<Image<float>>>::__vallocate[abi:nqe220106](unsigned long) vector.h:597 (tiff_persistent_reader:arm64+0x100009c6c)
    #5 std::__1::vector<Image<float>, std::__1::allocator<Image<float>>>::vector[abi:nqe220106](unsigned long) vector.h:150 (tiff_persistent_reader:arm64+0x100009c6c)
    #6 std::__1::vector<Image<float>, std::__1::allocator<Image<float>>>::vector[abi:nqe220106](unsigned long) vector.h:147 (tiff_persistent_reader:arm64+0x100009c6c)
    #7 (anonymous namespace)::runCase(std::__1::basic_string<char, std::__1::char_traits<char>, std::__1::allocator<char>> const&, std::__1::basic_string<char, std::__1::char_traits<char>, std::__1::allocator<char>> const&, std::__1::vector<int, std::__1::allocator<int>> const&, std::__1::vector<int, std::__1::allocator<int>> const&) test_tiff_persistent_reader.cpp:227 (tiff_persistent_reader:arm64+0x100009c6c)
    #8 main test_tiff_persistent_reader.cpp:372 (tiff_persistent_reader:arm64+0x100004684)

  Thread T6 (tid=18123543, running) created by main thread at:
    #0 pthread_create <null> (libclang_rt.tsan_osx_dynamic.dylib:arm64e+0x33bac)
    #1 __kmp_create_worker <null> (libomp.dylib:arm64+0x50efc)
    #2 (anonymous namespace)::runCase(std::__1::basic_string<char, std::__1::char_traits<char>, std::__1::allocator<char>> const&, std::__1::basic_string<char, std::__1::char_traits<char>, std::__1::allocator<char>> const&, std::__1::vector<int, std::__1::allocator<int>> const&, std::__1::vector<int, std::__1::allocator<int>> const&) test_tiff_persistent_reader.cpp:229 (tiff_persistent_reader:arm64+0x100009d4c)
    #3 main test_tiff_persistent_reader.cpp:372 (tiff_persistent_reader:arm64+0x100004684)

SUMMARY: ThreadSanitizer: data race metadata_table.cpp:170 in MetaDataTable::clear()
==================
==================
WARNING: ThreadSanitizer: data race (pid=38781)
  Write of size 1 at 0x00010ac01ad0 by main thread:
    #0 MetaDataTable::clear() metadata_table.cpp:172 (tiff_persistent_reader:arm64+0x100094050)
    #1 Image<float>::clearHeader() image.h:686 (tiff_persistent_reader:arm64+0x10001b2e0)
    #2 Image<float>::clear() image.h:677 (tiff_persistent_reader:arm64+0x10001b2e0)
    #3 Image<float>::~Image() image.h:693 (tiff_persistent_reader:arm64+0x10000d6c4)
    #4 Image<float>::~Image() image.h:692 (tiff_persistent_reader:arm64+0x10000d6c4)
    #5 std::__1::allocator<Image<float>>::destroy[abi:nqe220106](Image<float>*) allocator.h:144 (tiff_persistent_reader:arm64+0x10000d6c4)
    #6 void std::__1::allocator_traits<std::__1::allocator<Image<float>>>::destroy[abi:nqe220106]<Image<float>, 0>(std::__1::allocator<Image<float>>&, Image<float>*) allocator_traits.h:308 (tiff_persistent_reader:arm64+0x10000d6c4)
    #7 std::__1::vector<Image<float>, std::__1::allocator<Image<float>>>::__base_destruct_at_end[abi:nqe220106](Image<float>*) vector.h:778 (tiff_persistent_reader:arm64+0x10000d6c4)
    #8 std::__1::vector<Image<float>, std::__1::allocator<Image<float>>>::clear[abi:nqe220106]() vector.h:566 (tiff_persistent_reader:arm64+0x10000d6c4)
    #9 std::__1::vector<Image<float>, std::__1::allocator<Image<float>>>::__destroy_vector::operator()[abi:nqe220106]() vector.h:251 (tiff_persistent_reader:arm64+0x10000d6c4)
    #10 std::__1::vector<Image<float>, std::__1::allocator<Image<float>>>::~vector[abi:nqe220106]() vector.h:262 (tiff_persistent_reader:arm64+0x10000a25c)
    #11 std::__1::vector<Image<float>, std::__1::allocator<Image<float>>>::~vector[abi:nqe220106]() vector.h:262 (tiff_persistent_reader:arm64+0x10000a25c)
    #12 (anonymous namespace)::runCase(std::__1::basic_string<char, std::__1::char_traits<char>, std::__1::allocator<char>> const&, std::__1::basic_string<char, std::__1::char_traits<char>, std::__1::allocator<char>> const&, std::__1::vector<int, std::__1::allocator<int>> const&, std::__1::vector<int, std::__1::allocator<int>> const&) test_tiff_persistent_reader.cpp:239 (tiff_persistent_reader:arm64+0x10000a25c)
    #13 main test_tiff_persistent_reader.cpp:372 (tiff_persistent_reader:arm64+0x100004684)

  Previous write of size 1 at 0x00010ac01ad0 by thread T6:
    #0 MetaDataTable::clear() metadata_table.cpp:172 (tiff_persistent_reader:arm64+0x100094050)
    #1 Image<float>::readTIFFFrameFromHandle(tiff*, TiffMovieLayout const&, long, TiffStripScratch&, FileName const&, TiffErrorContext*) rwTIFF.h:208 (tiff_persistent_reader:arm64+0x1000c4590)
    #2 TiffMovieReader::readFrames(std::__1::vector<int, std::__1::allocator<int>> const&, std::__1::vector<Image<float>, std::__1::allocator<Image<float>>>&) (.omp_outlined_debug__) tiff_movie_reader.cpp:95 (tiff_persistent_reader:arm64+0x1000c4404)
    #3 TiffMovieReader::readFrames(std::__1::vector<int, std::__1::allocator<int>> const&, std::__1::vector<Image<float>, std::__1::allocator<Image<float>>>&) (.omp_outlined) tiff_movie_reader.cpp:72 (tiff_persistent_reader:arm64+0x1000c4404)
    #4 __kmp_invoke_microtask <null> (libomp.dylib:arm64+0x6b138)

  Location is heap block of size 3904 at 0x00010ac01000 allocated by main thread:
    #0 operator new(unsigned long) <null> (libclang_rt.tsan_osx_dynamic.dylib:arm64e+0x91ad0)
    #1 Image<float>* std::__1::__libcpp_allocate[abi:nqe220106]<Image<float>>(std::__1::__element_count, unsigned long) allocate.h:60 (tiff_persistent_reader:arm64+0x100009c6c)
    #2 std::__1::allocator<Image<float>>::allocate[abi:nqe220106](unsigned long) allocator.h:92 (tiff_persistent_reader:arm64+0x100009c6c)
    #3 std::__1::__allocation_result<std::__1::allocator_traits<std::__1::allocator<Image<float>>>::pointer, std::__1::allocator_traits<std::__1::allocator<Image<float>>>::size_type> std::__1::__allocate_at_least[abi:nqe220106]<std::__1::allocator<Image<float>>, std::__1::allocator_traits<std::__1::allocator<Image<float>>>>(std::__1::allocator<Image<float>>&, unsigned long) allocate_at_least.h:46 (tiff_persistent_reader:arm64+0x100009c6c)
    #4 std::__1::vector<Image<float>, std::__1::allocator<Image<float>>>::__vallocate[abi:nqe220106](unsigned long) vector.h:597 (tiff_persistent_reader:arm64+0x100009c6c)
    #5 std::__1::vector<Image<float>, std::__1::allocator<Image<float>>>::vector[abi:nqe220106](unsigned long) vector.h:150 (tiff_persistent_reader:arm64+0x100009c6c)
    #6 std::__1::vector<Image<float>, std::__1::allocator<Image<float>>>::vector[abi:nqe220106](unsigned long) vector.h:147 (tiff_persistent_reader:arm64+0x100009c6c)
    #7 (anonymous namespace)::runCase(std::__1::basic_string<char, std::__1::char_traits<char>, std::__1::allocator<char>> const&, std::__1::basic_string<char, std::__1::char_traits<char>, std::__1::allocator<char>> const&, std::__1::vector<int, std::__1::allocator<int>> const&, std::__1::vector<int, std::__1::allocator<int>> const&) test_tiff_persistent_reader.cpp:227 (tiff_persistent_reader:arm64+0x100009c6c)
    #8 main test_tiff_persistent_reader.cpp:372 (tiff_persistent_reader:arm64+0x100004684)

  Thread T6 (tid=18123543, running) created by main thread at:
    #0 pthread_create <null> (libclang_rt.tsan_osx_dynamic.dylib:arm64e+0x33bac)
    #1 __kmp_create_worker <null> (libomp.dylib:arm64+0x50efc)
    #2 (anonymous namespace)::runCase(std::__1::basic_string<char, std::__1::char_traits<char>, std::__1::allocator<char>> const&, std::__1::basic_string<char, std::__1::char_traits<char>, std::__1::allocator<char>> const&, std::__1::vector<int, std::__1::allocator<int>> const&, std::__1::vector<int, std::__1::allocator<int>> const&) test_tiff_persistent_reader.cpp:229 (tiff_persistent_reader:arm64+0x100009d4c)
    #3 main test_tiff_persistent_reader.cpp:372 (tiff_persistent_reader:arm64+0x100004684)

SUMMARY: ThreadSanitizer: data race metadata_table.cpp:172 in MetaDataTable::clear()
==================
==================
WARNING: ThreadSanitizer: data race (pid=38781)
  Write of size 4 at 0x00010ac01b08 by main thread:
    #0 MetaDataTable::clear() metadata_table.cpp:175 (tiff_persistent_reader:arm64+0x10009408c)
    #1 Image<float>::clearHeader() image.h:686 (tiff_persistent_reader:arm64+0x10001b2e0)
    #2 Image<float>::clear() image.h:677 (tiff_persistent_reader:arm64+0x10001b2e0)
    #3 Image<float>::~Image() image.h:693 (tiff_persistent_reader:arm64+0x10000d6c4)
    #4 Image<float>::~Image() image.h:692 (tiff_persistent_reader:arm64+0x10000d6c4)
    #5 std::__1::allocator<Image<float>>::destroy[abi:nqe220106](Image<float>*) allocator.h:144 (tiff_persistent_reader:arm64+0x10000d6c4)
    #6 void std::__1::allocator_traits<std::__1::allocator<Image<float>>>::destroy[abi:nqe220106]<Image<float>, 0>(std::__1::allocator<Image<float>>&, Image<float>*) allocator_traits.h:308 (tiff_persistent_reader:arm64+0x10000d6c4)
    #7 std::__1::vector<Image<float>, std::__1::allocator<Image<float>>>::__base_destruct_at_end[abi:nqe220106](Image<float>*) vector.h:778 (tiff_persistent_reader:arm64+0x10000d6c4)
    #8 std::__1::vector<Image<float>, std::__1::allocator<Image<float>>>::clear[abi:nqe220106]() vector.h:566 (tiff_persistent_reader:arm64+0x10000d6c4)
    #9 std::__1::vector<Image<float>, std::__1::allocator<Image<float>>>::__destroy_vector::operator()[abi:nqe220106]() vector.h:251 (tiff_persistent_reader:arm64+0x10000d6c4)
    #10 std::__1::vector<Image<float>, std::__1::allocator<Image<float>>>::~vector[abi:nqe220106]() vector.h:262 (tiff_persistent_reader:arm64+0x10000a25c)
    #11 std::__1::vector<Image<float>, std::__1::allocator<Image<float>>>::~vector[abi:nqe220106]() vector.h:262 (tiff_persistent_reader:arm64+0x10000a25c)
    #12 (anonymous namespace)::runCase(std::__1::basic_string<char, std::__1::char_traits<char>, std::__1::allocator<char>> const&, std::__1::basic_string<char, std::__1::char_traits<char>, std::__1::allocator<char>> const&, std::__1::vector<int, std::__1::allocator<int>> const&, std::__1::vector<int, std::__1::allocator<int>> const&) test_tiff_persistent_reader.cpp:239 (tiff_persistent_reader:arm64+0x10000a25c)
    #13 main test_tiff_persistent_reader.cpp:372 (tiff_persistent_reader:arm64+0x100004684)

  Previous write of size 4 at 0x00010ac01b08 by thread T6:
    #0 MetaDataTable::clear() metadata_table.cpp:175 (tiff_persistent_reader:arm64+0x10009408c)
    #1 Image<float>::readTIFFFrameFromHandle(tiff*, TiffMovieLayout const&, long, TiffStripScratch&, FileName const&, TiffErrorContext*) rwTIFF.h:208 (tiff_persistent_reader:arm64+0x1000c4590)
    #2 TiffMovieReader::readFrames(std::__1::vector<int, std::__1::allocator<int>> const&, std::__1::vector<Image<float>, std::__1::allocator<Image<float>>>&) (.omp_outlined_debug__) tiff_movie_reader.cpp:95 (tiff_persistent_reader:arm64+0x1000c4404)
    #3 TiffMovieReader::readFrames(std::__1::vector<int, std::__1::allocator<int>> const&, std::__1::vector<Image<float>, std::__1::allocator<Image<float>>>&) (.omp_outlined) tiff_movie_reader.cpp:72 (tiff_persistent_reader:arm64+0x1000c4404)
    #4 __kmp_invoke_microtask <null> (libomp.dylib:arm64+0x6b138)

  Location is heap block of size 3904 at 0x00010ac01000 allocated by main thread:
    #0 operator new(unsigned long) <null> (libclang_rt.tsan_osx_dynamic.dylib:arm64e+0x91ad0)
    #1 Image<float>* std::__1::__libcpp_allocate[abi:nqe220106]<Image<float>>(std::__1::__element_count, unsigned long) allocate.h:60 (tiff_persistent_reader:arm64+0x100009c6c)
    #2 std::__1::allocator<Image<float>>::allocate[abi:nqe220106](unsigned long) allocator.h:92 (tiff_persistent_reader:arm64+0x100009c6c)
    #3 std::__1::__allocation_result<std::__1::allocator_traits<std::__1::allocator<Image<float>>>::pointer, std::__1::allocator_traits<std::__1::allocator<Image<float>>>::size_type> std::__1::__allocate_at_least[abi:nqe220106]<std::__1::allocator<Image<float>>, std::__1::allocator_traits<std::__1::allocator<Image<float>>>>(std::__1::allocator<Image<float>>&, unsigned long) allocate_at_least.h:46 (tiff_persistent_reader:arm64+0x100009c6c)
    #4 std::__1::vector<Image<float>, std::__1::allocator<Image<float>>>::__vallocate[abi:nqe220106](unsigned long) vector.h:597 (tiff_persistent_reader:arm64+0x100009c6c)
    #5 std::__1::vector<Image<float>, std::__1::allocator<Image<float>>>::vector[abi:nqe220106](unsigned long) vector.h:150 (tiff_persistent_reader:arm64+0x100009c6c)
    #6 std::__1::vector<Image<float>, std::__1::allocator<Image<float>>>::vector[abi:nqe220106](unsigned long) vector.h:147 (tiff_persistent_reader:arm64+0x100009c6c)
    #7 (anonymous namespace)::runCase(std::__1::basic_string<char, std::__1::char_traits<char>, std::__1::allocator<char>> const&, std::__1::basic_string<char, std::__1::char_traits<char>, std::__1::allocator<char>> const&, std::__1::vector<int, std::__1::allocator<int>> const&, std::__1::vector<int, std::__1::allocator<int>> const&) test_tiff_persistent_reader.cpp:227 (tiff_persistent_reader:arm64+0x100009c6c)
    #8 main test_tiff_persistent_reader.cpp:372 (tiff_persistent_reader:arm64+0x100004684)

  Thread T6 (tid=18123543, running) created by main thread at:
    #0 pthread_create <null> (libclang_rt.tsan_osx_dynamic.dylib:arm64e+0x33bac)
    #1 __kmp_create_worker <null> (libomp.dylib:arm64+0x50efc)
    #2 (anonymous namespace)::runCase(std::__1::basic_string<char, std::__1::char_traits<char>, std::__1::allocator<char>> const&, std::__1::basic_string<char, std::__1::char_traits<char>, std::__1::allocator<char>> const&, std::__1::vector<int, std::__1::allocator<int>> const&, std::__1::vector<int, std::__1::allocator<int>> const&) test_tiff_persistent_reader.cpp:229 (tiff_persistent_reader:arm64+0x100009d4c)
    #3 main test_tiff_persistent_reader.cpp:372 (tiff_persistent_reader:arm64+0x100004684)

SUMMARY: ThreadSanitizer: data race metadata_table.cpp:175 in MetaDataTable::clear()
==================
==================
WARNING: ThreadSanitizer: data race (pid=38781)
  Read of size 8 at 0x00010ac01a48 by main thread:
    #0 std::__1::vector<EMDLabel, std::__1::allocator<EMDLabel>>::size[abi:nqe220106]() const vector.h:396 (tiff_persistent_reader:arm64+0x10009409c)
    #1 std::__1::vector<EMDLabel, std::__1::allocator<EMDLabel>>::clear[abi:nqe220106]() vector.h:565 (tiff_persistent_reader:arm64+0x10009409c)
    #2 MetaDataTable::clear() metadata_table.cpp:177 (tiff_persistent_reader:arm64+0x10009409c)
    #3 Image<float>::clearHeader() image.h:686 (tiff_persistent_reader:arm64+0x10001b2e0)
    #4 Image<float>::clear() image.h:677 (tiff_persistent_reader:arm64+0x10001b2e0)
    #5 Image<float>::~Image() image.h:693 (tiff_persistent_reader:arm64+0x10000d6c4)
    #6 Image<float>::~Image() image.h:692 (tiff_persistent_reader:arm64+0x10000d6c4)
    #7 std::__1::allocator<Image<float>>::destroy[abi:nqe220106](Image<float>*) allocator.h:144 (tiff_persistent_reader:arm64+0x10000d6c4)
    #8 void std::__1::allocator_traits<std::__1::allocator<Image<float>>>::destroy[abi:nqe220106]<Image<float>, 0>(std::__1::allocator<Image<float>>&, Image<float>*) allocator_traits.h:308 (tiff_persistent_reader:arm64+0x10000d6c4)
    #9 std::__1::vector<Image<float>, std::__1::allocator<Image<float>>>::__base_destruct_at_end[abi:nqe220106](Image<float>*) vector.h:778 (tiff_persistent_reader:arm64+0x10000d6c4)
    #10 std::__1::vector<Image<float>, std::__1::allocator<Image<float>>>::clear[abi:nqe220106]() vector.h:566 (tiff_persistent_reader:arm64+0x10000d6c4)
    #11 std::__1::vector<Image<float>, std::__1::allocator<Image<float>>>::__destroy_vector::operator()[abi:nqe220106]() vector.h:251 (tiff_persistent_reader:arm64+0x10000d6c4)
    #12 std::__1::vector<Image<float>, std::__1::allocator<Image<float>>>::~vector[abi:nqe220106]() vector.h:262 (tiff_persistent_reader:arm64+0x10000a25c)
    #13 std::__1::vector<Image<float>, std::__1::allocator<Image<float>>>::~vector[abi:nqe220106]() vector.h:262 (tiff_persistent_reader:arm64+0x10000a25c)
    #14 (anonymous namespace)::runCase(std::__1::basic_string<char, std::__1::char_traits<char>, std::__1::allocator<char>> const&, std::__1::basic_string<char, std::__1::char_traits<char>, std::__1::allocator<char>> const&, std::__1::vector<int, std::__1::allocator<int>> const&, std::__1::vector<int, std::__1::allocator<int>> const&) test_tiff_persistent_reader.cpp:239 (tiff_persistent_reader:arm64+0x10000a25c)
    #15 main test_tiff_persistent_reader.cpp:372 (tiff_persistent_reader:arm64+0x100004684)

  Previous write of size 8 at 0x00010ac01a48 by thread T6:
    #0 std::__1::enable_if<is_move_constructible<EMDLabel*>::value && is_move_assignable<EMDLabel*>::value, void>::type std::__1::swap[abi:nqe220106]<EMDLabel*>(EMDLabel*&, EMDLabel*&) swap.h:44 (tiff_persistent_reader:arm64+0x1000a6d44)
    #1 std::__1::vector<EMDLabel, std::__1::allocator<EMDLabel>>::__swap_out_circular_buffer(std::__1::__split_buffer<EMDLabel, std::__1::allocator<EMDLabel>&>&) vector.h:864 (tiff_persistent_reader:arm64+0x1000a6d44)
    #2 EMDLabel* std::__1::vector<EMDLabel, std::__1::allocator<EMDLabel>>::__emplace_back_slow_path<EMDLabel const&>(EMDLabel const&) vector.h:1111 (tiff_persistent_reader:arm64+0x1000a6d44)
    #3 EMDLabel& std::__1::vector<EMDLabel, std::__1::allocator<EMDLabel>>::emplace_back<EMDLabel const&>(EMDLabel const&)::'lambda0'()::operator()() const vector.h:1149 (tiff_persistent_reader:arm64+0x1000a6d44)
    #4 void std::__1::__if_likely_else[abi:nqe220106]<EMDLabel& std::__1::vector<EMDLabel, std::__1::allocator<EMDLabel>>::emplace_back<EMDLabel const&>(EMDLabel const&)::'lambda'(), EMDLabel& std::__1::vector<EMDLabel, std::__1::allocator<EMDLabel>>::emplace_back<EMDLabel const&>(EMDLabel const&)::'lambda0'()>(bool, EMDLabel& std::__1::vector<EMDLabel, std::__1::allocator<EMDLabel>>::emplace_back<EMDLabel const&>(EMDLabel const&)::'lambda'(), EMDLabel& std::__1::vector<EMDLabel, std::__1::allocator<EMDLabel>>::emplace_back<EMDLabel const&>(EMDLabel const&)::'lambda0'()) vector.h:1129 (tiff_persistent_reader:arm64+0x10009aa70)
    #5 EMDLabel& std::__1::vector<EMDLabel, std::__1::allocator<EMDLabel>>::emplace_back<EMDLabel const&>(EMDLabel const&) vector.h:1143 (tiff_persistent_reader:arm64+0x10009aa70)
    #6 std::__1::vector<EMDLabel, std::__1::allocator<EMDLabel>>::push_back[abi:nqe220106](EMDLabel const&) vector.h:464 (tiff_persistent_reader:arm64+0x10009aa70)
    #7 MetaDataTable::addLabel(EMDLabel, std::__1::basic_string<char, std::__1::char_traits<char>, std::__1::allocator<char>>) metadata_table.cpp:821 (tiff_persistent_reader:arm64+0x10009aa70)
    #8 bool MetaDataTable::setValue<int>(EMDLabel, int const&, long) metadata_table.h:490 (tiff_persistent_reader:arm64+0x100016e38)
    #9 Image<float>::applyTiffLayout(TiffMovieLayout const&, long, bool, bool, FileName const&) rwTIFF.h:46 (tiff_persistent_reader:arm64+0x100017e5c)
    #10 Image<float>::readTIFFFrameFromHandle(tiff*, TiffMovieLayout const&, long, TiffStripScratch&, FileName const&, TiffErrorContext*) rwTIFF.h:215 (tiff_persistent_reader:arm64+0x1000c45e8)
    #11 TiffMovieReader::readFrames(std::__1::vector<int, std::__1::allocator<int>> const&, std::__1::vector<Image<float>, std::__1::allocator<Image<float>>>&) (.omp_outlined_debug__) tiff_movie_reader.cpp:95 (tiff_persistent_reader:arm64+0x1000c4404)
    #12 TiffMovieReader::readFrames(std::__1::vector<int, std::__1::allocator<int>> const&, std::__1::vector<Image<float>, std::__1::allocator<Image<float>>>&) (.omp_outlined) tiff_movie_reader.cpp:72 (tiff_persistent_reader:arm64+0x1000c4404)
    #13 __kmp_invoke_microtask <null> (libomp.dylib:arm64+0x6b138)

  Location is heap block of size 3904 at 0x00010ac01000 allocated by main thread:
    #0 operator new(unsigned long) <null> (libclang_rt.tsan_osx_dynamic.dylib:arm64e+0x91ad0)
    #1 Image<float>* std::__1::__libcpp_allocate[abi:nqe220106]<Image<float>>(std::__1::__element_count, unsigned long) allocate.h:60 (tiff_persistent_reader:arm64+0x100009c6c)
    #2 std::__1::allocator<Image<float>>::allocate[abi:nqe220106](unsigned long) allocator.h:92 (tiff_persistent_reader:arm64+0x100009c6c)
    #3 std::__1::__allocation_result<std::__1::allocator_traits<std::__1::allocator<Image<float>>>::pointer, std::__1::allocator_traits<std::__1::allocator<Image<float>>>::size_type> std::__1::__allocate_at_least[abi:nqe220106]<std::__1::allocator<Image<float>>, std::__1::allocator_traits<std::__1::allocator<Image<float>>>>(std::__1::allocator<Image<float>>&, unsigned long) allocate_at_least.h:46 (tiff_persistent_reader:arm64+0x100009c6c)
    #4 std::__1::vector<Image<float>, std::__1::allocator<Image<float>>>::__vallocate[abi:nqe220106](unsigned long) vector.h:597 (tiff_persistent_reader:arm64+0x100009c6c)
    #5 std::__1::vector<Image<float>, std::__1::allocator<Image<float>>>::vector[abi:nqe220106](unsigned long) vector.h:150 (tiff_persistent_reader:arm64+0x100009c6c)
    #6 std::__1::vector<Image<float>, std::__1::allocator<Image<float>>>::vector[abi:nqe220106](unsigned long) vector.h:147 (tiff_persistent_reader:arm64+0x100009c6c)
    #7 (anonymous namespace)::runCase(std::__1::basic_string<char, std::__1::char_traits<char>, std::__1::allocator<char>> const&, std::__1::basic_string<char, std::__1::char_traits<char>, std::__1::allocator<char>> const&, std::__1::vector<int, std::__1::allocator<int>> const&, std::__1::vector<int, std::__1::allocator<int>> const&) test_tiff_persistent_reader.cpp:227 (tiff_persistent_reader:arm64+0x100009c6c)
    #8 main test_tiff_persistent_reader.cpp:372 (tiff_persistent_reader:arm64+0x100004684)

  Thread T6 (tid=18123543, running) created by main thread at:
    #0 pthread_create <null> (libclang_rt.tsan_osx_dynamic.dylib:arm64e+0x33bac)
    #1 __kmp_create_worker <null> (libomp.dylib:arm64+0x50efc)
    #2 (anonymous namespace)::runCase(std::__1::basic_string<char, std::__1::char_traits<char>, std::__1::allocator<char>> const&, std::__1::basic_string<char, std::__1::char_traits<char>, std::__1::allocator<char>> const&, std::__1::vector<int, std::__1::allocator<int>> const&, std::__1::vector<int, std::__1::allocator<int>> const&) test_tiff_persistent_reader.cpp:229 (tiff_persistent_reader:arm64+0x100009d4c)
    #3 main test_tiff_persistent_reader.cpp:372 (tiff_persistent_reader:arm64+0x100004684)

SUMMARY: ThreadSanitizer: data race vector.h:396 in std::__1::vector<EMDLabel, std::__1::allocator<EMDLabel>>::size[abi:nqe220106]() const
==================
==================
WARNING: ThreadSanitizer: data race (pid=38781)
  Write of size 8 at 0x00010ac01a50 by main thread:
    #0 std::__1::vector<EMDLabel, std::__1::allocator<EMDLabel>>::__base_destruct_at_end[abi:nqe220106](EMDLabel*) vector.h:779 (tiff_persistent_reader:arm64+0x1000940a8)
    #1 std::__1::vector<EMDLabel, std::__1::allocator<EMDLabel>>::clear[abi:nqe220106]() vector.h:566 (tiff_persistent_reader:arm64+0x1000940a8)
    #2 MetaDataTable::clear() metadata_table.cpp:177 (tiff_persistent_reader:arm64+0x1000940a8)
    #3 Image<float>::clearHeader() image.h:686 (tiff_persistent_reader:arm64+0x10001b2e0)
    #4 Image<float>::clear() image.h:677 (tiff_persistent_reader:arm64+0x10001b2e0)
    #5 Image<float>::~Image() image.h:693 (tiff_persistent_reader:arm64+0x10000d6c4)
    #6 Image<float>::~Image() image.h:692 (tiff_persistent_reader:arm64+0x10000d6c4)
    #7 std::__1::allocator<Image<float>>::destroy[abi:nqe220106](Image<float>*) allocator.h:144 (tiff_persistent_reader:arm64+0x10000d6c4)
    #8 void std::__1::allocator_traits<std::__1::allocator<Image<float>>>::destroy[abi:nqe220106]<Image<float>, 0>(std::__1::allocator<Image<float>>&, Image<float>*) allocator_traits.h:308 (tiff_persistent_reader:arm64+0x10000d6c4)
    #9 std::__1::vector<Image<float>, std::__1::allocator<Image<float>>>::__base_destruct_at_end[abi:nqe220106](Image<float>*) vector.h:778 (tiff_persistent_reader:arm64+0x10000d6c4)
    #10 std::__1::vector<Image<float>, std::__1::allocator<Image<float>>>::clear[abi:nqe220106]() vector.h:566 (tiff_persistent_reader:arm64+0x10000d6c4)
    #11 std::__1::vector<Image<float>, std::__1::allocator<Image<float>>>::__destroy_vector::operator()[abi:nqe220106]() vector.h:251 (tiff_persistent_reader:arm64+0x10000d6c4)
    #12 std::__1::vector<Image<float>, std::__1::allocator<Image<float>>>::~vector[abi:nqe220106]() vector.h:262 (tiff_persistent_reader:arm64+0x10000a25c)
    #13 std::__1::vector<Image<float>, std::__1::allocator<Image<float>>>::~vector[abi:nqe220106]() vector.h:262 (tiff_persistent_reader:arm64+0x10000a25c)
    #14 (anonymous namespace)::runCase(std::__1::basic_string<char, std::__1::char_traits<char>, std::__1::allocator<char>> const&, std::__1::basic_string<char, std::__1::char_traits<char>, std::__1::allocator<char>> const&, std::__1::vector<int, std::__1::allocator<int>> const&, std::__1::vector<int, std::__1::allocator<int>> const&) test_tiff_persistent_reader.cpp:239 (tiff_persistent_reader:arm64+0x10000a25c)
    #15 main test_tiff_persistent_reader.cpp:372 (tiff_persistent_reader:arm64+0x100004684)

  Previous write of size 8 at 0x00010ac01a50 by thread T6:
    #0 std::__1::vector<EMDLabel, std::__1::allocator<EMDLabel>>::__base_destruct_at_end[abi:nqe220106](EMDLabel*) vector.h:779 (tiff_persistent_reader:arm64+0x1000940a8)
    #1 std::__1::vector<EMDLabel, std::__1::allocator<EMDLabel>>::clear[abi:nqe220106]() vector.h:566 (tiff_persistent_reader:arm64+0x1000940a8)
    #2 MetaDataTable::clear() metadata_table.cpp:177 (tiff_persistent_reader:arm64+0x1000940a8)
    #3 Image<float>::readTIFFFrameFromHandle(tiff*, TiffMovieLayout const&, long, TiffStripScratch&, FileName const&, TiffErrorContext*) rwTIFF.h:208 (tiff_persistent_reader:arm64+0x1000c4590)
    #4 TiffMovieReader::readFrames(std::__1::vector<int, std::__1::allocator<int>> const&, std::__1::vector<Image<float>, std::__1::allocator<Image<float>>>&) (.omp_outlined_debug__) tiff_movie_reader.cpp:95 (tiff_persistent_reader:arm64+0x1000c4404)
    #5 TiffMovieReader::readFrames(std::__1::vector<int, std::__1::allocator<int>> const&, std::__1::vector<Image<float>, std::__1::allocator<Image<float>>>&) (.omp_outlined) tiff_movie_reader.cpp:72 (tiff_persistent_reader:arm64+0x1000c4404)
    #6 __kmp_invoke_microtask <null> (libomp.dylib:arm64+0x6b138)

  Location is heap block of size 3904 at 0x00010ac01000 allocated by main thread:
    #0 operator new(unsigned long) <null> (libclang_rt.tsan_osx_dynamic.dylib:arm64e+0x91ad0)
    #1 Image<float>* std::__1::__libcpp_allocate[abi:nqe220106]<Image<float>>(std::__1::__element_count, unsigned long) allocate.h:60 (tiff_persistent_reader:arm64+0x100009c6c)
    #2 std::__1::allocator<Image<float>>::allocate[abi:nqe220106](unsigned long) allocator.h:92 (tiff_persistent_reader:arm64+0x100009c6c)
    #3 std::__1::__allocation_result<std::__1::allocator_traits<std::__1::allocator<Image<float>>>::pointer, std::__1::allocator_traits<std::__1::allocator<Image<float>>>::size_type> std::__1::__allocate_at_least[abi:nqe220106]<std::__1::allocator<Image<float>>, std::__1::allocator_traits<std::__1::allocator<Image<float>>>>(std::__1::allocator<Image<float>>&, unsigned long) allocate_at_least.h:46 (tiff_persistent_reader:arm64+0x100009c6c)
    #4 std::__1::vector<Image<float>, std::__1::allocator<Image<float>>>::__vallocate[abi:nqe220106](unsigned long) vector.h:597 (tiff_persistent_reader:arm64+0x100009c6c)
    #5 std::__1::vector<Image<float>, std::__1::allocator<Image<float>>>::vector[abi:nqe220106](unsigned long) vector.h:150 (tiff_persistent_reader:arm64+0x100009c6c)
    #6 std::__1::vector<Image<float>, std::__1::allocator<Image<float>>>::vector[abi:nqe220106](unsigned long) vector.h:147 (tiff_persistent_reader:arm64+0x100009c6c)
    #7 (anonymous namespace)::runCase(std::__1::basic_string<char, std::__1::char_traits<char>, std::__1::allocator<char>> const&, std::__1::basic_string<char, std::__1::char_traits<char>, std::__1::allocator<char>> const&, std::__1::vector<int, std::__1::allocator<int>> const&, std::__1::vector<int, std::__1::allocator<int>> const&) test_tiff_persistent_reader.cpp:227 (tiff_persistent_reader:arm64+0x100009c6c)
    #8 main test_tiff_persistent_reader.cpp:372 (tiff_persistent_reader:arm64+0x100004684)

  Thread T6 (tid=18123543, running) created by main thread at:
    #0 pthread_create <null> (libclang_rt.tsan_osx_dynamic.dylib:arm64e+0x33bac)
    #1 __kmp_create_worker <null> (libomp.dylib:arm64+0x50efc)
    #2 (anonymous namespace)::runCase(std::__1::basic_string<char, std::__1::char_traits<char>, std::__1::allocator<char>> const&, std::__1::basic_string<char, std::__1::char_traits<char>, std::__1::allocator<char>> const&, std::__1::vector<int, std::__1::allocator<int>> const&, std::__1::vector<int, std::__1::allocator<int>> const&) test_tiff_persistent_reader.cpp:229 (tiff_persistent_reader:arm64+0x100009d4c)
    #3 main test_tiff_persistent_reader.cpp:372 (tiff_persistent_reader:arm64+0x100004684)

SUMMARY: ThreadSanitizer: data race vector.h:779 in std::__1::vector<EMDLabel, std::__1::allocator<EMDLabel>>::__base_destruct_at_end[abi:nqe220106](EMDLabel*)
==================
==================
WARNING: ThreadSanitizer: data race (pid=38781)
  Write of size 8 at 0x00010ac01b58 by main thread:
    #0 Image<float>::clear() image.h:678 (tiff_persistent_reader:arm64+0x10001b2e8)
    #1 Image<float>::~Image() image.h:693 (tiff_persistent_reader:arm64+0x10000d6c4)
    #2 Image<float>::~Image() image.h:692 (tiff_persistent_reader:arm64+0x10000d6c4)
    #3 std::__1::allocator<Image<float>>::destroy[abi:nqe220106](Image<float>*) allocator.h:144 (tiff_persistent_reader:arm64+0x10000d6c4)
    #4 void std::__1::allocator_traits<std::__1::allocator<Image<float>>>::destroy[abi:nqe220106]<Image<float>, 0>(std::__1::allocator<Image<float>>&, Image<float>*) allocator_traits.h:308 (tiff_persistent_reader:arm64+0x10000d6c4)
    #5 std::__1::vector<Image<float>, std::__1::allocator<Image<float>>>::__base_destruct_at_end[abi:nqe220106](Image<float>*) vector.h:778 (tiff_persistent_reader:arm64+0x10000d6c4)
    #6 std::__1::vector<Image<float>, std::__1::allocator<Image<float>>>::clear[abi:nqe220106]() vector.h:566 (tiff_persistent_reader:arm64+0x10000d6c4)
    #7 std::__1::vector<Image<float>, std::__1::allocator<Image<float>>>::__destroy_vector::operator()[abi:nqe220106]() vector.h:251 (tiff_persistent_reader:arm64+0x10000d6c4)
    #8 std::__1::vector<Image<float>, std::__1::allocator<Image<float>>>::~vector[abi:nqe220106]() vector.h:262 (tiff_persistent_reader:arm64+0x10000a25c)
    #9 std::__1::vector<Image<float>, std::__1::allocator<Image<float>>>::~vector[abi:nqe220106]() vector.h:262 (tiff_persistent_reader:arm64+0x10000a25c)
    #10 (anonymous namespace)::runCase(std::__1::basic_string<char, std::__1::char_traits<char>, std::__1::allocator<char>> const&, std::__1::basic_string<char, std::__1::char_traits<char>, std::__1::allocator<char>> const&, std::__1::vector<int, std::__1::allocator<int>> const&, std::__1::vector<int, std::__1::allocator<int>> const&) test_tiff_persistent_reader.cpp:239 (tiff_persistent_reader:arm64+0x10000a25c)
    #11 main test_tiff_persistent_reader.cpp:372 (tiff_persistent_reader:arm64+0x100004684)

  Previous write of size 8 at 0x00010ac01b58 by thread T6:
    #0 Image<float>::applyTiffLayout(TiffMovieLayout const&, long, bool, bool, FileName const&) rwTIFF.h (tiff_persistent_reader:arm64+0x100017ea0)
    #1 Image<float>::readTIFFFrameFromHandle(tiff*, TiffMovieLayout const&, long, TiffStripScratch&, FileName const&, TiffErrorContext*) rwTIFF.h:215 (tiff_persistent_reader:arm64+0x1000c45e8)
    #2 TiffMovieReader::readFrames(std::__1::vector<int, std::__1::allocator<int>> const&, std::__1::vector<Image<float>, std::__1::allocator<Image<float>>>&) (.omp_outlined_debug__) tiff_movie_reader.cpp:95 (tiff_persistent_reader:arm64+0x1000c4404)
    #3 TiffMovieReader::readFrames(std::__1::vector<int, std::__1::allocator<int>> const&, std::__1::vector<Image<float>, std::__1::allocator<Image<float>>>&) (.omp_outlined) tiff_movie_reader.cpp:72 (tiff_persistent_reader:arm64+0x1000c4404)
    #4 __kmp_invoke_microtask <null> (libomp.dylib:arm64+0x6b138)

  Location is heap block of size 3904 at 0x00010ac01000 allocated by main thread:
    #0 operator new(unsigned long) <null> (libclang_rt.tsan_osx_dynamic.dylib:arm64e+0x91ad0)
    #1 Image<float>* std::__1::__libcpp_allocate[abi:nqe220106]<Image<float>>(std::__1::__element_count, unsigned long) allocate.h:60 (tiff_persistent_reader:arm64+0x100009c6c)
    #2 std::__1::allocator<Image<float>>::allocate[abi:nqe220106](unsigned long) allocator.h:92 (tiff_persistent_reader:arm64+0x100009c6c)
    #3 std::__1::__allocation_result<std::__1::allocator_traits<std::__1::allocator<Image<float>>>::pointer, std::__1::allocator_traits<std::__1::allocator<Image<float>>>::size_type> std::__1::__allocate_at_least[abi:nqe220106]<std::__1::allocator<Image<float>>, std::__1::allocator_traits<std::__1::allocator<Image<float>>>>(std::__1::allocator<Image<float>>&, unsigned long) allocate_at_least.h:46 (tiff_persistent_reader:arm64+0x100009c6c)
    #4 std::__1::vector<Image<float>, std::__1::allocator<Image<float>>>::__vallocate[abi:nqe220106](unsigned long) vector.h:597 (tiff_persistent_reader:arm64+0x100009c6c)
    #5 std::__1::vector<Image<float>, std::__1::allocator<Image<float>>>::vector[abi:nqe220106](unsigned long) vector.h:150 (tiff_persistent_reader:arm64+0x100009c6c)
    #6 std::__1::vector<Image<float>, std::__1::allocator<Image<float>>>::vector[abi:nqe220106](unsigned long) vector.h:147 (tiff_persistent_reader:arm64+0x100009c6c)
    #7 (anonymous namespace)::runCase(std::__1::basic_string<char, std::__1::char_traits<char>, std::__1::allocator<char>> const&, std::__1::basic_string<char, std::__1::char_traits<char>, std::__1::allocator<char>> const&, std::__1::vector<int, std::__1::allocator<int>> const&, std::__1::vector<int, std::__1::allocator<int>> const&) test_tiff_persistent_reader.cpp:227 (tiff_persistent_reader:arm64+0x100009c6c)
    #8 main test_tiff_persistent_reader.cpp:372 (tiff_persistent_reader:arm64+0x100004684)

  Thread T6 (tid=18123543, running) created by main thread at:
    #0 pthread_create <null> (libclang_rt.tsan_osx_dynamic.dylib:arm64e+0x33bac)
    #1 __kmp_create_worker <null> (libomp.dylib:arm64+0x50efc)
    #2 (anonymous namespace)::runCase(std::__1::basic_string<char, std::__1::char_traits<char>, std::__1::allocator<char>> const&, std::__1::basic_string<char, std::__1::char_traits<char>, std::__1::allocator<char>> const&, std::__1::vector<int, std::__1::allocator<int>> const&, std::__1::vector<int, std::__1::allocator<int>> const&) test_tiff_persistent_reader.cpp:229 (tiff_persistent_reader:arm64+0x100009d4c)
    #3 main test_tiff_persistent_reader.cpp:372 (tiff_persistent_reader:arm64+0x100004684)

SUMMARY: ThreadSanitizer: data race image.h:678 in Image<float>::clear()
==================
==================
WARNING: ThreadSanitizer: data race (pid=38781)
  Write of size 8 at 0x00016f95ea90 by main thread:
    #0 TiffMovieLayout::TiffMovieLayout() rwTIFF_layout.h:74 (tiff_persistent_reader:arm64+0x1000c37c8)
    #1 TiffMovieLayout::TiffMovieLayout() rwTIFF_layout.h:63 (tiff_persistent_reader:arm64+0x1000c37c8)
    #2 TiffMovieReader::TiffMovieReader(FileName const&, int) tiff_movie_reader.cpp:28 (tiff_persistent_reader:arm64+0x1000c37c8)
    #3 TiffMovieReader::TiffMovieReader(FileName const&, int) tiff_movie_reader.cpp:30 (tiff_persistent_reader:arm64+0x1000c3e60)
    #4 (anonymous namespace)::runCase(std::__1::basic_string<char, std::__1::char_traits<char>, std::__1::allocator<char>> const&, std::__1::basic_string<char, std::__1::char_traits<char>, std::__1::allocator<char>> const&, std::__1::vector<int, std::__1::allocator<int>> const&, std::__1::vector<int, std::__1::allocator<int>> const&) test_tiff_persistent_reader.cpp:228 (tiff_persistent_reader:arm64+0x100009d18)
    #5 main test_tiff_persistent_reader.cpp:372 (tiff_persistent_reader:arm64+0x100004684)

  Previous read of size 8 at 0x00016f95ea90 by thread T6:
    #0 Image<float>::readTIFFDirectory(tiff*, TiffMovieLayout const&, long, float*, TiffStripScratch&, FileName const&, TiffErrorContext*) rwTIFF.h:136 (tiff_persistent_reader:arm64+0x100018798)
    #1 Image<float>::readTIFFFrameFromHandle(tiff*, TiffMovieLayout const&, long, TiffStripScratch&, FileName const&, TiffErrorContext*) rwTIFF.h:216 (tiff_persistent_reader:arm64+0x1000c4614)
    #2 TiffMovieReader::readFrames(std::__1::vector<int, std::__1::allocator<int>> const&, std::__1::vector<Image<float>, std::__1::allocator<Image<float>>>&) (.omp_outlined_debug__) tiff_movie_reader.cpp:95 (tiff_persistent_reader:arm64+0x1000c4404)
    #3 TiffMovieReader::readFrames(std::__1::vector<int, std::__1::allocator<int>> const&, std::__1::vector<Image<float>, std::__1::allocator<Image<float>>>&) (.omp_outlined) tiff_movie_reader.cpp:72 (tiff_persistent_reader:arm64+0x1000c4404)
    #4 __kmp_invoke_microtask <null> (libomp.dylib:arm64+0x6b138)

  Location is stack of main thread.

  Thread T6 (tid=18123543, running) created by main thread at:
    #0 pthread_create <null> (libclang_rt.tsan_osx_dynamic.dylib:arm64e+0x33bac)
    #1 __kmp_create_worker <null> (libomp.dylib:arm64+0x50efc)
    #2 (anonymous namespace)::runCase(std::__1::basic_string<char, std::__1::char_traits<char>, std::__1::allocator<char>> const&, std::__1::basic_string<char, std::__1::char_traits<char>, std::__1::allocator<char>> const&, std::__1::vector<int, std::__1::allocator<int>> const&, std::__1::vector<int, std::__1::allocator<int>> const&) test_tiff_persistent_reader.cpp:229 (tiff_persistent_reader:arm64+0x100009d4c)
    #3 main test_tiff_persistent_reader.cpp:372 (tiff_persistent_reader:arm64+0x100004684)

SUMMARY: ThreadSanitizer: data race rwTIFF_layout.h:74 in TiffMovieLayout::TiffMovieLayout()
==================
==================
WARNING: ThreadSanitizer: data race (pid=38781)
  Write of size 1 at 0x00016f95ea98 by main thread:
    #0 TiffMovieLayout::TiffMovieLayout() rwTIFF_layout.h:75 (tiff_persistent_reader:arm64+0x1000c37d4)
    #1 TiffMovieLayout::TiffMovieLayout() rwTIFF_layout.h:63 (tiff_persistent_reader:arm64+0x1000c37d4)
    #2 TiffMovieReader::TiffMovieReader(FileName const&, int) tiff_movie_reader.cpp:28 (tiff_persistent_reader:arm64+0x1000c37d4)
    #3 TiffMovieReader::TiffMovieReader(FileName const&, int) tiff_movie_reader.cpp:30 (tiff_persistent_reader:arm64+0x1000c3e60)
    #4 (anonymous namespace)::runCase(std::__1::basic_string<char, std::__1::char_traits<char>, std::__1::allocator<char>> const&, std::__1::basic_string<char, std::__1::char_traits<char>, std::__1::allocator<char>> const&, std::__1::vector<int, std::__1::allocator<int>> const&, std::__1::vector<int, std::__1::allocator<int>> const&) test_tiff_persistent_reader.cpp:228 (tiff_persistent_reader:arm64+0x100009d18)
    #5 main test_tiff_persistent_reader.cpp:372 (tiff_persistent_reader:arm64+0x100004684)

  Previous read of size 1 at 0x00016f95ea98 by thread T6:
    #0 Image<float>::applyTiffLayout(TiffMovieLayout const&, long, bool, bool, FileName const&) rwTIFF.h:48 (tiff_persistent_reader:arm64+0x100017e64)
    #1 Image<float>::readTIFFFrameFromHandle(tiff*, TiffMovieLayout const&, long, TiffStripScratch&, FileName const&, TiffErrorContext*) rwTIFF.h:215 (tiff_persistent_reader:arm64+0x1000c45e8)
    #2 TiffMovieReader::readFrames(std::__1::vector<int, std::__1::allocator<int>> const&, std::__1::vector<Image<float>, std::__1::allocator<Image<float>>>&) (.omp_outlined_debug__) tiff_movie_reader.cpp:95 (tiff_persistent_reader:arm64+0x1000c4404)
    #3 TiffMovieReader::readFrames(std::__1::vector<int, std::__1::allocator<int>> const&, std::__1::vector<Image<float>, std::__1::allocator<Image<float>>>&) (.omp_outlined) tiff_movie_reader.cpp:72 (tiff_persistent_reader:arm64+0x1000c4404)
    #4 __kmp_invoke_microtask <null> (libomp.dylib:arm64+0x6b138)

  Location is stack of main thread.

  Thread T6 (tid=18123543, running) created by main thread at:
    #0 pthread_create <null> (libclang_rt.tsan_osx_dynamic.dylib:arm64e+0x33bac)
    #1 __kmp_create_worker <null> (libomp.dylib:arm64+0x50efc)
    #2 (anonymous namespace)::runCase(std::__1::basic_string<char, std::__1::char_traits<char>, std::__1::allocator<char>> const&, std::__1::basic_string<char, std::__1::char_traits<char>, std::__1::allocator<char>> const&, std::__1::vector<int, std::__1::allocator<int>> const&, std::__1::vector<int, std::__1::allocator<int>> const&) test_tiff_persistent_reader.cpp:229 (tiff_persistent_reader:arm64+0x100009d4c)
    #3 main test_tiff_persistent_reader.cpp:372 (tiff_persistent_reader:arm64+0x100004684)

SUMMARY: ThreadSanitizer: data race rwTIFF_layout.h:75 in TiffMovieLayout::TiffMovieLayout()
==================
==================
WARNING: ThreadSanitizer: data race (pid=38781)
  Write of size 8 at 0x00016f95ea60 by main thread:
    #0 readTiffLayout(tiff*, TiffMovieLayout&, FileName const&, TiffErrorContext*) rwTIFF_layout.h:173 (tiff_persistent_reader:arm64+0x1000173f0)
    #1 TiffMovieReader::TiffMovieReader(FileName const&, int) tiff_movie_reader.cpp:50 (tiff_persistent_reader:arm64+0x1000c3a34)
    #2 TiffMovieReader::TiffMovieReader(FileName const&, int) tiff_movie_reader.cpp:30 (tiff_persistent_reader:arm64+0x1000c3e60)
    #3 (anonymous namespace)::runCase(std::__1::basic_string<char, std::__1::char_traits<char>, std::__1::allocator<char>> const&, std::__1::basic_string<char, std::__1::char_traits<char>, std::__1::allocator<char>> const&, std::__1::vector<int, std::__1::allocator<int>> const&, std::__1::vector<int, std::__1::allocator<int>> const&) test_tiff_persistent_reader.cpp:228 (tiff_persistent_reader:arm64+0x100009d18)
    #4 main test_tiff_persistent_reader.cpp:372 (tiff_persistent_reader:arm64+0x100004684)

  Previous read of size 8 at 0x00016f95ea60 by thread T6:
    #0 Image<float>::readTIFFDirectory(tiff*, TiffMovieLayout const&, long, float*, TiffStripScratch&, FileName const&, TiffErrorContext*) rwTIFF.h:177 (tiff_persistent_reader:arm64+0x1000188d8)
    #1 Image<float>::readTIFFFrameFromHandle(tiff*, TiffMovieLayout const&, long, TiffStripScratch&, FileName const&, TiffErrorContext*) rwTIFF.h:216 (tiff_persistent_reader:arm64+0x1000c4614)
    #2 TiffMovieReader::readFrames(std::__1::vector<int, std::__1::allocator<int>> const&, std::__1::vector<Image<float>, std::__1::allocator<Image<float>>>&) (.omp_outlined_debug__) tiff_movie_reader.cpp:95 (tiff_persistent_reader:arm64+0x1000c4404)
    #3 TiffMovieReader::readFrames(std::__1::vector<int, std::__1::allocator<int>> const&, std::__1::vector<Image<float>, std::__1::allocator<Image<float>>>&) (.omp_outlined) tiff_movie_reader.cpp:72 (tiff_persistent_reader:arm64+0x1000c4404)
    #4 __kmp_invoke_microtask <null> (libomp.dylib:arm64+0x6b138)

  Location is stack of main thread.

  Thread T6 (tid=18123543, running) created by main thread at:
    #0 pthread_create <null> (libclang_rt.tsan_osx_dynamic.dylib:arm64e+0x33bac)
    #1 __kmp_create_worker <null> (libomp.dylib:arm64+0x50efc)
    #2 (anonymous namespace)::runCase(std::__1::basic_string<char, std::__1::char_traits<char>, std::__1::allocator<char>> const&, std::__1::basic_string<char, std::__1::char_traits<char>, std::__1::allocator<char>> const&, std::__1::vector<int, std::__1::allocator<int>> const&, std::__1::vector<int, std::__1::allocator<int>> const&) test_tiff_persistent_reader.cpp:229 (tiff_persistent_reader:arm64+0x100009d4c)
    #3 main test_tiff_persistent_reader.cpp:372 (tiff_persistent_reader:arm64+0x100004684)

SUMMARY: ThreadSanitizer: data race rwTIFF_layout.h:173 in readTiffLayout(tiff*, TiffMovieLayout&, FileName const&, TiffErrorContext*)
==================
==================
WARNING: ThreadSanitizer: data race (pid=38781)
  Write of size 8 at 0x00016f95ea68 by main thread:
    #0 readTiffLayout(tiff*, TiffMovieLayout&, FileName const&, TiffErrorContext*) rwTIFF_layout.h:174 (tiff_persistent_reader:arm64+0x100017408)
    #1 TiffMovieReader::TiffMovieReader(FileName const&, int) tiff_movie_reader.cpp:50 (tiff_persistent_reader:arm64+0x1000c3a34)
    #2 TiffMovieReader::TiffMovieReader(FileName const&, int) tiff_movie_reader.cpp:30 (tiff_persistent_reader:arm64+0x1000c3e60)
    #3 (anonymous namespace)::runCase(std::__1::basic_string<char, std::__1::char_traits<char>, std::__1::allocator<char>> const&, std::__1::basic_string<char, std::__1::char_traits<char>, std::__1::allocator<char>> const&, std::__1::vector<int, std::__1::allocator<int>> const&, std::__1::vector<int, std::__1::allocator<int>> const&) test_tiff_persistent_reader.cpp:228 (tiff_persistent_reader:arm64+0x100009d18)
    #4 main test_tiff_persistent_reader.cpp:372 (tiff_persistent_reader:arm64+0x100004684)

  Previous read of size 8 at 0x00016f95ea68 by thread T6:
    #0 Image<float>::readTIFFDirectory(tiff*, TiffMovieLayout const&, long, float*, TiffStripScratch&, FileName const&, TiffErrorContext*) rwTIFF.h:169 (tiff_persistent_reader:arm64+0x100018894)
    #1 Image<float>::readTIFFFrameFromHandle(tiff*, TiffMovieLayout const&, long, TiffStripScratch&, FileName const&, TiffErrorContext*) rwTIFF.h:216 (tiff_persistent_reader:arm64+0x1000c4614)
    #2 TiffMovieReader::readFrames(std::__1::vector<int, std::__1::allocator<int>> const&, std::__1::vector<Image<float>, std::__1::allocator<Image<float>>>&) (.omp_outlined_debug__) tiff_movie_reader.cpp:95 (tiff_persistent_reader:arm64+0x1000c4404)
    #3 TiffMovieReader::readFrames(std::__1::vector<int, std::__1::allocator<int>> const&, std::__1::vector<Image<float>, std::__1::allocator<Image<float>>>&) (.omp_outlined) tiff_movie_reader.cpp:72 (tiff_persistent_reader:arm64+0x1000c4404)
    #4 __kmp_invoke_microtask <null> (libomp.dylib:arm64+0x6b138)

  Location is stack of main thread.

  Thread T6 (tid=18123543, running) created by main thread at:
    #0 pthread_create <null> (libclang_rt.tsan_osx_dynamic.dylib:arm64e+0x33bac)
    #1 __kmp_create_worker <null> (libomp.dylib:arm64+0x50efc)
    #2 (anonymous namespace)::runCase(std::__1::basic_string<char, std::__1::char_traits<char>, std::__1::allocator<char>> const&, std::__1::basic_string<char, std::__1::char_traits<char>, std::__1::allocator<char>> const&, std::__1::vector<int, std::__1::allocator<int>> const&, std::__1::vector<int, std::__1::allocator<int>> const&) test_tiff_persistent_reader.cpp:229 (tiff_persistent_reader:arm64+0x100009d4c)
    #3 main test_tiff_persistent_reader.cpp:372 (tiff_persistent_reader:arm64+0x100004684)

SUMMARY: ThreadSanitizer: data race rwTIFF_layout.h:174 in readTiffLayout(tiff*, TiffMovieLayout&, FileName const&, TiffErrorContext*)
==================
==================
WARNING: ThreadSanitizer: data race (pid=38781)
  Write of size 4 at 0x00016f95ea78 by main thread:
    #0 readTiffLayout(tiff*, TiffMovieLayout&, FileName const&, TiffErrorContext*) rwTIFF_layout.h:176 (tiff_persistent_reader:arm64+0x100017420)
    #1 TiffMovieReader::TiffMovieReader(FileName const&, int) tiff_movie_reader.cpp:50 (tiff_persistent_reader:arm64+0x1000c3a34)
    #2 TiffMovieReader::TiffMovieReader(FileName const&, int) tiff_movie_reader.cpp:30 (tiff_persistent_reader:arm64+0x1000c3e60)
    #3 (anonymous namespace)::runCase(std::__1::basic_string<char, std::__1::char_traits<char>, std::__1::allocator<char>> const&, std::__1::basic_string<char, std::__1::char_traits<char>, std::__1::allocator<char>> const&, std::__1::vector<int, std::__1::allocator<int>> const&, std::__1::vector<int, std::__1::allocator<int>> const&) test_tiff_persistent_reader.cpp:228 (tiff_persistent_reader:arm64+0x100009d18)
    #4 main test_tiff_persistent_reader.cpp:372 (tiff_persistent_reader:arm64+0x100004684)

  Previous read of size 4 at 0x00016f95ea78 by thread T6:
    #0 Image<float>::readTIFFDirectory(tiff*, TiffMovieLayout const&, long, float*, TiffStripScratch&, FileName const&, TiffErrorContext*) rwTIFF.h:119 (tiff_persistent_reader:arm64+0x1000186a8)
    #1 Image<float>::readTIFFFrameFromHandle(tiff*, TiffMovieLayout const&, long, TiffStripScratch&, FileName const&, TiffErrorContext*) rwTIFF.h:216 (tiff_persistent_reader:arm64+0x1000c4614)
    #2 TiffMovieReader::readFrames(std::__1::vector<int, std::__1::allocator<int>> const&, std::__1::vector<Image<float>, std::__1::allocator<Image<float>>>&) (.omp_outlined_debug__) tiff_movie_reader.cpp:95 (tiff_persistent_reader:arm64+0x1000c4404)
    #3 TiffMovieReader::readFrames(std::__1::vector<int, std::__1::allocator<int>> const&, std::__1::vector<Image<float>, std::__1::allocator<Image<float>>>&) (.omp_outlined) tiff_movie_reader.cpp:72 (tiff_persistent_reader:arm64+0x1000c4404)
    #4 __kmp_invoke_microtask <null> (libomp.dylib:arm64+0x6b138)

  Location is stack of main thread.

  Thread T6 (tid=18123543, running) created by main thread at:
    #0 pthread_create <null> (libclang_rt.tsan_osx_dynamic.dylib:arm64e+0x33bac)
    #1 __kmp_create_worker <null> (libomp.dylib:arm64+0x50efc)
    #2 (anonymous namespace)::runCase(std::__1::basic_string<char, std::__1::char_traits<char>, std::__1::allocator<char>> const&, std::__1::basic_string<char, std::__1::char_traits<char>, std::__1::allocator<char>> const&, std::__1::vector<int, std::__1::allocator<int>> const&, std::__1::vector<int, std::__1::allocator<int>> const&) test_tiff_persistent_reader.cpp:229 (tiff_persistent_reader:arm64+0x100009d4c)
    #3 main test_tiff_persistent_reader.cpp:372 (tiff_persistent_reader:arm64+0x100004684)

SUMMARY: ThreadSanitizer: data race rwTIFF_layout.h:176 in readTiffLayout(tiff*, TiffMovieLayout&, FileName const&, TiffErrorContext*)
==================
==================
WARNING: ThreadSanitizer: data race (pid=38781)
  Write of size 2 at 0x00016f95ea80 by main thread:
    #0 readTiffLayout(tiff*, TiffMovieLayout&, FileName const&, TiffErrorContext*) rwTIFF_layout.h:178 (tiff_persistent_reader:arm64+0x100017438)
    #1 TiffMovieReader::TiffMovieReader(FileName const&, int) tiff_movie_reader.cpp:50 (tiff_persistent_reader:arm64+0x1000c3a34)
    #2 TiffMovieReader::TiffMovieReader(FileName const&, int) tiff_movie_reader.cpp:30 (tiff_persistent_reader:arm64+0x1000c3e60)
    #3 (anonymous namespace)::runCase(std::__1::basic_string<char, std::__1::char_traits<char>, std::__1::allocator<char>> const&, std::__1::basic_string<char, std::__1::char_traits<char>, std::__1::allocator<char>> const&, std::__1::vector<int, std::__1::allocator<int>> const&, std::__1::vector<int, std::__1::allocator<int>> const&) test_tiff_persistent_reader.cpp:228 (tiff_persistent_reader:arm64+0x100009d18)
    #4 main test_tiff_persistent_reader.cpp:372 (tiff_persistent_reader:arm64+0x100004684)

  Previous read of size 2 at 0x00016f95ea80 by thread T6:
    #0 Image<float>::readTIFFDirectory(tiff*, TiffMovieLayout const&, long, float*, TiffStripScratch&, FileName const&, TiffErrorContext*) rwTIFF.h:120 (tiff_persistent_reader:arm64+0x1000186e8)
    #1 Image<float>::readTIFFFrameFromHandle(tiff*, TiffMovieLayout const&, long, TiffStripScratch&, FileName const&, TiffErrorContext*) rwTIFF.h:216 (tiff_persistent_reader:arm64+0x1000c4614)
    #2 TiffMovieReader::readFrames(std::__1::vector<int, std::__1::allocator<int>> const&, std::__1::vector<Image<float>, std::__1::allocator<Image<float>>>&) (.omp_outlined_debug__) tiff_movie_reader.cpp:95 (tiff_persistent_reader:arm64+0x1000c4404)
    #3 TiffMovieReader::readFrames(std::__1::vector<int, std::__1::allocator<int>> const&, std::__1::vector<Image<float>, std::__1::allocator<Image<float>>>&) (.omp_outlined) tiff_movie_reader.cpp:72 (tiff_persistent_reader:arm64+0x1000c4404)
    #4 __kmp_invoke_microtask <null> (libomp.dylib:arm64+0x6b138)

  Location is stack of main thread.

  Thread T6 (tid=18123543, running) created by main thread at:
    #0 pthread_create <null> (libclang_rt.tsan_osx_dynamic.dylib:arm64e+0x33bac)
    #1 __kmp_create_worker <null> (libomp.dylib:arm64+0x50efc)
    #2 (anonymous namespace)::runCase(std::__1::basic_string<char, std::__1::char_traits<char>, std::__1::allocator<char>> const&, std::__1::basic_string<char, std::__1::char_traits<char>, std::__1::allocator<char>> const&, std::__1::vector<int, std::__1::allocator<int>> const&, std::__1::vector<int, std::__1::allocator<int>> const&) test_tiff_persistent_reader.cpp:229 (tiff_persistent_reader:arm64+0x100009d4c)
    #3 main test_tiff_persistent_reader.cpp:372 (tiff_persistent_reader:arm64+0x100004684)

SUMMARY: ThreadSanitizer: data race rwTIFF_layout.h:178 in readTiffLayout(tiff*, TiffMovieLayout&, FileName const&, TiffErrorContext*)
==================
==================
WARNING: ThreadSanitizer: data race (pid=38781)
  Write of size 8 at 0x00016f95e8e0 by main thread:
    #0 std::__1::__exception_guard_exceptions<std::__1::vector<std::exception_ptr, std::__1::allocator<std::exception_ptr>>::__destroy_vector>::__exception_guard_exceptions[abi:nqe220106](std::__1::vector<std::exception_ptr, std::__1::allocator<std::exception_ptr>>::__destroy_vector) exception_guard.h:68 (tiff_persistent_reader:arm64+0x1000c3fb0)
    #1 std::__1::__exception_guard_exceptions<std::__1::vector<std::exception_ptr, std::__1::allocator<std::exception_ptr>>::__destroy_vector>::__exception_guard_exceptions[abi:nqe220106](std::__1::vector<std::exception_ptr, std::__1::allocator<std::exception_ptr>>::__destroy_vector) exception_guard.h:68 (tiff_persistent_reader:arm64+0x1000c3fb0)
    #2 std::__1::__exception_guard_exceptions<std::__1::vector<std::exception_ptr, std::__1::allocator<std::exception_ptr>>::__destroy_vector> std::__1::__make_exception_guard[abi:nqe220106]<std::__1::vector<std::exception_ptr, std::__1::allocator<std::exception_ptr>>::__destroy_vector>(std::__1::vector<std::exception_ptr, std::__1::allocator<std::exception_ptr>>::__destroy_vector) exception_guard.h:136 (tiff_persistent_reader:arm64+0x1000c3fb0)
    #3 std::__1::vector<std::exception_ptr, std::__1::allocator<std::exception_ptr>>::vector[abi:nqe220106](unsigned long) vector.h:148 (tiff_persistent_reader:arm64+0x1000c3fb0)
    #4 std::__1::vector<std::exception_ptr, std::__1::allocator<std::exception_ptr>>::vector[abi:nqe220106](unsigned long) vector.h:147 (tiff_persistent_reader:arm64+0x1000c3fb0)
    #5 TiffMovieReader::readFrames(std::__1::vector<int, std::__1::allocator<int>> const&, std::__1::vector<Image<float>, std::__1::allocator<Image<float>>>&) tiff_movie_reader.cpp:66 (tiff_persistent_reader:arm64+0x1000c3fb0)
    #6 (anonymous namespace)::runCase(std::__1::basic_string<char, std::__1::char_traits<char>, std::__1::allocator<char>> const&, std::__1::basic_string<char, std::__1::char_traits<char>, std::__1::allocator<char>> const&, std::__1::vector<int, std::__1::allocator<int>> const&, std::__1::vector<int, std::__1::allocator<int>> const&) test_tiff_persistent_reader.cpp:229 (tiff_persistent_reader:arm64+0x100009d4c)
    #7 main test_tiff_persistent_reader.cpp:372 (tiff_persistent_reader:arm64+0x100004684)

  Previous atomic write of size 4 at 0x00016f95e8e0 by thread T6:
    #0 int std::__1::__cxx_atomic_fetch_add[abi:nqe220106]<int>(std::__1::__cxx_atomic_base_impl<int>*, int, std::__1::memory_order) c11.h:181 (tiff_persistent_reader:arm64+0x1000c4384)
    #1 std::__1::__atomic_base<int, true>::fetch_add[abi:nqe220106](int, std::__1::memory_order) atomic.h:157 (tiff_persistent_reader:arm64+0x1000c4384)
    #2 TiffMovieReader::readFrames(std::__1::vector<int, std::__1::allocator<int>> const&, std::__1::vector<Image<float>, std::__1::allocator<Image<float>>>&) (.omp_outlined_debug__) tiff_movie_reader.cpp:89 (tiff_persistent_reader:arm64+0x1000c4384)
    #3 TiffMovieReader::readFrames(std::__1::vector<int, std::__1::allocator<int>> const&, std::__1::vector<Image<float>, std::__1::allocator<Image<float>>>&) (.omp_outlined) tiff_movie_reader.cpp:72 (tiff_persistent_reader:arm64+0x1000c4384)
    #4 __kmp_invoke_microtask <null> (libomp.dylib:arm64+0x6b138)

  Location is stack of main thread.

  Thread T6 (tid=18123543, running) created by main thread at:
    #0 pthread_create <null> (libclang_rt.tsan_osx_dynamic.dylib:arm64e+0x33bac)
    #1 __kmp_create_worker <null> (libomp.dylib:arm64+0x50efc)
    #2 (anonymous namespace)::runCase(std::__1::basic_string<char, std::__1::char_traits<char>, std::__1::allocator<char>> const&, std::__1::basic_string<char, std::__1::char_traits<char>, std::__1::allocator<char>> const&, std::__1::vector<int, std::__1::allocator<int>> const&, std::__1::vector<int, std::__1::allocator<int>> const&) test_tiff_persistent_reader.cpp:229 (tiff_persistent_reader:arm64+0x100009d4c)
    #3 main test_tiff_persistent_reader.cpp:372 (tiff_persistent_reader:arm64+0x100004684)

SUMMARY: ThreadSanitizer: data race exception_guard.h:68 in std::__1::__exception_guard_exceptions<std::__1::vector<std::exception_ptr, std::__1::allocator<std::exception_ptr>>::__destroy_vector>::__exception_guard_exceptions[abi:nqe220106](std::__1::vector<std::exception_ptr, std::__1::allocator<std::exception_ptr>>::__destroy_vector)
==================
  u16_deflate_rps1 all readers=16: 8 frame(s) exact
  u16_deflate_rps1 all readers=24: 8 frame(s) exact
  u16_deflate_rps1 subset readers=1: 4 frame(s) exact
  u16_deflate_rps1 subset readers=2: 4 frame(s) exact
  u16_deflate_rps1 subset readers=4: 4 frame(s) exact
==================
WARNING: ThreadSanitizer: data race (pid=38781)
  Write of size 1 at 0x00016f95e8df by main thread:
    #0 std::__1::basic_string<char, std::__1::char_traits<char>, std::__1::allocator<char>>::__set_short_size[abi:nqe220106](unsigned long) string:2221 (tiff_persistent_reader:arm64+0x100010e48)
    #1 std::__1::basic_string<char, std::__1::char_traits<char>, std::__1::allocator<char>>::__init_internal_buffer[abi:nqe220106](unsigned long) string:2317 (tiff_persistent_reader:arm64+0x100010e48)
    #2 std::__1::basic_string<char, std::__1::char_traits<char>, std::__1::allocator<char>>::__init(char const*, unsigned long) string:2674 (tiff_persistent_reader:arm64+0x100010e48)
    #3 std::__1::basic_string<char, std::__1::char_traits<char>, std::__1::allocator<char>>::basic_string[abi:nqe220106]<0>(char const*) string:1075 (tiff_persistent_reader:arm64+0x100010e48)
    #4 FileName::FileName(char const*) filename.h:113 (tiff_persistent_reader:arm64+0x100010e48)
    #5 FileName::FileName(char const*) filename.h:113 (tiff_persistent_reader:arm64+0x100010e48)
    #6 fImageHandler::releaseHandles() image.h:516 (tiff_persistent_reader:arm64+0x100010e48)
    #7 fImageHandler::~fImageHandler() image.h:339 (tiff_persistent_reader:arm64+0x1000193c8)
    #8 fImageHandler::~fImageHandler() image.h:338 (tiff_persistent_reader:arm64+0x10001c310)
    #9 TiffMovieReader::Worker::~Worker() tiff_movie_reader.h:108 (tiff_persistent_reader:arm64+0x10001c310)
    #10 TiffMovieReader::Worker::~Worker() tiff_movie_reader.h:108 (tiff_persistent_reader:arm64+0x10001c310)
    #11 std::__1::default_delete<TiffMovieReader::Worker>::operator()[abi:nqe220106](TiffMovieReader::Worker*) const unique_ptr.h:75 (tiff_persistent_reader:arm64+0x10001c310)
    #12 std::__1::unique_ptr<TiffMovieReader::Worker, std::__1::default_delete<TiffMovieReader::Worker>>::reset[abi:nqe220106](TiffMovieReader::Worker*) unique_ptr.h:291 (tiff_persistent_reader:arm64+0x10001c310)
    #13 std::__1::unique_ptr<TiffMovieReader::Worker, std::__1::default_delete<TiffMovieReader::Worker>>::~unique_ptr[abi:nqe220106]() unique_ptr.h:257 (tiff_persistent_reader:arm64+0x10001c310)
    #14 std::__1::unique_ptr<TiffMovieReader::Worker, std::__1::default_delete<TiffMovieReader::Worker>>::~unique_ptr[abi:nqe220106]() unique_ptr.h:257 (tiff_persistent_reader:arm64+0x10001c310)
    #15 std::__1::allocator<std::__1::unique_ptr<TiffMovieReader::Worker, std::__1::default_delete<TiffMovieReader::Worker>>>::destroy[abi:nqe220106](std::__1::unique_ptr<TiffMovieReader::Worker, std::__1::default_delete<TiffMovieReader::Worker>>*) allocator.h:144 (tiff_persistent_reader:arm64+0x10001c310)
    #16 void std::__1::allocator_traits<std::__1::allocator<std::__1::unique_ptr<TiffMovieReader::Worker, std::__1::default_delete<TiffMovieReader::Worker>>>>::destroy[abi:nqe220106]<std::__1::unique_ptr<TiffMovieReader::Worker, std::__1::default_delete<TiffMovieReader::Worker>>, 0>(std::__1::allocator<std::__1::unique_ptr<TiffMovieReader::Worker, std::__1::default_delete<TiffMovieReader::Worker>>>&, std::__1::unique_ptr<TiffMovieReader::Worker, std::__1::default_delete<TiffMovieReader::Worker>>*) allocator_traits.h:308 (tiff_persistent_reader:arm64+0x10001c310)
    #17 std::__1::vector<std::__1::unique_ptr<TiffMovieReader::Worker, std::__1::default_delete<TiffMovieReader::Worker>>, std::__1::allocator<std::__1::unique_ptr<TiffMovieReader::Worker, std::__1::default_delete<TiffMovieReader::Worker>>>>::__base_destruct_at_end[abi:nqe220106](std::__1::unique_ptr<TiffMovieReader::Worker, std::__1::default_delete<TiffMovieReader::Worker>>*) vector.h:778 (tiff_persistent_reader:arm64+0x10001c310)
    #18 std::__1::vector<std::__1::unique_ptr<TiffMovieReader::Worker, std::__1::default_delete<TiffMovieReader::Worker>>, std::__1::allocator<std::__1::unique_ptr<TiffMovieReader::Worker, std::__1::default_delete<TiffMovieReader::Worker>>>>::clear[abi:nqe220106]() vector.h:566 (tiff_persistent_reader:arm64+0x10001c310)
    #19 std::__1::vector<std::__1::unique_ptr<TiffMovieReader::Worker, std::__1::default_delete<TiffMovieReader::Worker>>, std::__1::allocator<std::__1::unique_ptr<TiffMovieReader::Worker, std::__1::default_delete<TiffMovieReader::Worker>>>>::__destroy_vector::operator()[abi:nqe220106]() vector.h:251 (tiff_persistent_reader:arm64+0x10001c310)
    #20 std::__1::vector<std::__1::unique_ptr<TiffMovieReader::Worker, std::__1::default_delete<TiffMovieReader::Worker>>, std::__1::allocator<std::__1::unique_ptr<TiffMovieReader::Worker, std::__1::default_delete<TiffMovieReader::Worker>>>>::~vector[abi:nqe220106]() vector.h:262 (tiff_persistent_reader:arm64+0x10000a220)
    #21 std::__1::vector<std::__1::unique_ptr<TiffMovieReader::Worker, std::__1::default_delete<TiffMovieReader::Worker>>, std::__1::allocator<std::__1::unique_ptr<TiffMovieReader::Worker, std::__1::default_delete<TiffMovieReader::Worker>>>>::~vector[abi:nqe220106]() vector.h:262 (tiff_persistent_reader:arm64+0x10000a220)
    #22 TiffMovieReader::~TiffMovieReader() tiff_movie_reader.h:70 (tiff_persistent_reader:arm64+0x10000a220)
    #23 TiffMovieReader::~TiffMovieReader() tiff_movie_reader.h:70 (tiff_persistent_reader:arm64+0x10000a220)
    #24 (anonymous namespace)::runCase(std::__1::basic_string<char, std::__1::char_traits<char>, std::__1::allocator<char>> const&, std::__1::basic_string<char, std::__1::char_traits<char>, std::__1::allocator<char>> const&, std::__1::vector<int, std::__1::allocator<int>> const&, std::__1::vector<int, std::__1::allocator<int>> const&) test_tiff_persistent_reader.cpp:239 (tiff_persistent_reader:arm64+0x10000a220)
    #25 main test_tiff_persistent_reader.cpp:374 (tiff_persistent_reader:arm64+0x100004720)

  Previous read of size 4 at 0x00016f95e8dc by thread T3:
    #0 TiffMovieReader::readFrames(std::__1::vector<int, std::__1::allocator<int>> const&, std::__1::vector<Image<float>, std::__1::allocator<Image<float>>>&) (.omp_outlined_debug__) tiff_movie_reader.cpp:90 (tiff_persistent_reader:arm64+0x1000c4390)
    #1 TiffMovieReader::readFrames(std::__1::vector<int, std::__1::allocator<int>> const&, std::__1::vector<Image<float>, std::__1::allocator<Image<float>>>&) (.omp_outlined) tiff_movie_reader.cpp:72 (tiff_persistent_reader:arm64+0x1000c4390)
    #2 __kmp_invoke_microtask <null> (libomp.dylib:arm64+0x6b138)

  Location is stack of main thread.

  Thread T3 (tid=18123540, running) created by main thread at:
    #0 pthread_create <null> (libclang_rt.tsan_osx_dynamic.dylib:arm64e+0x33bac)
    #1 __kmp_create_worker <null> (libomp.dylib:arm64+0x50efc)
    #2 (anonymous namespace)::runCase(std::__1::basic_string<char, std::__1::char_traits<char>, std::__1::allocator<char>> const&, std::__1::basic_string<char, std::__1::char_traits<char>, std::__1::allocator<char>> const&, std::__1::vector<int, std::__1::allocator<int>> const&, std::__1::vector<int, std::__1::allocator<int>> const&) test_tiff_persistent_reader.cpp:229 (tiff_persistent_reader:arm64+0x100009d4c)
    #3 main test_tiff_persistent_reader.cpp:372 (tiff_persistent_reader:arm64+0x100004684)

SUMMARY: ThreadSanitizer: data race string:2221 in std::__1::basic_string<char, std::__1::char_traits<char>, std::__1::allocator<char>>::__set_short_size[abi:nqe220106](unsigned long)
==================
  u16_deflate_rps1 subset readers=8: 4 frame(s) exact
  u16_deflate_rps1 subset readers=16: 4 frame(s) exact
==================
WARNING: ThreadSanitizer: data race (pid=38781)
  Write of size 8 at 0x00010a1016b0 by main thread:
    #0 std::__1::unique_ptr<TiffMovieReader::Worker, std::__1::default_delete<TiffMovieReader::Worker>>::reset[abi:nqe220106](TiffMovieReader::Worker*) unique_ptr.h:289 (tiff_persistent_reader:arm64+0x10001c32c)
    #1 std::__1::unique_ptr<TiffMovieReader::Worker, std::__1::default_delete<TiffMovieReader::Worker>>::~unique_ptr[abi:nqe220106]() unique_ptr.h:257 (tiff_persistent_reader:arm64+0x10001c32c)
    #2 std::__1::unique_ptr<TiffMovieReader::Worker, std::__1::default_delete<TiffMovieReader::Worker>>::~unique_ptr[abi:nqe220106]() unique_ptr.h:257 (tiff_persistent_reader:arm64+0x10001c32c)
    #3 std::__1::allocator<std::__1::unique_ptr<TiffMovieReader::Worker, std::__1::default_delete<TiffMovieReader::Worker>>>::destroy[abi:nqe220106](std::__1::unique_ptr<TiffMovieReader::Worker, std::__1::default_delete<TiffMovieReader::Worker>>*) allocator.h:144 (tiff_persistent_reader:arm64+0x10001c32c)
    #4 void std::__1::allocator_traits<std::__1::allocator<std::__1::unique_ptr<TiffMovieReader::Worker, std::__1::default_delete<TiffMovieReader::Worker>>>>::destroy[abi:nqe220106]<std::__1::unique_ptr<TiffMovieReader::Worker, std::__1::default_delete<TiffMovieReader::Worker>>, 0>(std::__1::allocator<std::__1::unique_ptr<TiffMovieReader::Worker, std::__1::default_delete<TiffMovieReader::Worker>>>&, std::__1::unique_ptr<TiffMovieReader::Worker, std::__1::default_delete<TiffMovieReader::Worker>>*) allocator_traits.h:308 (tiff_persistent_reader:arm64+0x10001c32c)
    #5 std::__1::vector<std::__1::unique_ptr<TiffMovieReader::Worker, std::__1::default_delete<TiffMovieReader::Worker>>, std::__1::allocator<std::__1::unique_ptr<TiffMovieReader::Worker, std::__1::default_delete<TiffMovieReader::Worker>>>>::__base_destruct_at_end[abi:nqe220106](std::__1::unique_ptr<TiffMovieReader::Worker, std::__1::default_delete<TiffMovieReader::Worker>>*) vector.h:778 (tiff_persistent_reader:arm64+0x10001c32c)
    #6 std::__1::vector<std::__1::unique_ptr<TiffMovieReader::Worker, std::__1::default_delete<TiffMovieReader::Worker>>, std::__1::allocator<std::__1::unique_ptr<TiffMovieReader::Worker, std::__1::default_delete<TiffMovieReader::Worker>>>>::clear[abi:nqe220106]() vector.h:566 (tiff_persistent_reader:arm64+0x10001c32c)
    #7 std::__1::vector<std::__1::unique_ptr<TiffMovieReader::Worker, std::__1::default_delete<TiffMovieReader::Worker>>, std::__1::allocator<std::__1::unique_ptr<TiffMovieReader::Worker, std::__1::default_delete<TiffMovieReader::Worker>>>>::__destroy_vector::operator()[abi:nqe220106]() vector.h:251 (tiff_persistent_reader:arm64+0x10001c32c)
    #8 std::__1::vector<std::__1::unique_ptr<TiffMovieReader::Worker, std::__1::default_delete<TiffMovieReader::Worker>>, std::__1::allocator<std::__1::unique_ptr<TiffMovieReader::Worker, std::__1::default_delete<TiffMovieReader::Worker>>>>::~vector[abi:nqe220106]() vector.h:262 (tiff_persistent_reader:arm64+0x10000a220)
    #9 std::__1::vector<std::__1::unique_ptr<TiffMovieReader::Worker, std::__1::default_delete<TiffMovieReader::Worker>>, std::__1::allocator<std::__1::unique_ptr<TiffMovieReader::Worker, std::__1::default_delete<TiffMovieReader::Worker>>>>::~vector[abi:nqe220106]() vector.h:262 (tiff_persistent_reader:arm64+0x10000a220)
    #10 TiffMovieReader::~TiffMovieReader() tiff_movie_reader.h:70 (tiff_persistent_reader:arm64+0x10000a220)
    #11 TiffMovieReader::~TiffMovieReader() tiff_movie_reader.h:70 (tiff_persistent_reader:arm64+0x10000a220)
    #12 (anonymous namespace)::runCase(std::__1::basic_string<char, std::__1::char_traits<char>, std::__1::allocator<char>> const&, std::__1::basic_string<char, std::__1::char_traits<char>, std::__1::allocator<char>> const&, std::__1::vector<int, std::__1::allocator<int>> const&, std::__1::vector<int, std::__1::allocator<int>> const&) test_tiff_persistent_reader.cpp:239 (tiff_persistent_reader:arm64+0x10000a220)
    #13 main test_tiff_persistent_reader.cpp:374 (tiff_persistent_reader:arm64+0x100004720)

  Previous read of size 8 at 0x00010a1016b0 by thread T6:
    #0 std::__1::unique_ptr<TiffMovieReader::Worker, std::__1::default_delete<TiffMovieReader::Worker>>::operator*[abi:nqe220106]() const unique_ptr.h:266 (tiff_persistent_reader:arm64+0x1000c433c)
    #1 TiffMovieReader::readFrames(std::__1::vector<int, std::__1::allocator<int>> const&, std::__1::vector<Image<float>, std::__1::allocator<Image<float>>>&) (.omp_outlined_debug__) tiff_movie_reader.cpp:80 (tiff_persistent_reader:arm64+0x1000c433c)
    #2 TiffMovieReader::readFrames(std::__1::vector<int, std::__1::allocator<int>> const&, std::__1::vector<Image<float>, std::__1::allocator<Image<float>>>&) (.omp_outlined) tiff_movie_reader.cpp:72 (tiff_persistent_reader:arm64+0x1000c433c)
    #3 __kmp_invoke_microtask <null> (libomp.dylib:arm64+0x6b138)

  Location is heap block of size 128 at 0x00010a101680 allocated by main thread:
    #0 operator new(unsigned long) <null> (libclang_rt.tsan_osx_dynamic.dylib:arm64e+0x91ad0)
    #1 std::__1::unique_ptr<TiffMovieReader::Worker, std::__1::default_delete<TiffMovieReader::Worker>>* std::__1::__libcpp_allocate[abi:nqe220106]<std::__1::unique_ptr<TiffMovieReader::Worker, std::__1::default_delete<TiffMovieReader::Worker>>>(std::__1::__element_count, unsigned long) allocate.h:60 (tiff_persistent_reader:arm64+0x1000c3844)
    #2 std::__1::allocator<std::__1::unique_ptr<TiffMovieReader::Worker, std::__1::default_delete<TiffMovieReader::Worker>>>::allocate[abi:nqe220106](unsigned long) allocator.h:92 (tiff_persistent_reader:arm64+0x1000c3844)
    #3 std::__1::__allocation_result<std::__1::allocator_traits<std::__1::allocator<std::__1::unique_ptr<TiffMovieReader::Worker, std::__1::default_delete<TiffMovieReader::Worker>>>>::pointer, std::__1::allocator_traits<std::__1::allocator<std::__1::unique_ptr<TiffMovieReader::Worker, std::__1::default_delete<TiffMovieReader::Worker>>>>::size_type> std::__1::__allocate_at_least[abi:nqe220106]<std::__1::allocator<std::__1::unique_ptr<TiffMovieReader::Worker, std::__1::default_delete<TiffMovieReader::Worker>>>, std::__1::allocator_traits<std::__1::allocator<std::__1::unique_ptr<TiffMovieReader::Worker, std::__1::default_delete<TiffMovieReader::Worker>>>>>(std::__1::allocator<std::__1::unique_ptr<TiffMovieReader::Worker, std::__1::default_delete<TiffMovieReader::Worker>>>&, unsigned long) allocate_at_least.h:46 (tiff_persistent_reader:arm64+0x1000c3844)
    #4 std::__1::__split_buffer<std::__1::unique_ptr<TiffMovieReader::Worker, std::__1::default_delete<TiffMovieReader::Worker>>, std::__1::allocator<std::__1::unique_ptr<TiffMovieReader::Worker, std::__1::default_delete<TiffMovieReader::Worker>>>&>::__split_buffer(unsigned long, unsigned long, std::__1::allocator<std::__1::unique_ptr<TiffMovieReader::Worker, std::__1::default_delete<TiffMovieReader::Worker>>>&) __split_buffer:330 (tiff_persistent_reader:arm64+0x1000c3844)
    #5 std::__1::__split_buffer<std::__1::unique_ptr<TiffMovieReader::Worker, std::__1::default_delete<TiffMovieReader::Worker>>, std::__1::allocator<std::__1::unique_ptr<TiffMovieReader::Worker, std::__1::default_delete<TiffMovieReader::Worker>>>&>::__split_buffer(unsigned long, unsigned long, std::__1::allocator<std::__1::unique_ptr<TiffMovieReader::Worker, std::__1::default_delete<TiffMovieReader::Worker>>>&) __split_buffer:326 (tiff_persistent_reader:arm64+0x1000c3844)
    #6 std::__1::vector<std::__1::unique_ptr<TiffMovieReader::Worker, std::__1::default_delete<TiffMovieReader::Worker>>, std::__1::allocator<std::__1::unique_ptr<TiffMovieReader::Worker, std::__1::default_delete<TiffMovieReader::Worker>>>>::reserve(unsigned long) vector.h:1079 (tiff_persistent_reader:arm64+0x1000c3844)
    #7 TiffMovieReader::TiffMovieReader(FileName const&, int) tiff_movie_reader.cpp:37 (tiff_persistent_reader:arm64+0x1000c3844)
    #8 TiffMovieReader::TiffMovieReader(FileName const&, int) tiff_movie_reader.cpp:30 (tiff_persistent_reader:arm64+0x1000c3e60)
    #9 (anonymous namespace)::runCase(std::__1::basic_string<char, std::__1::char_traits<char>, std::__1::allocator<char>> const&, std::__1::basic_string<char, std::__1::char_traits<char>, std::__1::allocator<char>> const&, std::__1::vector<int, std::__1::allocator<int>> const&, std::__1::vector<int, std::__1::allocator<int>> const&) test_tiff_persistent_reader.cpp:228 (tiff_persistent_reader:arm64+0x100009d18)
    #10 main test_tiff_persistent_reader.cpp:374 (tiff_persistent_reader:arm64+0x100004720)

  Thread T6 (tid=18123543, running) created by main thread at:
    #0 pthread_create <null> (libclang_rt.tsan_osx_dynamic.dylib:arm64e+0x33bac)
    #1 __kmp_create_worker <null> (libomp.dylib:arm64+0x50efc)
    #2 (anonymous namespace)::runCase(std::__1::basic_string<char, std::__1::char_traits<char>, std::__1::allocator<char>> const&, std::__1::basic_string<char, std::__1::char_traits<char>, std::__1::allocator<char>> const&, std::__1::vector<int, std::__1::allocator<int>> const&, std::__1::vector<int, std::__1::allocator<int>> const&) test_tiff_persistent_reader.cpp:229 (tiff_persistent_reader:arm64+0x100009d4c)
    #3 main test_tiff_persistent_reader.cpp:372 (tiff_persistent_reader:arm64+0x100004684)

SUMMARY: ThreadSanitizer: data race unique_ptr.h:289 in std::__1::unique_ptr<TiffMovieReader::Worker, std::__1::default_delete<TiffMovieReader::Worker>>::reset[abi:nqe220106](TiffMovieReader::Worker*)
==================
==================
WARNING: ThreadSanitizer: data race (pid=38781)
  Write of size 8 at 0x00016f95eaa8 by main thread:
    #0 std::__1::enable_if<is_move_constructible<std::__1::unique_ptr<TiffMovieReader::Worker, std::__1::default_delete<TiffMovieReader::Worker>>*>::value && is_move_assignable<std::__1::unique_ptr<TiffMovieReader::Worker, std::__1::default_delete<TiffMovieReader::Worker>>*>::value, void>::type std::__1::swap[abi:nqe220106]<std::__1::unique_ptr<TiffMovieReader::Worker, std::__1::default_delete<TiffMovieReader::Worker>>*>(std::__1::unique_ptr<TiffMovieReader::Worker, std::__1::default_delete<TiffMovieReader::Worker>>*&, std::__1::unique_ptr<TiffMovieReader::Worker, std::__1::default_delete<TiffMovieReader::Worker>>*&) swap.h:44 (tiff_persistent_reader:arm64+0x1000c3864)
    #1 std::__1::vector<std::__1::unique_ptr<TiffMovieReader::Worker, std::__1::default_delete<TiffMovieReader::Worker>>, std::__1::allocator<std::__1::unique_ptr<TiffMovieReader::Worker, std::__1::default_delete<TiffMovieReader::Worker>>>>::__swap_out_circular_buffer(std::__1::__split_buffer<std::__1::unique_ptr<TiffMovieReader::Worker, std::__1::default_delete<TiffMovieReader::Worker>>, std::__1::allocator<std::__1::unique_ptr<TiffMovieReader::Worker, std::__1::default_delete<TiffMovieReader::Worker>>>&>&) vector.h:864 (tiff_persistent_reader:arm64+0x1000c3864)
    #2 std::__1::vector<std::__1::unique_ptr<TiffMovieReader::Worker, std::__1::default_delete<TiffMovieReader::Worker>>, std::__1::allocator<std::__1::unique_ptr<TiffMovieReader::Worker, std::__1::default_delete<TiffMovieReader::Worker>>>>::reserve(unsigned long) vector.h:1080 (tiff_persistent_reader:arm64+0x1000c3864)
    #3 TiffMovieReader::TiffMovieReader(FileName const&, int) tiff_movie_reader.cpp:37 (tiff_persistent_reader:arm64+0x1000c3864)
    #4 TiffMovieReader::TiffMovieReader(FileName const&, int) tiff_movie_reader.cpp:30 (tiff_persistent_reader:arm64+0x1000c3e60)
    #5 (anonymous namespace)::runCase(std::__1::basic_string<char, std::__1::char_traits<char>, std::__1::allocator<char>> const&, std::__1::basic_string<char, std::__1::char_traits<char>, std::__1::allocator<char>> const&, std::__1::vector<int, std::__1::allocator<int>> const&, std::__1::vector<int, std::__1::allocator<int>> const&) test_tiff_persistent_reader.cpp:228 (tiff_persistent_reader:arm64+0x100009d18)
    #6 main test_tiff_persistent_reader.cpp:374 (tiff_persistent_reader:arm64+0x100004720)

  Previous read of size 8 at 0x00016f95eaa8 by thread T6:
    #0 std::__1::vector<std::__1::unique_ptr<TiffMovieReader::Worker, std::__1::default_delete<TiffMovieReader::Worker>>, std::__1::allocator<std::__1::unique_ptr<TiffMovieReader::Worker, std::__1::default_delete<TiffMovieReader::Worker>>>>::operator[][abi:nqe220106](unsigned long) vector.h:415 (tiff_persistent_reader:arm64+0x1000c432c)
    #1 TiffMovieReader::readFrames(std::__1::vector<int, std::__1::allocator<int>> const&, std::__1::vector<Image<float>, std::__1::allocator<Image<float>>>&) (.omp_outlined_debug__) tiff_movie_reader.cpp:80 (tiff_persistent_reader:arm64+0x1000c432c)
    #2 TiffMovieReader::readFrames(std::__1::vector<int, std::__1::allocator<int>> const&, std::__1::vector<Image<float>, std::__1::allocator<Image<float>>>&) (.omp_outlined) tiff_movie_reader.cpp:72 (tiff_persistent_reader:arm64+0x1000c432c)
    #3 __kmp_invoke_microtask <null> (libomp.dylib:arm64+0x6b138)

  Location is stack of main thread.

  Thread T6 (tid=18123543, running) created by main thread at:
    #0 pthread_create <null> (libclang_rt.tsan_osx_dynamic.dylib:arm64e+0x33bac)
    #1 __kmp_create_worker <null> (libomp.dylib:arm64+0x50efc)
    #2 (anonymous namespace)::runCase(std::__1::basic_string<char, std::__1::char_traits<char>, std::__1::allocator<char>> const&, std::__1::basic_string<char, std::__1::char_traits<char>, std::__1::allocator<char>> const&, std::__1::vector<int, std::__1::allocator<int>> const&, std::__1::vector<int, std::__1::allocator<int>> const&) test_tiff_persistent_reader.cpp:229 (tiff_persistent_reader:arm64+0x100009d4c)
    #3 main test_tiff_persistent_reader.cpp:372 (tiff_persistent_reader:arm64+0x100004684)

SUMMARY: ThreadSanitizer: data race swap.h:44 in std::__1::enable_if<is_move_constructible<std::__1::unique_ptr<TiffMovieReader::Worker, std::__1::default_delete<TiffMovieReader::Worker>>*>::value && is_move_assignable<std::__1::unique_ptr<TiffMovieReader::Worker, std::__1::default_delete<TiffMovieReader::Worker>>*>::value, void>::type std::__1::swap[abi:nqe220106]<std::__1::unique_ptr<TiffMovieReader::Worker, std::__1::default_delete<TiffMovieReader::Worker>>*>(std::__1::unique_ptr<TiffMovieReader::Worker, std::__1::default_delete<TiffMovieReader::Worker>>*&, std::__1::unique_ptr<TiffMovieReader::Worker, std::__1::default_delete<TiffMovieReader::Worker>>*&)
==================
==================
WARNING: ThreadSanitizer: data race (pid=38781)
  Write of size 8 at 0x00016f95e8e0 by main thread:
    #0 std::__1::__exception_guard_exceptions<std::__1::vector<std::exception_ptr, std::__1::allocator<std::exception_ptr>>::__destroy_vector>::__exception_guard_exceptions[abi:nqe220106](std::__1::vector<std::exception_ptr, std::__1::allocator<std::exception_ptr>>::__destroy_vector) exception_guard.h:68 (tiff_persistent_reader:arm64+0x1000c3fb0)
    #1 std::__1::__exception_guard_exceptions<std::__1::vector<std::exception_ptr, std::__1::allocator<std::exception_ptr>>::__destroy_vector>::__exception_guard_exceptions[abi:nqe220106](std::__1::vector<std::exception_ptr, std::__1::allocator<std::exception_ptr>>::__destroy_vector) exception_guard.h:68 (tiff_persistent_reader:arm64+0x1000c3fb0)
    #2 std::__1::__exception_guard_exceptions<std::__1::vector<std::exception_ptr, std::__1::allocator<std::exception_ptr>>::__destroy_vector> std::__1::__make_exception_guard[abi:nqe220106]<std::__1::vector<std::exception_ptr, std::__1::allocator<std::exception_ptr>>::__destroy_vector>(std::__1::vector<std::exception_ptr, std::__1::allocator<std::exception_ptr>>::__destroy_vector) exception_guard.h:136 (tiff_persistent_reader:arm64+0x1000c3fb0)
    #3 std::__1::vector<std::exception_ptr, std::__1::allocator<std::exception_ptr>>::vector[abi:nqe220106](unsigned long) vector.h:148 (tiff_persistent_reader:arm64+0x1000c3fb0)
    #4 std::__1::vector<std::exception_ptr, std::__1::allocator<std::exception_ptr>>::vector[abi:nqe220106](unsigned long) vector.h:147 (tiff_persistent_reader:arm64+0x1000c3fb0)
    #5 TiffMovieReader::readFrames(std::__1::vector<int, std::__1::allocator<int>> const&, std::__1::vector<Image<float>, std::__1::allocator<Image<float>>>&) tiff_movie_reader.cpp:66 (tiff_persistent_reader:arm64+0x1000c3fb0)
    #6 (anonymous namespace)::runCase(std::__1::basic_string<char, std::__1::char_traits<char>, std::__1::allocator<char>> const&, std::__1::basic_string<char, std::__1::char_traits<char>, std::__1::allocator<char>> const&, std::__1::vector<int, std::__1::allocator<int>> const&, std::__1::vector<int, std::__1::allocator<int>> const&) test_tiff_persistent_reader.cpp:229 (tiff_persistent_reader:arm64+0x100009d4c)
    #7 main test_tiff_persistent_reader.cpp:374 (tiff_persistent_reader:arm64+0x100004720)

  Previous atomic write of size 4 at 0x00016f95e8e0 by thread T6:
    #0 int std::__1::__cxx_atomic_fetch_add[abi:nqe220106]<int>(std::__1::__cxx_atomic_base_impl<int>*, int, std::__1::memory_order) c11.h:181 (tiff_persistent_reader:arm64+0x1000c4384)
    #1 std::__1::__atomic_base<int, true>::fetch_add[abi:nqe220106](int, std::__1::memory_order) atomic.h:157 (tiff_persistent_reader:arm64+0x1000c4384)
    #2 TiffMovieReader::readFrames(std::__1::vector<int, std::__1::allocator<int>> const&, std::__1::vector<Image<float>, std::__1::allocator<Image<float>>>&) (.omp_outlined_debug__) tiff_movie_reader.cpp:89 (tiff_persistent_reader:arm64+0x1000c4384)
    #3 TiffMovieReader::readFrames(std::__1::vector<int, std::__1::allocator<int>> const&, std::__1::vector<Image<float>, std::__1::allocator<Image<float>>>&) (.omp_outlined) tiff_movie_reader.cpp:72 (tiff_persistent_reader:arm64+0x1000c4384)
    #4 __kmp_invoke_microtask <null> (libomp.dylib:arm64+0x6b138)

  Location is stack of main thread.

  Thread T6 (tid=18123543, running) created by main thread at:
    #0 pthread_create <null> (libclang_rt.tsan_osx_dynamic.dylib:arm64e+0x33bac)
    #1 __kmp_create_worker <null> (libomp.dylib:arm64+0x50efc)
    #2 (anonymous namespace)::runCase(std::__1::basic_string<char, std::__1::char_traits<char>, std::__1::allocator<char>> const&, std::__1::basic_string<char, std::__1::char_traits<char>, std::__1::allocator<char>> const&, std::__1::vector<int, std::__1::allocator<int>> const&, std::__1::vector<int, std::__1::allocator<int>> const&) test_tiff_persistent_reader.cpp:229 (tiff_persistent_reader:arm64+0x100009d4c)
    #3 main test_tiff_persistent_reader.cpp:372 (tiff_persistent_reader:arm64+0x100004684)

SUMMARY: ThreadSanitizer: data race exception_guard.h:68 in std::__1::__exception_guard_exceptions<std::__1::vector<std::exception_ptr, std::__1::allocator<std::exception_ptr>>::__destroy_vector>::__exception_guard_exceptions[abi:nqe220106](std::__1::vector<std::exception_ptr, std::__1::allocator<std::exception_ptr>>::__destroy_vector)
==================
  u16_deflate_rps1 subset readers=24: 4 frame(s) exact
==================
WARNING: ThreadSanitizer: data race (pid=38781)
  Read of size 1 at 0x00016f95e8e2 by main thread:
    #0 std::__1::__invoke_result_impl<void, bool (&)(char, char) noexcept, char const&, char const&>::type std::__1::__invoke[abi:nqe220106]<bool (&)(char, char) noexcept, char const&, char const&>(bool (&)(char, char) noexcept, char const&, char const&) invoke.h:90 (tiff_persistent_reader:arm64+0x100042170)
    #1 std::__1::pair<char const*, char const*> std::__1::__find_end_impl[abi:nqe220106]<std::__1::_ClassicAlgPolicy, bool (char, char) noexcept, char const*, char const*, char const*, char const*, std::__1::__identity, std::__1::__identity>(char const*, char const*, char const*, char const*, bool (&)(char, char) noexcept, std::__1::__identity&, std::__1::__identity&, std::__1::random_access_iterator_tag, std::__1::random_access_iterator_tag) find_end.h:167 (tiff_persistent_reader:arm64+0x100042170)
    #2 char const* std::__1::__find_end_classic[abi:nqe220106]<char const*, char const*, bool (char, char) noexcept>(char const*, char const*, char const*, char const*, bool (&)(char, char) noexcept) find_end.h:192 (tiff_persistent_reader:arm64+0x100042170)
    #3 unsigned long std::__1::__str_rfind[abi:nqe220106]<char, unsigned long, std::__1::char_traits<char>, 18446744073709551615ul>(char const*, unsigned long, char const*, unsigned long, unsigned long) char_traits.h:559 (tiff_persistent_reader:arm64+0x100042170)
    #4 std::__1::basic_string<char, std::__1::char_traits<char>, std::__1::allocator<char>>::rfind[abi:nqe220106](std::__1::basic_string<char, std::__1::char_traits<char>, std::__1::allocator<char>> const&, unsigned long) const string:1861 (tiff_persistent_reader:arm64+0x100042170)
    #5 FileName::contains(std::__1::basic_string<char, std::__1::char_traits<char>, std::__1::allocator<char>> const&) const filename.cpp:143 (tiff_persistent_reader:arm64+0x100042170)
    #6 fImageHandler::openFile(FileName const&, int) image.h:411 (tiff_persistent_reader:arm64+0x10000dd80)
    #7 Image<float>::read(FileName const&, bool, long, bool, bool) image.h:736 (tiff_persistent_reader:arm64+0x10000b624)
    #8 (anonymous namespace)::runCase(std::__1::basic_string<char, std::__1::char_traits<char>, std::__1::allocator<char>> const&, std::__1::basic_string<char, std::__1::char_traits<char>, std::__1::allocator<char>> const&, std::__1::vector<int, std::__1::allocator<int>> const&, std::__1::vector<int, std::__1::allocator<int>> const&) test_tiff_persistent_reader.cpp:221 (tiff_persistent_reader:arm64+0x1000099ac)
    #9 main test_tiff_persistent_reader.cpp:377 (tiff_persistent_reader:arm64+0x1000047e4)

  Previous atomic write of size 4 at 0x00016f95e8e0 by thread T17:
    #0 int std::__1::__cxx_atomic_fetch_add[abi:nqe220106]<int>(std::__1::__cxx_atomic_base_impl<int>*, int, std::__1::memory_order) c11.h:181 (tiff_persistent_reader:arm64+0x1000c4384)
    #1 std::__1::__atomic_base<int, true>::fetch_add[abi:nqe220106](int, std::__1::memory_order) atomic.h:157 (tiff_persistent_reader:arm64+0x1000c4384)
    #2 TiffMovieReader::readFrames(std::__1::vector<int, std::__1::allocator<int>> const&, std::__1::vector<Image<float>, std::__1::allocator<Image<float>>>&) (.omp_outlined_debug__) tiff_movie_reader.cpp:89 (tiff_persistent_reader:arm64+0x1000c4384)
    #3 TiffMovieReader::readFrames(std::__1::vector<int, std::__1::allocator<int>> const&, std::__1::vector<Image<float>, std::__1::allocator<Image<float>>>&) (.omp_outlined) tiff_movie_reader.cpp:72 (tiff_persistent_reader:arm64+0x1000c4384)
    #4 __kmp_invoke_microtask <null> (libomp.dylib:arm64+0x6b138)

  Location is stack of main thread.

  Thread T17 (tid=18123589, running) created by main thread at:
    #0 pthread_create <null> (libclang_rt.tsan_osx_dynamic.dylib:arm64e+0x33bac)
    #1 __kmp_create_worker <null> (libomp.dylib:arm64+0x50efc)
    #2 (anonymous namespace)::runCase(std::__1::basic_string<char, std::__1::char_traits<char>, std::__1::allocator<char>> const&, std::__1::basic_string<char, std::__1::char_traits<char>, std::__1::allocator<char>> const&, std::__1::vector<int, std::__1::allocator<int>> const&, std::__1::vector<int, std::__1::allocator<int>> const&) test_tiff_persistent_reader.cpp:229 (tiff_persistent_reader:arm64+0x100009d4c)
    #3 main test_tiff_persistent_reader.cpp:372 (tiff_persistent_reader:arm64+0x100004684)

SUMMARY: ThreadSanitizer: data race invoke.h:90 in std::__1::__invoke_result_impl<void, bool (&)(char, char) noexcept, char const&, char const&>::type std::__1::__invoke[abi:nqe220106]<bool (&)(char, char) noexcept, char const&, char const&>(bool (&)(char, char) noexcept, char const&, char const&)
==================
  u16_deflate_rps1 out-of-order readers=1: 5 frame(s) exact
  u16_deflate_rps1 out-of-order readers=2: 5 frame(s) exact
==================
WARNING: ThreadSanitizer: data race (pid=38781)
  Write of size 1 at 0x00016f95e8df by main thread:
    #0 std::__1::basic_string<char, std::__1::char_traits<char>, std::__1::allocator<char>>::__set_short_size[abi:nqe220106](unsigned long) string:2221 (tiff_persistent_reader:arm64+0x100010e48)
    #1 std::__1::basic_string<char, std::__1::char_traits<char>, std::__1::allocator<char>>::__init_internal_buffer[abi:nqe220106](unsigned long) string:2317 (tiff_persistent_reader:arm64+0x100010e48)
    #2 std::__1::basic_string<char, std::__1::char_traits<char>, std::__1::allocator<char>>::__init(char const*, unsigned long) string:2674 (tiff_persistent_reader:arm64+0x100010e48)
    #3 std::__1::basic_string<char, std::__1::char_traits<char>, std::__1::allocator<char>>::basic_string[abi:nqe220106]<0>(char const*) string:1075 (tiff_persistent_reader:arm64+0x100010e48)
    #4 FileName::FileName(char const*) filename.h:113 (tiff_persistent_reader:arm64+0x100010e48)
    #5 FileName::FileName(char const*) filename.h:113 (tiff_persistent_reader:arm64+0x100010e48)
    #6 fImageHandler::releaseHandles() image.h:516 (tiff_persistent_reader:arm64+0x100010e48)
    #7 fImageHandler::~fImageHandler() image.h:339 (tiff_persistent_reader:arm64+0x1000193c8)
    #8 fImageHandler::~fImageHandler() image.h:338 (tiff_persistent_reader:arm64+0x10001c310)
    #9 TiffMovieReader::Worker::~Worker() tiff_movie_reader.h:108 (tiff_persistent_reader:arm64+0x10001c310)
    #10 TiffMovieReader::Worker::~Worker() tiff_movie_reader.h:108 (tiff_persistent_reader:arm64+0x10001c310)
    #11 std::__1::default_delete<TiffMovieReader::Worker>::operator()[abi:nqe220106](TiffMovieReader::Worker*) const unique_ptr.h:75 (tiff_persistent_reader:arm64+0x10001c310)
    #12 std::__1::unique_ptr<TiffMovieReader::Worker, std::__1::default_delete<TiffMovieReader::Worker>>::reset[abi:nqe220106](TiffMovieReader::Worker*) unique_ptr.h:291 (tiff_persistent_reader:arm64+0x10001c310)
    #13 std::__1::unique_ptr<TiffMovieReader::Worker, std::__1::default_delete<TiffMovieReader::Worker>>::~unique_ptr[abi:nqe220106]() unique_ptr.h:257 (tiff_persistent_reader:arm64+0x10001c310)
    #14 std::__1::unique_ptr<TiffMovieReader::Worker, std::__1::default_delete<TiffMovieReader::Worker>>::~unique_ptr[abi:nqe220106]() unique_ptr.h:257 (tiff_persistent_reader:arm64+0x10001c310)
    #15 std::__1::allocator<std::__1::unique_ptr<TiffMovieReader::Worker, std::__1::default_delete<TiffMovieReader::Worker>>>::destroy[abi:nqe220106](std::__1::unique_ptr<TiffMovieReader::Worker, std::__1::default_delete<TiffMovieReader::Worker>>*) allocator.h:144 (tiff_persistent_reader:arm64+0x10001c310)
    #16 void std::__1::allocator_traits<std::__1::allocator<std::__1::unique_ptr<TiffMovieReader::Worker, std::__1::default_delete<TiffMovieReader::Worker>>>>::destroy[abi:nqe220106]<std::__1::unique_ptr<TiffMovieReader::Worker, std::__1::default_delete<TiffMovieReader::Worker>>, 0>(std::__1::allocator<std::__1::unique_ptr<TiffMovieReader::Worker, std::__1::default_delete<TiffMovieReader::Worker>>>&, std::__1::unique_ptr<TiffMovieReader::Worker, std::__1::default_delete<TiffMovieReader::Worker>>*) allocator_traits.h:308 (tiff_persistent_reader:arm64+0x10001c310)
    #17 std::__1::vector<std::__1::unique_ptr<TiffMovieReader::Worker, std::__1::default_delete<TiffMovieReader::Worker>>, std::__1::allocator<std::__1::unique_ptr<TiffMovieReader::Worker, std::__1::default_delete<TiffMovieReader::Worker>>>>::__base_destruct_at_end[abi:nqe220106](std::__1::unique_ptr<TiffMovieReader::Worker, std::__1::default_delete<TiffMovieReader::Worker>>*) vector.h:778 (tiff_persistent_reader:arm64+0x10001c310)
    #18 std::__1::vector<std::__1::unique_ptr<TiffMovieReader::Worker, std::__1::default_delete<TiffMovieReader::Worker>>, std::__1::allocator<std::__1::unique_ptr<TiffMovieReader::Worker, std::__1::default_delete<TiffMovieReader::Worker>>>>::clear[abi:nqe220106]() vector.h:566 (tiff_persistent_reader:arm64+0x10001c310)
    #19 std::__1::vector<std::__1::unique_ptr<TiffMovieReader::Worker, std::__1::default_delete<TiffMovieReader::Worker>>, std::__1::allocator<std::__1::unique_ptr<TiffMovieReader::Worker, std::__1::default_delete<TiffMovieReader::Worker>>>>::__destroy_vector::operator()[abi:nqe220106]() vector.h:251 (tiff_persistent_reader:arm64+0x10001c310)
    #20 std::__1::vector<std::__1::unique_ptr<TiffMovieReader::Worker, std::__1::default_delete<TiffMovieReader::Worker>>, std::__1::allocator<std::__1::unique_ptr<TiffMovieReader::Worker, std::__1::default_delete<TiffMovieReader::Worker>>>>::~vector[abi:nqe220106]() vector.h:262 (tiff_persistent_reader:arm64+0x10000a220)
    #21 std::__1::vector<std::__1::unique_ptr<TiffMovieReader::Worker, std::__1::default_delete<TiffMovieReader::Worker>>, std::__1::allocator<std::__1::unique_ptr<TiffMovieReader::Worker, std::__1::default_delete<TiffMovieReader::Worker>>>>::~vector[abi:nqe220106]() vector.h:262 (tiff_persistent_reader:arm64+0x10000a220)
    #22 TiffMovieReader::~TiffMovieReader() tiff_movie_reader.h:70 (tiff_persistent_reader:arm64+0x10000a220)
    #23 TiffMovieReader::~TiffMovieReader() tiff_movie_reader.h:70 (tiff_persistent_reader:arm64+0x10000a220)
    #24 (anonymous namespace)::runCase(std::__1::basic_string<char, std::__1::char_traits<char>, std::__1::allocator<char>> const&, std::__1::basic_string<char, std::__1::char_traits<char>, std::__1::allocator<char>> const&, std::__1::vector<int, std::__1::allocator<int>> const&, std::__1::vector<int, std::__1::allocator<int>> const&) test_tiff_persistent_reader.cpp:239 (tiff_persistent_reader:arm64+0x10000a220)
    #25 main test_tiff_persistent_reader.cpp:377 (tiff_persistent_reader:arm64+0x1000047e4)

  Previous read of size 4 at 0x00016f95e8dc by thread T1:
    #0 TiffMovieReader::readFrames(std::__1::vector<int, std::__1::allocator<int>> const&, std::__1::vector<Image<float>, std::__1::allocator<Image<float>>>&) (.omp_outlined_debug__) tiff_movie_reader.cpp:90 (tiff_persistent_reader:arm64+0x1000c4390)
    #1 TiffMovieReader::readFrames(std::__1::vector<int, std::__1::allocator<int>> const&, std::__1::vector<Image<float>, std::__1::allocator<Image<float>>>&) (.omp_outlined) tiff_movie_reader.cpp:72 (tiff_persistent_reader:arm64+0x1000c4390)
    #2 __kmp_invoke_microtask <null> (libomp.dylib:arm64+0x6b138)

  Location is stack of main thread.

  Thread T1 (tid=18123538, running) created by main thread at:
    #0 pthread_create <null> (libclang_rt.tsan_osx_dynamic.dylib:arm64e+0x33bac)
    #1 __kmp_create_worker <null> (libomp.dylib:arm64+0x50efc)
    #2 (anonymous namespace)::runCase(std::__1::basic_string<char, std::__1::char_traits<char>, std::__1::allocator<char>> const&, std::__1::basic_string<char, std::__1::char_traits<char>, std::__1::allocator<char>> const&, std::__1::vector<int, std::__1::allocator<int>> const&, std::__1::vector<int, std::__1::allocator<int>> const&) test_tiff_persistent_reader.cpp:229 (tiff_persistent_reader:arm64+0x100009d4c)
    #3 main test_tiff_persistent_reader.cpp:372 (tiff_persistent_reader:arm64+0x100004684)

SUMMARY: ThreadSanitizer: data race string:2221 in std::__1::basic_string<char, std::__1::char_traits<char>, std::__1::allocator<char>>::__set_short_size[abi:nqe220106](unsigned long)
==================
  u16_deflate_rps1 out-of-order readers=4: 5 frame(s) exact
  u16_deflate_rps1 out-of-order readers=8: 5 frame(s) exact
  u16_deflate_rps1 out-of-order readers=16: 5 frame(s) exact
  u16_deflate_rps1 out-of-order readers=24: 5 frame(s) exact
  u16_deflate_rps1 single readers=1: 1 frame(s) exact
  u16_deflate_rps1 single readers=4: 1 frame(s) exact
==================
WARNING: ThreadSanitizer: data race (pid=38781)
  Write of size 1 at 0x00016f95e8df by main thread:
    #0 std::__1::basic_string<char, std::__1::char_traits<char>, std::__1::allocator<char>>::__set_short_size[abi:nqe220106](unsigned long) string:2221 (tiff_persistent_reader:arm64+0x100010e48)
    #1 std::__1::basic_string<char, std::__1::char_traits<char>, std::__1::allocator<char>>::__init_internal_buffer[abi:nqe220106](unsigned long) string:2317 (tiff_persistent_reader:arm64+0x100010e48)
    #2 std::__1::basic_string<char, std::__1::char_traits<char>, std::__1::allocator<char>>::__init(char const*, unsigned long) string:2674 (tiff_persistent_reader:arm64+0x100010e48)
    #3 std::__1::basic_string<char, std::__1::char_traits<char>, std::__1::allocator<char>>::basic_string[abi:nqe220106]<0>(char const*) string:1075 (tiff_persistent_reader:arm64+0x100010e48)
    #4 FileName::FileName(char const*) filename.h:113 (tiff_persistent_reader:arm64+0x100010e48)
    #5 FileName::FileName(char const*) filename.h:113 (tiff_persistent_reader:arm64+0x100010e48)
    #6 fImageHandler::releaseHandles() image.h:516 (tiff_persistent_reader:arm64+0x100010e48)
    #7 fImageHandler::~fImageHandler() image.h:339 (tiff_persistent_reader:arm64+0x1000193c8)
    #8 fImageHandler::~fImageHandler() image.h:338 (tiff_persistent_reader:arm64+0x10001c310)
    #9 TiffMovieReader::Worker::~Worker() tiff_movie_reader.h:108 (tiff_persistent_reader:arm64+0x10001c310)
    #10 TiffMovieReader::Worker::~Worker() tiff_movie_reader.h:108 (tiff_persistent_reader:arm64+0x10001c310)
    #11 std::__1::default_delete<TiffMovieReader::Worker>::operator()[abi:nqe220106](TiffMovieReader::Worker*) const unique_ptr.h:75 (tiff_persistent_reader:arm64+0x10001c310)
    #12 std::__1::unique_ptr<TiffMovieReader::Worker, std::__1::default_delete<TiffMovieReader::Worker>>::reset[abi:nqe220106](TiffMovieReader::Worker*) unique_ptr.h:291 (tiff_persistent_reader:arm64+0x10001c310)
    #13 std::__1::unique_ptr<TiffMovieReader::Worker, std::__1::default_delete<TiffMovieReader::Worker>>::~unique_ptr[abi:nqe220106]() unique_ptr.h:257 (tiff_persistent_reader:arm64+0x10001c310)
    #14 std::__1::unique_ptr<TiffMovieReader::Worker, std::__1::default_delete<TiffMovieReader::Worker>>::~unique_ptr[abi:nqe220106]() unique_ptr.h:257 (tiff_persistent_reader:arm64+0x10001c310)
    #15 std::__1::allocator<std::__1::unique_ptr<TiffMovieReader::Worker, std::__1::default_delete<TiffMovieReader::Worker>>>::destroy[abi:nqe220106](std::__1::unique_ptr<TiffMovieReader::Worker, std::__1::default_delete<TiffMovieReader::Worker>>*) allocator.h:144 (tiff_persistent_reader:arm64+0x10001c310)
    #16 void std::__1::allocator_traits<std::__1::allocator<std::__1::unique_ptr<TiffMovieReader::Worker, std::__1::default_delete<TiffMovieReader::Worker>>>>::destroy[abi:nqe220106]<std::__1::unique_ptr<TiffMovieReader::Worker, std::__1::default_delete<TiffMovieReader::Worker>>, 0>(std::__1::allocator<std::__1::unique_ptr<TiffMovieReader::Worker, std::__1::default_delete<TiffMovieReader::Worker>>>&, std::__1::unique_ptr<TiffMovieReader::Worker, std::__1::default_delete<TiffMovieReader::Worker>>*) allocator_traits.h:308 (tiff_persistent_reader:arm64+0x10001c310)
    #17 std::__1::vector<std::__1::unique_ptr<TiffMovieReader::Worker, std::__1::default_delete<TiffMovieReader::Worker>>, std::__1::allocator<std::__1::unique_ptr<TiffMovieReader::Worker, std::__1::default_delete<TiffMovieReader::Worker>>>>::__base_destruct_at_end[abi:nqe220106](std::__1::unique_ptr<TiffMovieReader::Worker, std::__1::default_delete<TiffMovieReader::Worker>>*) vector.h:778 (tiff_persistent_reader:arm64+0x10001c310)
    #18 std::__1::vector<std::__1::unique_ptr<TiffMovieReader::Worker, std::__1::default_delete<TiffMovieReader::Worker>>, std::__1::allocator<std::__1::unique_ptr<TiffMovieReader::Worker, std::__1::default_delete<TiffMovieReader::Worker>>>>::clear[abi:nqe220106]() vector.h:566 (tiff_persistent_reader:arm64+0x10001c310)
    #19 std::__1::vector<std::__1::unique_ptr<TiffMovieReader::Worker, std::__1::default_delete<TiffMovieReader::Worker>>, std::__1::allocator<std::__1::unique_ptr<TiffMovieReader::Worker, std::__1::default_delete<TiffMovieReader::Worker>>>>::__destroy_vector::operator()[abi:nqe220106]() vector.h:251 (tiff_persistent_reader:arm64+0x10001c310)
    #20 std::__1::vector<std::__1::unique_ptr<TiffMovieReader::Worker, std::__1::default_delete<TiffMovieReader::Worker>>, std::__1::allocator<std::__1::unique_ptr<TiffMovieReader::Worker, std::__1::default_delete<TiffMovieReader::Worker>>>>::~vector[abi:nqe220106]() vector.h:262 (tiff_persistent_reader:arm64+0x10000a220)
    #21 std::__1::vector<std::__1::unique_ptr<TiffMovieReader::Worker, std::__1::default_delete<TiffMovieReader::Worker>>, std::__1::allocator<std::__1::unique_ptr<TiffMovieReader::Worker, std::__1::default_delete<TiffMovieReader::Worker>>>>::~vector[abi:nqe220106]() vector.h:262 (tiff_persistent_reader:arm64+0x10000a220)
    #22 TiffMovieReader::~TiffMovieReader() tiff_movie_reader.h:70 (tiff_persistent_reader:arm64+0x10000a220)
    #23 TiffMovieReader::~TiffMovieReader() tiff_movie_reader.h:70 (tiff_persistent_reader:arm64+0x10000a220)
    #24 (anonymous namespace)::runCase(std::__1::basic_string<char, std::__1::char_traits<char>, std::__1::allocator<char>> const&, std::__1::basic_string<char, std::__1::char_traits<char>, std::__1::allocator<char>> const&, std::__1::vector<int, std::__1::allocator<int>> const&, std::__1::vector<int, std::__1::allocator<int>> const&) test_tiff_persistent_reader.cpp:239 (tiff_persistent_reader:arm64+0x10000a220)
    #25 main test_tiff_persistent_reader.cpp:378 (tiff_persistent_reader:arm64+0x1000048cc)

  Previous read of size 4 at 0x00016f95e8dc by thread T1:
    #0 TiffMovieReader::readFrames(std::__1::vector<int, std::__1::allocator<int>> const&, std::__1::vector<Image<float>, std::__1::allocator<Image<float>>>&) (.omp_outlined_debug__) tiff_movie_reader.cpp:90 (tiff_persistent_reader:arm64+0x1000c4390)
    #1 TiffMovieReader::readFrames(std::__1::vector<int, std::__1::allocator<int>> const&, std::__1::vector<Image<float>, std::__1::allocator<Image<float>>>&) (.omp_outlined) tiff_movie_reader.cpp:72 (tiff_persistent_reader:arm64+0x1000c4390)
    #2 __kmp_invoke_microtask <null> (libomp.dylib:arm64+0x6b138)

  Location is stack of main thread.

  Thread T1 (tid=18123538, running) created by main thread at:
    #0 pthread_create <null> (libclang_rt.tsan_osx_dynamic.dylib:arm64e+0x33bac)
    #1 __kmp_create_worker <null> (libomp.dylib:arm64+0x50efc)
    #2 (anonymous namespace)::runCase(std::__1::basic_string<char, std::__1::char_traits<char>, std::__1::allocator<char>> const&, std::__1::basic_string<char, std::__1::char_traits<char>, std::__1::allocator<char>> const&, std::__1::vector<int, std::__1::allocator<int>> const&, std::__1::vector<int, std::__1::allocator<int>> const&) test_tiff_persistent_reader.cpp:229 (tiff_persistent_reader:arm64+0x100009d4c)
    #3 main test_tiff_persistent_reader.cpp:372 (tiff_persistent_reader:arm64+0x100004684)

SUMMARY: ThreadSanitizer: data race string:2221 in std::__1::basic_string<char, std::__1::char_traits<char>, std::__1::allocator<char>>::__set_short_size[abi:nqe220106](unsigned long)
==================
  u16_raw_rps7 short-final-strip readers=1: 5 frame(s) exact
  u16_raw_rps7 short-final-strip readers=2: 5 frame(s) exact
  u16_raw_rps7 short-final-strip readers=4: 5 frame(s) exact
==================
WARNING: ThreadSanitizer: data race (pid=38781)
  Write of size 1 at 0x00016f95e8df by main thread:
    #0 std::__1::basic_string<char, std::__1::char_traits<char>, std::__1::allocator<char>>::__set_short_size[abi:nqe220106](unsigned long) string:2221 (tiff_persistent_reader:arm64+0x100010e48)
    #1 std::__1::basic_string<char, std::__1::char_traits<char>, std::__1::allocator<char>>::__init_internal_buffer[abi:nqe220106](unsigned long) string:2317 (tiff_persistent_reader:arm64+0x100010e48)
    #2 std::__1::basic_string<char, std::__1::char_traits<char>, std::__1::allocator<char>>::__init(char const*, unsigned long) string:2674 (tiff_persistent_reader:arm64+0x100010e48)
    #3 std::__1::basic_string<char, std::__1::char_traits<char>, std::__1::allocator<char>>::basic_string[abi:nqe220106]<0>(char const*) string:1075 (tiff_persistent_reader:arm64+0x100010e48)
    #4 FileName::FileName(char const*) filename.h:113 (tiff_persistent_reader:arm64+0x100010e48)
    #5 FileName::FileName(char const*) filename.h:113 (tiff_persistent_reader:arm64+0x100010e48)
    #6 fImageHandler::releaseHandles() image.h:516 (tiff_persistent_reader:arm64+0x100010e48)
    #7 fImageHandler::~fImageHandler() image.h:339 (tiff_persistent_reader:arm64+0x1000193c8)
    #8 fImageHandler::~fImageHandler() image.h:338 (tiff_persistent_reader:arm64+0x10001c310)
    #9 TiffMovieReader::Worker::~Worker() tiff_movie_reader.h:108 (tiff_persistent_reader:arm64+0x10001c310)
    #10 TiffMovieReader::Worker::~Worker() tiff_movie_reader.h:108 (tiff_persistent_reader:arm64+0x10001c310)
    #11 std::__1::default_delete<TiffMovieReader::Worker>::operator()[abi:nqe220106](TiffMovieReader::Worker*) const unique_ptr.h:75 (tiff_persistent_reader:arm64+0x10001c310)
    #12 std::__1::unique_ptr<TiffMovieReader::Worker, std::__1::default_delete<TiffMovieReader::Worker>>::reset[abi:nqe220106](TiffMovieReader::Worker*) unique_ptr.h:291 (tiff_persistent_reader:arm64+0x10001c310)
    #13 std::__1::unique_ptr<TiffMovieReader::Worker, std::__1::default_delete<TiffMovieReader::Worker>>::~unique_ptr[abi:nqe220106]() unique_ptr.h:257 (tiff_persistent_reader:arm64+0x10001c310)
    #14 std::__1::unique_ptr<TiffMovieReader::Worker, std::__1::default_delete<TiffMovieReader::Worker>>::~unique_ptr[abi:nqe220106]() unique_ptr.h:257 (tiff_persistent_reader:arm64+0x10001c310)
    #15 std::__1::allocator<std::__1::unique_ptr<TiffMovieReader::Worker, std::__1::default_delete<TiffMovieReader::Worker>>>::destroy[abi:nqe220106](std::__1::unique_ptr<TiffMovieReader::Worker, std::__1::default_delete<TiffMovieReader::Worker>>*) allocator.h:144 (tiff_persistent_reader:arm64+0x10001c310)
    #16 void std::__1::allocator_traits<std::__1::allocator<std::__1::unique_ptr<TiffMovieReader::Worker, std::__1::default_delete<TiffMovieReader::Worker>>>>::destroy[abi:nqe220106]<std::__1::unique_ptr<TiffMovieReader::Worker, std::__1::default_delete<TiffMovieReader::Worker>>, 0>(std::__1::allocator<std::__1::unique_ptr<TiffMovieReader::Worker, std::__1::default_delete<TiffMovieReader::Worker>>>&, std::__1::unique_ptr<TiffMovieReader::Worker, std::__1::default_delete<TiffMovieReader::Worker>>*) allocator_traits.h:308 (tiff_persistent_reader:arm64+0x10001c310)
    #17 std::__1::vector<std::__1::unique_ptr<TiffMovieReader::Worker, std::__1::default_delete<TiffMovieReader::Worker>>, std::__1::allocator<std::__1::unique_ptr<TiffMovieReader::Worker, std::__1::default_delete<TiffMovieReader::Worker>>>>::__base_destruct_at_end[abi:nqe220106](std::__1::unique_ptr<TiffMovieReader::Worker, std::__1::default_delete<TiffMovieReader::Worker>>*) vector.h:778 (tiff_persistent_reader:arm64+0x10001c310)
    #18 std::__1::vector<std::__1::unique_ptr<TiffMovieReader::Worker, std::__1::default_delete<TiffMovieReader::Worker>>, std::__1::allocator<std::__1::unique_ptr<TiffMovieReader::Worker, std::__1::default_delete<TiffMovieReader::Worker>>>>::clear[abi:nqe220106]() vector.h:566 (tiff_persistent_reader:arm64+0x10001c310)
    #19 std::__1::vector<std::__1::unique_ptr<TiffMovieReader::Worker, std::__1::default_delete<TiffMovieReader::Worker>>, std::__1::allocator<std::__1::unique_ptr<TiffMovieReader::Worker, std::__1::default_delete<TiffMovieReader::Worker>>>>::__destroy_vector::operator()[abi:nqe220106]() vector.h:251 (tiff_persistent_reader:arm64+0x10001c310)
    #20 std::__1::vector<std::__1::unique_ptr<TiffMovieReader::Worker, std::__1::default_delete<TiffMovieReader::Worker>>, std::__1::allocator<std::__1::unique_ptr<TiffMovieReader::Worker, std::__1::default_delete<TiffMovieReader::Worker>>>>::~vector[abi:nqe220106]() vector.h:262 (tiff_persistent_reader:arm64+0x10000a220)
    #21 std::__1::vector<std::__1::unique_ptr<TiffMovieReader::Worker, std::__1::default_delete<TiffMovieReader::Worker>>, std::__1::allocator<std::__1::unique_ptr<TiffMovieReader::Worker, std::__1::default_delete<TiffMovieReader::Worker>>>>::~vector[abi:nqe220106]() vector.h:262 (tiff_persistent_reader:arm64+0x10000a220)
    #22 TiffMovieReader::~TiffMovieReader() tiff_movie_reader.h:70 (tiff_persistent_reader:arm64+0x10000a220)
    #23 TiffMovieReader::~TiffMovieReader() tiff_movie_reader.h:70 (tiff_persistent_reader:arm64+0x10000a220)
    #24 (anonymous namespace)::runCase(std::__1::basic_string<char, std::__1::char_traits<char>, std::__1::allocator<char>> const&, std::__1::basic_string<char, std::__1::char_traits<char>, std::__1::allocator<char>> const&, std::__1::vector<int, std::__1::allocator<int>> const&, std::__1::vector<int, std::__1::allocator<int>> const&) test_tiff_persistent_reader.cpp:239 (tiff_persistent_reader:arm64+0x10000a220)
    #25 main test_tiff_persistent_reader.cpp:391 (tiff_persistent_reader:arm64+0x100004c04)

  Previous read of size 4 at 0x00016f95e8dc by thread T1:
    #0 TiffMovieReader::readFrames(std::__1::vector<int, std::__1::allocator<int>> const&, std::__1::vector<Image<float>, std::__1::allocator<Image<float>>>&) (.omp_outlined_debug__) tiff_movie_reader.cpp:90 (tiff_persistent_reader:arm64+0x1000c4390)
    #1 TiffMovieReader::readFrames(std::__1::vector<int, std::__1::allocator<int>> const&, std::__1::vector<Image<float>, std::__1::allocator<Image<float>>>&) (.omp_outlined) tiff_movie_reader.cpp:72 (tiff_persistent_reader:arm64+0x1000c4390)
    #2 __kmp_invoke_microtask <null> (libomp.dylib:arm64+0x6b138)

  Location is stack of main thread.

  Thread T1 (tid=18123538, running) created by main thread at:
    #0 pthread_create <null> (libclang_rt.tsan_osx_dynamic.dylib:arm64e+0x33bac)
    #1 __kmp_create_worker <null> (libomp.dylib:arm64+0x50efc)
    #2 (anonymous namespace)::runCase(std::__1::basic_string<char, std::__1::char_traits<char>, std::__1::allocator<char>> const&, std::__1::basic_string<char, std::__1::char_traits<char>, std::__1::allocator<char>> const&, std::__1::vector<int, std::__1::allocator<int>> const&, std::__1::vector<int, std::__1::allocator<int>> const&) test_tiff_persistent_reader.cpp:229 (tiff_persistent_reader:arm64+0x100009d4c)
    #3 main test_tiff_persistent_reader.cpp:372 (tiff_persistent_reader:arm64+0x100004684)

SUMMARY: ThreadSanitizer: data race string:2221 in std::__1::basic_string<char, std::__1::char_traits<char>, std::__1::allocator<char>>::__set_short_size[abi:nqe220106](unsigned long)
==================
  u16_raw_rps7 short-final-strip readers=8: 5 frame(s) exact
  u16_raw_rps7 short-final-strip readers=16: 5 frame(s) exact
  u16_raw_rps7 short-final-strip readers=24: 5 frame(s) exact
  u16_deflate_rps8 short-final-strip readers=1: 6 frame(s) exact
  u16_deflate_rps8 short-final-strip readers=2: 6 frame(s) exact
  u16_deflate_rps8 short-final-strip readers=4: 6 frame(s) exact
==================
WARNING: ThreadSanitizer: data race (pid=38781)
  Write of size 1 at 0x00016f95e8df by main thread:
    #0 std::__1::basic_string<char, std::__1::char_traits<char>, std::__1::allocator<char>>::__set_short_size[abi:nqe220106](unsigned long) string:2221 (tiff_persistent_reader:arm64+0x100010e48)
    #1 std::__1::basic_string<char, std::__1::char_traits<char>, std::__1::allocator<char>>::__init_internal_buffer[abi:nqe220106](unsigned long) string:2317 (tiff_persistent_reader:arm64+0x100010e48)
    #2 std::__1::basic_string<char, std::__1::char_traits<char>, std::__1::allocator<char>>::__init(char const*, unsigned long) string:2674 (tiff_persistent_reader:arm64+0x100010e48)
    #3 std::__1::basic_string<char, std::__1::char_traits<char>, std::__1::allocator<char>>::basic_string[abi:nqe220106]<0>(char const*) string:1075 (tiff_persistent_reader:arm64+0x100010e48)
    #4 FileName::FileName(char const*) filename.h:113 (tiff_persistent_reader:arm64+0x100010e48)
    #5 FileName::FileName(char const*) filename.h:113 (tiff_persistent_reader:arm64+0x100010e48)
    #6 fImageHandler::releaseHandles() image.h:516 (tiff_persistent_reader:arm64+0x100010e48)
    #7 fImageHandler::~fImageHandler() image.h:339 (tiff_persistent_reader:arm64+0x1000193c8)
    #8 fImageHandler::~fImageHandler() image.h:338 (tiff_persistent_reader:arm64+0x10001c310)
    #9 TiffMovieReader::Worker::~Worker() tiff_movie_reader.h:108 (tiff_persistent_reader:arm64+0x10001c310)
    #10 TiffMovieReader::Worker::~Worker() tiff_movie_reader.h:108 (tiff_persistent_reader:arm64+0x10001c310)
    #11 std::__1::default_delete<TiffMovieReader::Worker>::operator()[abi:nqe220106](TiffMovieReader::Worker*) const unique_ptr.h:75 (tiff_persistent_reader:arm64+0x10001c310)
    #12 std::__1::unique_ptr<TiffMovieReader::Worker, std::__1::default_delete<TiffMovieReader::Worker>>::reset[abi:nqe220106](TiffMovieReader::Worker*) unique_ptr.h:291 (tiff_persistent_reader:arm64+0x10001c310)
    #13 std::__1::unique_ptr<TiffMovieReader::Worker, std::__1::default_delete<TiffMovieReader::Worker>>::~unique_ptr[abi:nqe220106]() unique_ptr.h:257 (tiff_persistent_reader:arm64+0x10001c310)
    #14 std::__1::unique_ptr<TiffMovieReader::Worker, std::__1::default_delete<TiffMovieReader::Worker>>::~unique_ptr[abi:nqe220106]() unique_ptr.h:257 (tiff_persistent_reader:arm64+0x10001c310)
    #15 std::__1::allocator<std::__1::unique_ptr<TiffMovieReader::Worker, std::__1::default_delete<TiffMovieReader::Worker>>>::destroy[abi:nqe220106](std::__1::unique_ptr<TiffMovieReader::Worker, std::__1::default_delete<TiffMovieReader::Worker>>*) allocator.h:144 (tiff_persistent_reader:arm64+0x10001c310)
    #16 void std::__1::allocator_traits<std::__1::allocator<std::__1::unique_ptr<TiffMovieReader::Worker, std::__1::default_delete<TiffMovieReader::Worker>>>>::destroy[abi:nqe220106]<std::__1::unique_ptr<TiffMovieReader::Worker, std::__1::default_delete<TiffMovieReader::Worker>>, 0>(std::__1::allocator<std::__1::unique_ptr<TiffMovieReader::Worker, std::__1::default_delete<TiffMovieReader::Worker>>>&, std::__1::unique_ptr<TiffMovieReader::Worker, std::__1::default_delete<TiffMovieReader::Worker>>*) allocator_traits.h:308 (tiff_persistent_reader:arm64+0x10001c310)
    #17 std::__1::vector<std::__1::unique_ptr<TiffMovieReader::Worker, std::__1::default_delete<TiffMovieReader::Worker>>, std::__1::allocator<std::__1::unique_ptr<TiffMovieReader::Worker, std::__1::default_delete<TiffMovieReader::Worker>>>>::__base_destruct_at_end[abi:nqe220106](std::__1::unique_ptr<TiffMovieReader::Worker, std::__1::default_delete<TiffMovieReader::Worker>>*) vector.h:778 (tiff_persistent_reader:arm64+0x10001c310)
    #18 std::__1::vector<std::__1::unique_ptr<TiffMovieReader::Worker, std::__1::default_delete<TiffMovieReader::Worker>>, std::__1::allocator<std::__1::unique_ptr<TiffMovieReader::Worker, std::__1::default_delete<TiffMovieReader::Worker>>>>::clear[abi:nqe220106]() vector.h:566 (tiff_persistent_reader:arm64+0x10001c310)
    #19 std::__1::vector<std::__1::unique_ptr<TiffMovieReader::Worker, std::__1::default_delete<TiffMovieReader::Worker>>, std::__1::allocator<std::__1::unique_ptr<TiffMovieReader::Worker, std::__1::default_delete<TiffMovieReader::Worker>>>>::__destroy_vector::operator()[abi:nqe220106]() vector.h:251 (tiff_persistent_reader:arm64+0x10001c310)
    #20 std::__1::vector<std::__1::unique_ptr<TiffMovieReader::Worker, std::__1::default_delete<TiffMovieReader::Worker>>, std::__1::allocator<std::__1::unique_ptr<TiffMovieReader::Worker, std::__1::default_delete<TiffMovieReader::Worker>>>>::~vector[abi:nqe220106]() vector.h:262 (tiff_persistent_reader:arm64+0x10000a220)
    #21 std::__1::vector<std::__1::unique_ptr<TiffMovieReader::Worker, std::__1::default_delete<TiffMovieReader::Worker>>, std::__1::allocator<std::__1::unique_ptr<TiffMovieReader::Worker, std::__1::default_delete<TiffMovieReader::Worker>>>>::~vector[abi:nqe220106]() vector.h:262 (tiff_persistent_reader:arm64+0x10000a220)
    #22 TiffMovieReader::~TiffMovieReader() tiff_movie_reader.h:70 (tiff_persistent_reader:arm64+0x10000a220)
    #23 TiffMovieReader::~TiffMovieReader() tiff_movie_reader.h:70 (tiff_persistent_reader:arm64+0x10000a220)
    #24 (anonymous namespace)::runCase(std::__1::basic_string<char, std::__1::char_traits<char>, std::__1::allocator<char>> const&, std::__1::basic_string<char, std::__1::char_traits<char>, std::__1::allocator<char>> const&, std::__1::vector<int, std::__1::allocator<int>> const&, std::__1::vector<int, std::__1::allocator<int>> const&) test_tiff_persistent_reader.cpp:239 (tiff_persistent_reader:arm64+0x10000a220)
    #25 main test_tiff_persistent_reader.cpp:403 (tiff_persistent_reader:arm64+0x100004f0c)

  Previous read of size 4 at 0x00016f95e8dc by thread T2:
    #0 TiffMovieReader::readFrames(std::__1::vector<int, std::__1::allocator<int>> const&, std::__1::vector<Image<float>, std::__1::allocator<Image<float>>>&) (.omp_outlined_debug__) tiff_movie_reader.cpp:90 (tiff_persistent_reader:arm64+0x1000c4390)
    #1 TiffMovieReader::readFrames(std::__1::vector<int, std::__1::allocator<int>> const&, std::__1::vector<Image<float>, std::__1::allocator<Image<float>>>&) (.omp_outlined) tiff_movie_reader.cpp:72 (tiff_persistent_reader:arm64+0x1000c4390)
    #2 __kmp_invoke_microtask <null> (libomp.dylib:arm64+0x6b138)

  Location is stack of main thread.

  Thread T2 (tid=18123539, running) created by main thread at:
    #0 pthread_create <null> (libclang_rt.tsan_osx_dynamic.dylib:arm64e+0x33bac)
    #1 __kmp_create_worker <null> (libomp.dylib:arm64+0x50efc)
    #2 (anonymous namespace)::runCase(std::__1::basic_string<char, std::__1::char_traits<char>, std::__1::allocator<char>> const&, std::__1::basic_string<char, std::__1::char_traits<char>, std::__1::allocator<char>> const&, std::__1::vector<int, std::__1::allocator<int>> const&, std::__1::vector<int, std::__1::allocator<int>> const&) test_tiff_persistent_reader.cpp:229 (tiff_persistent_reader:arm64+0x100009d4c)
    #3 main test_tiff_persistent_reader.cpp:372 (tiff_persistent_reader:arm64+0x100004684)

SUMMARY: ThreadSanitizer: data race string:2221 in std::__1::basic_string<char, std::__1::char_traits<char>, std::__1::allocator<char>>::__set_short_size[abi:nqe220106](unsigned long)
==================
  u16_deflate_rps8 short-final-strip readers=8: 6 frame(s) exact
  u16_deflate_rps8 short-final-strip readers=16: 6 frame(s) exact
  u16_deflate_rps8 short-final-strip readers=24: 6 frame(s) exact
  u8_uchar readers=1: 3 frame(s) exact
  u8_uchar readers=2: 3 frame(s) exact
  u8_uchar readers=4: 3 frame(s) exact
  u8_uchar readers=8: 3 frame(s) exact
==================
WARNING: ThreadSanitizer: data race (pid=38781)
  Write of size 1 at 0x00016f95e8df by main thread:
    #0 std::__1::basic_string<char, std::__1::char_traits<char>, std::__1::allocator<char>>::__set_short_size[abi:nqe220106](unsigned long) string:2221 (tiff_persistent_reader:arm64+0x100010e48)
    #1 std::__1::basic_string<char, std::__1::char_traits<char>, std::__1::allocator<char>>::__init_internal_buffer[abi:nqe220106](unsigned long) string:2317 (tiff_persistent_reader:arm64+0x100010e48)
    #2 std::__1::basic_string<char, std::__1::char_traits<char>, std::__1::allocator<char>>::__init(char const*, unsigned long) string:2674 (tiff_persistent_reader:arm64+0x100010e48)
    #3 std::__1::basic_string<char, std::__1::char_traits<char>, std::__1::allocator<char>>::basic_string[abi:nqe220106]<0>(char const*) string:1075 (tiff_persistent_reader:arm64+0x100010e48)
    #4 FileName::FileName(char const*) filename.h:113 (tiff_persistent_reader:arm64+0x100010e48)
    #5 FileName::FileName(char const*) filename.h:113 (tiff_persistent_reader:arm64+0x100010e48)
    #6 fImageHandler::releaseHandles() image.h:516 (tiff_persistent_reader:arm64+0x100010e48)
    #7 fImageHandler::~fImageHandler() image.h:339 (tiff_persistent_reader:arm64+0x1000193c8)
    #8 fImageHandler::~fImageHandler() image.h:338 (tiff_persistent_reader:arm64+0x10001c310)
    #9 TiffMovieReader::Worker::~Worker() tiff_movie_reader.h:108 (tiff_persistent_reader:arm64+0x10001c310)
    #10 TiffMovieReader::Worker::~Worker() tiff_movie_reader.h:108 (tiff_persistent_reader:arm64+0x10001c310)
    #11 std::__1::default_delete<TiffMovieReader::Worker>::operator()[abi:nqe220106](TiffMovieReader::Worker*) const unique_ptr.h:75 (tiff_persistent_reader:arm64+0x10001c310)
    #12 std::__1::unique_ptr<TiffMovieReader::Worker, std::__1::default_delete<TiffMovieReader::Worker>>::reset[abi:nqe220106](TiffMovieReader::Worker*) unique_ptr.h:291 (tiff_persistent_reader:arm64+0x10001c310)
    #13 std::__1::unique_ptr<TiffMovieReader::Worker, std::__1::default_delete<TiffMovieReader::Worker>>::~unique_ptr[abi:nqe220106]() unique_ptr.h:257 (tiff_persistent_reader:arm64+0x10001c310)
    #14 std::__1::unique_ptr<TiffMovieReader::Worker, std::__1::default_delete<TiffMovieReader::Worker>>::~unique_ptr[abi:nqe220106]() unique_ptr.h:257 (tiff_persistent_reader:arm64+0x10001c310)
    #15 std::__1::allocator<std::__1::unique_ptr<TiffMovieReader::Worker, std::__1::default_delete<TiffMovieReader::Worker>>>::destroy[abi:nqe220106](std::__1::unique_ptr<TiffMovieReader::Worker, std::__1::default_delete<TiffMovieReader::Worker>>*) allocator.h:144 (tiff_persistent_reader:arm64+0x10001c310)
    #16 void std::__1::allocator_traits<std::__1::allocator<std::__1::unique_ptr<TiffMovieReader::Worker, std::__1::default_delete<TiffMovieReader::Worker>>>>::destroy[abi:nqe220106]<std::__1::unique_ptr<TiffMovieReader::Worker, std::__1::default_delete<TiffMovieReader::Worker>>, 0>(std::__1::allocator<std::__1::unique_ptr<TiffMovieReader::Worker, std::__1::default_delete<TiffMovieReader::Worker>>>&, std::__1::unique_ptr<TiffMovieReader::Worker, std::__1::default_delete<TiffMovieReader::Worker>>*) allocator_traits.h:308 (tiff_persistent_reader:arm64+0x10001c310)
    #17 std::__1::vector<std::__1::unique_ptr<TiffMovieReader::Worker, std::__1::default_delete<TiffMovieReader::Worker>>, std::__1::allocator<std::__1::unique_ptr<TiffMovieReader::Worker, std::__1::default_delete<TiffMovieReader::Worker>>>>::__base_destruct_at_end[abi:nqe220106](std::__1::unique_ptr<TiffMovieReader::Worker, std::__1::default_delete<TiffMovieReader::Worker>>*) vector.h:778 (tiff_persistent_reader:arm64+0x10001c310)
    #18 std::__1::vector<std::__1::unique_ptr<TiffMovieReader::Worker, std::__1::default_delete<TiffMovieReader::Worker>>, std::__1::allocator<std::__1::unique_ptr<TiffMovieReader::Worker, std::__1::default_delete<TiffMovieReader::Worker>>>>::clear[abi:nqe220106]() vector.h:566 (tiff_persistent_reader:arm64+0x10001c310)
    #19 std::__1::vector<std::__1::unique_ptr<TiffMovieReader::Worker, std::__1::default_delete<TiffMovieReader::Worker>>, std::__1::allocator<std::__1::unique_ptr<TiffMovieReader::Worker, std::__1::default_delete<TiffMovieReader::Worker>>>>::__destroy_vector::operator()[abi:nqe220106]() vector.h:251 (tiff_persistent_reader:arm64+0x10001c310)
    #20 std::__1::vector<std::__1::unique_ptr<TiffMovieReader::Worker, std::__1::default_delete<TiffMovieReader::Worker>>, std::__1::allocator<std::__1::unique_ptr<TiffMovieReader::Worker, std::__1::default_delete<TiffMovieReader::Worker>>>>::~vector[abi:nqe220106]() vector.h:262 (tiff_persistent_reader:arm64+0x10000a220)
    #21 std::__1::vector<std::__1::unique_ptr<TiffMovieReader::Worker, std::__1::default_delete<TiffMovieReader::Worker>>, std::__1::allocator<std::__1::unique_ptr<TiffMovieReader::Worker, std::__1::default_delete<TiffMovieReader::Worker>>>>::~vector[abi:nqe220106]() vector.h:262 (tiff_persistent_reader:arm64+0x10000a220)
    #22 TiffMovieReader::~TiffMovieReader() tiff_movie_reader.h:70 (tiff_persistent_reader:arm64+0x10000a220)
    #23 TiffMovieReader::~TiffMovieReader() tiff_movie_reader.h:70 (tiff_persistent_reader:arm64+0x10000a220)
    #24 (anonymous namespace)::runCase(std::__1::basic_string<char, std::__1::char_traits<char>, std::__1::allocator<char>> const&, std::__1::basic_string<char, std::__1::char_traits<char>, std::__1::allocator<char>> const&, std::__1::vector<int, std::__1::allocator<int>> const&, std::__1::vector<int, std::__1::allocator<int>> const&) test_tiff_persistent_reader.cpp:239 (tiff_persistent_reader:arm64+0x10000a220)
    #25 main test_tiff_persistent_reader.cpp:412 (tiff_persistent_reader:arm64+0x1000051c0)

  Previous read of size 4 at 0x00016f95e8dc by thread T3:
    #0 TiffMovieReader::readFrames(std::__1::vector<int, std::__1::allocator<int>> const&, std::__1::vector<Image<float>, std::__1::allocator<Image<float>>>&) (.omp_outlined_debug__) tiff_movie_reader.cpp:90 (tiff_persistent_reader:arm64+0x1000c4390)
    #1 TiffMovieReader::readFrames(std::__1::vector<int, std::__1::allocator<int>> const&, std::__1::vector<Image<float>, std::__1::allocator<Image<float>>>&) (.omp_outlined) tiff_movie_reader.cpp:72 (tiff_persistent_reader:arm64+0x1000c4390)
    #2 __kmp_invoke_microtask <null> (libomp.dylib:arm64+0x6b138)

  Location is stack of main thread.

  Thread T3 (tid=18123540, running) created by main thread at:
    #0 pthread_create <null> (libclang_rt.tsan_osx_dynamic.dylib:arm64e+0x33bac)
    #1 __kmp_create_worker <null> (libomp.dylib:arm64+0x50efc)
    #2 (anonymous namespace)::runCase(std::__1::basic_string<char, std::__1::char_traits<char>, std::__1::allocator<char>> const&, std::__1::basic_string<char, std::__1::char_traits<char>, std::__1::allocator<char>> const&, std::__1::vector<int, std::__1::allocator<int>> const&, std::__1::vector<int, std::__1::allocator<int>> const&) test_tiff_persistent_reader.cpp:229 (tiff_persistent_reader:arm64+0x100009d4c)
    #3 main test_tiff_persistent_reader.cpp:372 (tiff_persistent_reader:arm64+0x100004684)

SUMMARY: ThreadSanitizer: data race string:2221 in std::__1::basic_string<char, std::__1::char_traits<char>, std::__1::allocator<char>>::__set_short_size[abi:nqe220106](unsigned long)
==================
  s16_sshort readers=1: 3 frame(s) exact
  s16_sshort readers=2: 3 frame(s) exact
==================
WARNING: ThreadSanitizer: data race (pid=38781)
  Write of size 1 at 0x00016f95e8df by main thread:
    #0 std::__1::basic_string<char, std::__1::char_traits<char>, std::__1::allocator<char>>::__set_short_size[abi:nqe220106](unsigned long) string:2221 (tiff_persistent_reader:arm64+0x100010e48)
    #1 std::__1::basic_string<char, std::__1::char_traits<char>, std::__1::allocator<char>>::__init_internal_buffer[abi:nqe220106](unsigned long) string:2317 (tiff_persistent_reader:arm64+0x100010e48)
    #2 std::__1::basic_string<char, std::__1::char_traits<char>, std::__1::allocator<char>>::__init(char const*, unsigned long) string:2674 (tiff_persistent_reader:arm64+0x100010e48)
    #3 std::__1::basic_string<char, std::__1::char_traits<char>, std::__1::allocator<char>>::basic_string[abi:nqe220106]<0>(char const*) string:1075 (tiff_persistent_reader:arm64+0x100010e48)
    #4 FileName::FileName(char const*) filename.h:113 (tiff_persistent_reader:arm64+0x100010e48)
    #5 FileName::FileName(char const*) filename.h:113 (tiff_persistent_reader:arm64+0x100010e48)
    #6 fImageHandler::releaseHandles() image.h:516 (tiff_persistent_reader:arm64+0x100010e48)
    #7 fImageHandler::~fImageHandler() image.h:339 (tiff_persistent_reader:arm64+0x1000193c8)
    #8 fImageHandler::~fImageHandler() image.h:338 (tiff_persistent_reader:arm64+0x10001c310)
    #9 TiffMovieReader::Worker::~Worker() tiff_movie_reader.h:108 (tiff_persistent_reader:arm64+0x10001c310)
    #10 TiffMovieReader::Worker::~Worker() tiff_movie_reader.h:108 (tiff_persistent_reader:arm64+0x10001c310)
    #11 std::__1::default_delete<TiffMovieReader::Worker>::operator()[abi:nqe220106](TiffMovieReader::Worker*) const unique_ptr.h:75 (tiff_persistent_reader:arm64+0x10001c310)
    #12 std::__1::unique_ptr<TiffMovieReader::Worker, std::__1::default_delete<TiffMovieReader::Worker>>::reset[abi:nqe220106](TiffMovieReader::Worker*) unique_ptr.h:291 (tiff_persistent_reader:arm64+0x10001c310)
    #13 std::__1::unique_ptr<TiffMovieReader::Worker, std::__1::default_delete<TiffMovieReader::Worker>>::~unique_ptr[abi:nqe220106]() unique_ptr.h:257 (tiff_persistent_reader:arm64+0x10001c310)
    #14 std::__1::unique_ptr<TiffMovieReader::Worker, std::__1::default_delete<TiffMovieReader::Worker>>::~unique_ptr[abi:nqe220106]() unique_ptr.h:257 (tiff_persistent_reader:arm64+0x10001c310)
    #15 std::__1::allocator<std::__1::unique_ptr<TiffMovieReader::Worker, std::__1::default_delete<TiffMovieReader::Worker>>>::destroy[abi:nqe220106](std::__1::unique_ptr<TiffMovieReader::Worker, std::__1::default_delete<TiffMovieReader::Worker>>*) allocator.h:144 (tiff_persistent_reader:arm64+0x10001c310)
    #16 void std::__1::allocator_traits<std::__1::allocator<std::__1::unique_ptr<TiffMovieReader::Worker, std::__1::default_delete<TiffMovieReader::Worker>>>>::destroy[abi:nqe220106]<std::__1::unique_ptr<TiffMovieReader::Worker, std::__1::default_delete<TiffMovieReader::Worker>>, 0>(std::__1::allocator<std::__1::unique_ptr<TiffMovieReader::Worker, std::__1::default_delete<TiffMovieReader::Worker>>>&, std::__1::unique_ptr<TiffMovieReader::Worker, std::__1::default_delete<TiffMovieReader::Worker>>*) allocator_traits.h:308 (tiff_persistent_reader:arm64+0x10001c310)
    #17 std::__1::vector<std::__1::unique_ptr<TiffMovieReader::Worker, std::__1::default_delete<TiffMovieReader::Worker>>, std::__1::allocator<std::__1::unique_ptr<TiffMovieReader::Worker, std::__1::default_delete<TiffMovieReader::Worker>>>>::__base_destruct_at_end[abi:nqe220106](std::__1::unique_ptr<TiffMovieReader::Worker, std::__1::default_delete<TiffMovieReader::Worker>>*) vector.h:778 (tiff_persistent_reader:arm64+0x10001c310)
    #18 std::__1::vector<std::__1::unique_ptr<TiffMovieReader::Worker, std::__1::default_delete<TiffMovieReader::Worker>>, std::__1::allocator<std::__1::unique_ptr<TiffMovieReader::Worker, std::__1::default_delete<TiffMovieReader::Worker>>>>::clear[abi:nqe220106]() vector.h:566 (tiff_persistent_reader:arm64+0x10001c310)
    #19 std::__1::vector<std::__1::unique_ptr<TiffMovieReader::Worker, std::__1::default_delete<TiffMovieReader::Worker>>, std::__1::allocator<std::__1::unique_ptr<TiffMovieReader::Worker, std::__1::default_delete<TiffMovieReader::Worker>>>>::__destroy_vector::operator()[abi:nqe220106]() vector.h:251 (tiff_persistent_reader:arm64+0x10001c310)
    #20 std::__1::vector<std::__1::unique_ptr<TiffMovieReader::Worker, std::__1::default_delete<TiffMovieReader::Worker>>, std::__1::allocator<std::__1::unique_ptr<TiffMovieReader::Worker, std::__1::default_delete<TiffMovieReader::Worker>>>>::~vector[abi:nqe220106]() vector.h:262 (tiff_persistent_reader:arm64+0x10000a220)
    #21 std::__1::vector<std::__1::unique_ptr<TiffMovieReader::Worker, std::__1::default_delete<TiffMovieReader::Worker>>, std::__1::allocator<std::__1::unique_ptr<TiffMovieReader::Worker, std::__1::default_delete<TiffMovieReader::Worker>>>>::~vector[abi:nqe220106]() vector.h:262 (tiff_persistent_reader:arm64+0x10000a220)
    #22 TiffMovieReader::~TiffMovieReader() tiff_movie_reader.h:70 (tiff_persistent_reader:arm64+0x10000a220)
    #23 TiffMovieReader::~TiffMovieReader() tiff_movie_reader.h:70 (tiff_persistent_reader:arm64+0x10000a220)
    #24 (anonymous namespace)::runCase(std::__1::basic_string<char, std::__1::char_traits<char>, std::__1::allocator<char>> const&, std::__1::basic_string<char, std::__1::char_traits<char>, std::__1::allocator<char>> const&, std::__1::vector<int, std::__1::allocator<int>> const&, std::__1::vector<int, std::__1::allocator<int>> const&) test_tiff_persistent_reader.cpp:239 (tiff_persistent_reader:arm64+0x10000a220)
    #25 main test_tiff_persistent_reader.cpp:419 (tiff_persistent_reader:arm64+0x100005468)

  Previous read of size 4 at 0x00016f95e8dc by thread T1:
    #0 TiffMovieReader::readFrames(std::__1::vector<int, std::__1::allocator<int>> const&, std::__1::vector<Image<float>, std::__1::allocator<Image<float>>>&) (.omp_outlined_debug__) tiff_movie_reader.cpp:90 (tiff_persistent_reader:arm64+0x1000c4390)
    #1 TiffMovieReader::readFrames(std::__1::vector<int, std::__1::allocator<int>> const&, std::__1::vector<Image<float>, std::__1::allocator<Image<float>>>&) (.omp_outlined) tiff_movie_reader.cpp:72 (tiff_persistent_reader:arm64+0x1000c4390)
    #2 __kmp_invoke_microtask <null> (libomp.dylib:arm64+0x6b138)

  Location is stack of main thread.

  Thread T1 (tid=18123538, running) created by main thread at:
    #0 pthread_create <null> (libclang_rt.tsan_osx_dynamic.dylib:arm64e+0x33bac)
    #1 __kmp_create_worker <null> (libomp.dylib:arm64+0x50efc)
    #2 (anonymous namespace)::runCase(std::__1::basic_string<char, std::__1::char_traits<char>, std::__1::allocator<char>> const&, std::__1::basic_string<char, std::__1::char_traits<char>, std::__1::allocator<char>> const&, std::__1::vector<int, std::__1::allocator<int>> const&, std::__1::vector<int, std::__1::allocator<int>> const&) test_tiff_persistent_reader.cpp:229 (tiff_persistent_reader:arm64+0x100009d4c)
    #3 main test_tiff_persistent_reader.cpp:372 (tiff_persistent_reader:arm64+0x100004684)

SUMMARY: ThreadSanitizer: data race string:2221 in std::__1::basic_string<char, std::__1::char_traits<char>, std::__1::allocator<char>>::__set_short_size[abi:nqe220106](unsigned long)
==================
  s16_sshort readers=4: 3 frame(s) exact
  s16_sshort readers=8: 3 frame(s) exact
  f32_float readers=1: 3 frame(s) exact
  f32_float readers=2: 3 frame(s) exact
  f32_float readers=4: 3 frame(s) exact
==================
WARNING: ThreadSanitizer: data race (pid=38781)
  Write of size 1 at 0x00016f95e8df by main thread:
    #0 std::__1::basic_string<char, std::__1::char_traits<char>, std::__1::allocator<char>>::__set_short_size[abi:nqe220106](unsigned long) string:2221 (tiff_persistent_reader:arm64+0x100010e48)
    #1 std::__1::basic_string<char, std::__1::char_traits<char>, std::__1::allocator<char>>::__init_internal_buffer[abi:nqe220106](unsigned long) string:2317 (tiff_persistent_reader:arm64+0x100010e48)
    #2 std::__1::basic_string<char, std::__1::char_traits<char>, std::__1::allocator<char>>::__init(char const*, unsigned long) string:2674 (tiff_persistent_reader:arm64+0x100010e48)
    #3 std::__1::basic_string<char, std::__1::char_traits<char>, std::__1::allocator<char>>::basic_string[abi:nqe220106]<0>(char const*) string:1075 (tiff_persistent_reader:arm64+0x100010e48)
    #4 FileName::FileName(char const*) filename.h:113 (tiff_persistent_reader:arm64+0x100010e48)
    #5 FileName::FileName(char const*) filename.h:113 (tiff_persistent_reader:arm64+0x100010e48)
    #6 fImageHandler::releaseHandles() image.h:516 (tiff_persistent_reader:arm64+0x100010e48)
    #7 fImageHandler::~fImageHandler() image.h:339 (tiff_persistent_reader:arm64+0x1000193c8)
    #8 fImageHandler::~fImageHandler() image.h:338 (tiff_persistent_reader:arm64+0x10001c310)
    #9 TiffMovieReader::Worker::~Worker() tiff_movie_reader.h:108 (tiff_persistent_reader:arm64+0x10001c310)
    #10 TiffMovieReader::Worker::~Worker() tiff_movie_reader.h:108 (tiff_persistent_reader:arm64+0x10001c310)
    #11 std::__1::default_delete<TiffMovieReader::Worker>::operator()[abi:nqe220106](TiffMovieReader::Worker*) const unique_ptr.h:75 (tiff_persistent_reader:arm64+0x10001c310)
    #12 std::__1::unique_ptr<TiffMovieReader::Worker, std::__1::default_delete<TiffMovieReader::Worker>>::reset[abi:nqe220106](TiffMovieReader::Worker*) unique_ptr.h:291 (tiff_persistent_reader:arm64+0x10001c310)
    #13 std::__1::unique_ptr<TiffMovieReader::Worker, std::__1::default_delete<TiffMovieReader::Worker>>::~unique_ptr[abi:nqe220106]() unique_ptr.h:257 (tiff_persistent_reader:arm64+0x10001c310)
    #14 std::__1::unique_ptr<TiffMovieReader::Worker, std::__1::default_delete<TiffMovieReader::Worker>>::~unique_ptr[abi:nqe220106]() unique_ptr.h:257 (tiff_persistent_reader:arm64+0x10001c310)
    #15 std::__1::allocator<std::__1::unique_ptr<TiffMovieReader::Worker, std::__1::default_delete<TiffMovieReader::Worker>>>::destroy[abi:nqe220106](std::__1::unique_ptr<TiffMovieReader::Worker, std::__1::default_delete<TiffMovieReader::Worker>>*) allocator.h:144 (tiff_persistent_reader:arm64+0x10001c310)
    #16 void std::__1::allocator_traits<std::__1::allocator<std::__1::unique_ptr<TiffMovieReader::Worker, std::__1::default_delete<TiffMovieReader::Worker>>>>::destroy[abi:nqe220106]<std::__1::unique_ptr<TiffMovieReader::Worker, std::__1::default_delete<TiffMovieReader::Worker>>, 0>(std::__1::allocator<std::__1::unique_ptr<TiffMovieReader::Worker, std::__1::default_delete<TiffMovieReader::Worker>>>&, std::__1::unique_ptr<TiffMovieReader::Worker, std::__1::default_delete<TiffMovieReader::Worker>>*) allocator_traits.h:308 (tiff_persistent_reader:arm64+0x10001c310)
    #17 std::__1::vector<std::__1::unique_ptr<TiffMovieReader::Worker, std::__1::default_delete<TiffMovieReader::Worker>>, std::__1::allocator<std::__1::unique_ptr<TiffMovieReader::Worker, std::__1::default_delete<TiffMovieReader::Worker>>>>::__base_destruct_at_end[abi:nqe220106](std::__1::unique_ptr<TiffMovieReader::Worker, std::__1::default_delete<TiffMovieReader::Worker>>*) vector.h:778 (tiff_persistent_reader:arm64+0x10001c310)
    #18 std::__1::vector<std::__1::unique_ptr<TiffMovieReader::Worker, std::__1::default_delete<TiffMovieReader::Worker>>, std::__1::allocator<std::__1::unique_ptr<TiffMovieReader::Worker, std::__1::default_delete<TiffMovieReader::Worker>>>>::clear[abi:nqe220106]() vector.h:566 (tiff_persistent_reader:arm64+0x10001c310)
    #19 std::__1::vector<std::__1::unique_ptr<TiffMovieReader::Worker, std::__1::default_delete<TiffMovieReader::Worker>>, std::__1::allocator<std::__1::unique_ptr<TiffMovieReader::Worker, std::__1::default_delete<TiffMovieReader::Worker>>>>::__destroy_vector::operator()[abi:nqe220106]() vector.h:251 (tiff_persistent_reader:arm64+0x10001c310)
    #20 std::__1::vector<std::__1::unique_ptr<TiffMovieReader::Worker, std::__1::default_delete<TiffMovieReader::Worker>>, std::__1::allocator<std::__1::unique_ptr<TiffMovieReader::Worker, std::__1::default_delete<TiffMovieReader::Worker>>>>::~vector[abi:nqe220106]() vector.h:262 (tiff_persistent_reader:arm64+0x10000a220)
    #21 std::__1::vector<std::__1::unique_ptr<TiffMovieReader::Worker, std::__1::default_delete<TiffMovieReader::Worker>>, std::__1::allocator<std::__1::unique_ptr<TiffMovieReader::Worker, std::__1::default_delete<TiffMovieReader::Worker>>>>::~vector[abi:nqe220106]() vector.h:262 (tiff_persistent_reader:arm64+0x10000a220)
    #22 TiffMovieReader::~TiffMovieReader() tiff_movie_reader.h:70 (tiff_persistent_reader:arm64+0x10000a220)
    #23 TiffMovieReader::~TiffMovieReader() tiff_movie_reader.h:70 (tiff_persistent_reader:arm64+0x10000a220)
    #24 (anonymous namespace)::runCase(std::__1::basic_string<char, std::__1::char_traits<char>, std::__1::allocator<char>> const&, std::__1::basic_string<char, std::__1::char_traits<char>, std::__1::allocator<char>> const&, std::__1::vector<int, std::__1::allocator<int>> const&, std::__1::vector<int, std::__1::allocator<int>> const&) test_tiff_persistent_reader.cpp:239 (tiff_persistent_reader:arm64+0x10000a220)
    #25 main test_tiff_persistent_reader.cpp:426 (tiff_persistent_reader:arm64+0x100005710)

  Previous read of size 4 at 0x00016f95e8dc by thread T3:
    #0 TiffMovieReader::readFrames(std::__1::vector<int, std::__1::allocator<int>> const&, std::__1::vector<Image<float>, std::__1::allocator<Image<float>>>&) (.omp_outlined_debug__) tiff_movie_reader.cpp:90 (tiff_persistent_reader:arm64+0x1000c4390)
    #1 TiffMovieReader::readFrames(std::__1::vector<int, std::__1::allocator<int>> const&, std::__1::vector<Image<float>, std::__1::allocator<Image<float>>>&) (.omp_outlined) tiff_movie_reader.cpp:72 (tiff_persistent_reader:arm64+0x1000c4390)
    #2 __kmp_invoke_microtask <null> (libomp.dylib:arm64+0x6b138)

  Location is stack of main thread.

  Thread T3 (tid=18123540, running) created by main thread at:
    #0 pthread_create <null> (libclang_rt.tsan_osx_dynamic.dylib:arm64e+0x33bac)
    #1 __kmp_create_worker <null> (libomp.dylib:arm64+0x50efc)
    #2 (anonymous namespace)::runCase(std::__1::basic_string<char, std::__1::char_traits<char>, std::__1::allocator<char>> const&, std::__1::basic_string<char, std::__1::char_traits<char>, std::__1::allocator<char>> const&, std::__1::vector<int, std::__1::allocator<int>> const&, std::__1::vector<int, std::__1::allocator<int>> const&) test_tiff_persistent_reader.cpp:229 (tiff_persistent_reader:arm64+0x100009d4c)
    #3 main test_tiff_persistent_reader.cpp:372 (tiff_persistent_reader:arm64+0x100004684)

SUMMARY: ThreadSanitizer: data race string:2221 in std::__1::basic_string<char, std::__1::char_traits<char>, std::__1::allocator<char>>::__set_short_size[abi:nqe220106](unsigned long)
==================
  f32_float readers=8: 3 frame(s) exact
  packed4bit_k2sr readers=1: 1 frame(s) exact
  packed4bit_k2sr readers=2: 1 frame(s) exact
in: /Users/alex.konstantinov/Documents/MotionCorr-issue85-laneB/src/rwTIFF.h, line 122
ERROR: 
/var/folders/c1/nfw3m8_57nl0czvwbk6_c00c0000gp/T/mc_laneB_heterogeneous_dirs.tif: All frames in a TIFF should have same width, height and pixel format.

in: /Users/alex.konstantinov/Documents/MotionCorr-issue85-laneB/src/rwTIFF.h, line 122
ERROR: 
/var/folders/c1/nfw3m8_57nl0czvwbk6_c00c0000gp/T/mc_laneB_heterogeneous_dirs.tif: All frames in a TIFF should have same width, height and pixel format.

in: /Users/alex.konstantinov/Documents/MotionCorr-issue85-laneB/src/rwTIFF.h, line 122
ERROR: 
/var/folders/c1/nfw3m8_57nl0czvwbk6_c00c0000gp/T/mc_laneB_heterogeneous_dirs.tif: All frames in a TIFF should have same width, height and pixel format.

in: /Users/alex.konstantinov/Documents/MotionCorr-issue85-laneB/src/rwTIFF.h, line 122
ERROR: 
/var/folders/c1/nfw3m8_57nl0czvwbk6_c00c0000gp/T/mc_laneB_heterogeneous_dirs.tif: All frames in a TIFF should have same width, height and pixel format.

  heterogeneous directories readers=1: both readers reject with the same message
in: /Users/alex.konstantinov/Documents/MotionCorr-issue85-laneB/src/rwTIFF.h, line 122
ERROR: 
/var/folders/c1/nfw3m8_57nl0czvwbk6_c00c0000gp/T/mc_laneB_heterogeneous_dirs.tif: All frames in a TIFF should have same width, height and pixel format.

in: /Users/alex.konstantinov/Documents/MotionCorr-issue85-laneB/src/rwTIFF.h, line 122
in: /Users/alex.konstantinov/Documents/MotionCorr-issue85-laneB/src/rwTIFF.h, line 122
ERROR: 
/var/folders/c1/nfw3m8_57nl0czvwbk6_c00c0000gp/T/mc_laneB_heterogeneous_dirs.tif: All frames in a TIFF should have same width, height and pixel format.

in: /Users/alex.konstantinov/Documents/MotionCorr-issue85-laneB/src/rwTIFF.h, line 122
ERROR: 
/var/folders/c1/nfw3m8_57nl0czvwbk6_c00c0000gp/T/mc_laneB_heterogeneous_dirs.tif: All frames in a TIFF should have same width, height and pixel format.

==================
WARNING: ThreadSanitizer: data race (pid=38781)
  Write of size 8 at 0x0001edab9c90 by thread T1:
    #0 std::__1::ios_base::width[abi:nqe220106](long) ios:501 (tiff_persistent_reader:arm64+0x10001c754)
    #1 std::__1::ostreambuf_iterator<char, std::__1::char_traits<char>> std::__1::__pad_and_output[abi:nqe220106]<char, std::__1::char_traits<char>>(std::__1::ostreambuf_iterator<char, std::__1::char_traits<char>>, char const*, char const*, char const*, std::__1::ios_base&, char) pad_and_output.h:79 (tiff_persistent_reader:arm64+0x10001c754)
    #2 std::__1::basic_ostream<char, std::__1::char_traits<char>>& std::__1::__put_character_sequence[abi:nqe220106]<char, std::__1::char_traits<char>>(std::__1::basic_ostream<char, std::__1::char_traits<char>>&, char const*, unsigned long) put_character_sequence.h:37 (tiff_persistent_reader:arm64+0x10001c4a4)
    #3 std::__1::basic_ostream<char, std::__1::char_traits<char>>& std::__1::operator<<[abi:nqe220106]<std::__1::char_traits<char>>(std::__1::basic_ostream<char, std::__1::char_traits<char>>&, char const*) basic_ostream.h:438 (tiff_persistent_reader:arm64+0x100026dc0)
    #4 RelionError::RelionError(std::__1::basic_string<char, std::__1::char_traits<char>, std::__1::allocator<char>> const&, std::__1::basic_string<char, std::__1::char_traits<char>, std::__1::allocator<char>> const&, long) error.cpp:66 (tiff_persistent_reader:arm64+0x100026dc0)
    #5 RelionError::RelionError(std::__1::basic_string<char, std::__1::char_traits<char>, std::__1::allocator<char>> const&, std::__1::basic_string<char, std::__1::char_traits<char>, std::__1::allocator<char>> const&, long) error.cpp:55 (tiff_persistent_reader:arm64+0x100026f2c)
    #6 Image<float>::readTIFFDirectory(tiff*, TiffMovieLayout const&, long, float*, TiffStripScratch&, FileName const&, TiffErrorContext*) rwTIFF.h:122 (tiff_persistent_reader:arm64+0x100018bc0)
    #7 Image<float>::readTIFFFrameFromHandle(tiff*, TiffMovieLayout const&, long, TiffStripScratch&, FileName const&, TiffErrorContext*) rwTIFF.h:216 (tiff_persistent_reader:arm64+0x1000c4614)
    #8 TiffMovieReader::readFrames(std::__1::vector<int, std::__1::allocator<int>> const&, std::__1::vector<Image<float>, std::__1::allocator<Image<float>>>&) (.omp_outlined_debug__) tiff_movie_reader.cpp:95 (tiff_persistent_reader:arm64+0x1000c4404)
    #9 TiffMovieReader::readFrames(std::__1::vector<int, std::__1::allocator<int>> const&, std::__1::vector<Image<float>, std::__1::allocator<Image<float>>>&) (.omp_outlined) tiff_movie_reader.cpp:72 (tiff_persistent_reader:arm64+0x1000c4404)
    #10 __kmp_invoke_microtask <null> (libomp.dylib:arm64+0x6b138)

  Previous read of size 8 at 0x0001edab9c90 by main thread:
    #0 std::__1::ios_base::width[abi:nqe220106]() const ios:497 (tiff_persistent_reader:arm64+0x10001c5c0)
    #1 std::__1::ostreambuf_iterator<char, std::__1::char_traits<char>> std::__1::__pad_and_output[abi:nqe220106]<char, std::__1::char_traits<char>>(std::__1::ostreambuf_iterator<char, std::__1::char_traits<char>>, char const*, char const*, char const*, std::__1::ios_base&, char) pad_and_output.h:53 (tiff_persistent_reader:arm64+0x10001c5c0)
    #2 std::__1::basic_ostream<char, std::__1::char_traits<char>>& std::__1::__put_character_sequence[abi:nqe220106]<char, std::__1::char_traits<char>>(std::__1::basic_ostream<char, std::__1::char_traits<char>>&, char const*, unsigned long) put_character_sequence.h:37 (tiff_persistent_reader:arm64+0x10001c4a4)
    #3 std::__1::basic_ostream<char, std::__1::char_traits<char>>& std::__1::operator<<[abi:nqe220106]<std::__1::char_traits<char>>(std::__1::basic_ostream<char, std::__1::char_traits<char>>&, char const*) basic_ostream.h:438 (tiff_persistent_reader:arm64+0x100026d48)
    #4 RelionError::RelionError(std::__1::basic_string<char, std::__1::char_traits<char>, std::__1::allocator<char>> const&, std::__1::basic_string<char, std::__1::char_traits<char>, std::__1::allocator<char>> const&, long) error.cpp:66 (tiff_persistent_reader:arm64+0x100026d48)
    #5 RelionError::RelionError(std::__1::basic_string<char, std::__1::char_traits<char>, std::__1::allocator<char>> const&, std::__1::basic_string<char, std::__1::char_traits<char>, std::__1::allocator<char>> const&, long) error.cpp:55 (tiff_persistent_reader:arm64+0x100026f2c)
    #6 Image<float>::readTIFFDirectory(tiff*, TiffMovieLayout const&, long, float*, TiffStripScratch&, FileName const&, TiffErrorContext*) rwTIFF.h:122 (tiff_persistent_reader:arm64+0x100018bc0)
    #7 Image<float>::readTIFFFrameFromHandle(tiff*, TiffMovieLayout const&, long, TiffStripScratch&, FileName const&, TiffErrorContext*) rwTIFF.h:216 (tiff_persistent_reader:arm64+0x1000c4614)
    #8 TiffMovieReader::readFrames(std::__1::vector<int, std::__1::allocator<int>> const&, std::__1::vector<Image<float>, std::__1::allocator<Image<float>>>&) (.omp_outlined_debug__) tiff_movie_reader.cpp:95 (tiff_persistent_reader:arm64+0x1000c4404)
    #9 TiffMovieReader::readFrames(std::__1::vector<int, std::__1::allocator<int>> const&, std::__1::vector<Image<float>, std::__1::allocator<Image<float>>>&) (.omp_outlined) tiff_movie_reader.cpp:72 (tiff_persistent_reader:arm64+0x1000c4404)
    #10 __kmp_invoke_microtask <null> (libomp.dylib:arm64+0x6b138)
    #11 (anonymous namespace)::expectSameFailure(std::__1::basic_string<char, std::__1::char_traits<char>, std::__1::allocator<char>> const&, std::__1::basic_string<char, std::__1::char_traits<char>, std::__1::allocator<char>> const&, std::__1::vector<int, std::__1::allocator<int>> const&, int) test_tiff_persistent_reader.cpp:257 (tiff_persistent_reader:arm64+0x10000a900)
    #12 main test_tiff_persistent_reader.cpp:453 (tiff_persistent_reader:arm64+0x1000060c0)

  Location is global 'std::__1::cerr' at 0x0001edab9c70 (libc++.1.dylib+0x6cb46c90)

  Thread T1 (tid=18123538, running) created by main thread at:
    #0 pthread_create <null> (libclang_rt.tsan_osx_dynamic.dylib:arm64e+0x33bac)
    #1 __kmp_create_worker <null> (libomp.dylib:arm64+0x50efc)
    #2 (anonymous namespace)::runCase(std::__1::basic_string<char, std::__1::char_traits<char>, std::__1::allocator<char>> const&, std::__1::basic_string<char, std::__1::char_traits<char>, std::__1::allocator<char>> const&, std::__1::vector<int, std::__1::allocator<int>> const&, std::__1::vector<int, std::__1::allocator<int>> const&) test_tiff_persistent_reader.cpp:229 (tiff_persistent_reader:arm64+0x100009d4c)
    #3 main test_tiff_persistent_reader.cpp:372 (tiff_persistent_reader:arm64+0x100004684)

SUMMARY: ThreadSanitizer: data race ios:501 in std::__1::ios_base::width[abi:nqe220106](long)
==================
ERROR: 
/var/folders/c1/nfw3m8_57nl0czvwbk6_c00c0000gp/T/mc_laneB_heterogeneous_dirs.tif: All frames in a TIFF should have same width, height and pixel format.

  heterogeneous directories readers=2: both readers reject with the same message
in: /Users/alex.konstantinov/Documents/MotionCorr-issue85-laneB/src/rwTIFF.h, line 122
ERROR: 
/var/folders/c1/nfw3m8_57nl0czvwbk6_c00c0000gp/T/mc_laneB_heterogeneous_dirs.tif: All frames in a TIFF should have same width, height and pixel format.

in: /Users/alex.konstantinov/Documents/MotionCorr-issue85-laneB/src/rwTIFF.h, line 122
ERROR: 
/var/folders/c1/nfw3m8_57nl0czvwbk6_c00c0000gp/T/mc_laneB_heterogeneous_dirs.tif: All frames in a TIFF should have same width, height and pixel format.
in: 
in: /Users/alex.konstantinov/Documents/MotionCorr-issue85-laneB/src/rwTIFF.h/Users/alex.konstantinov/Documents/MotionCorr-issue85-laneB/src/rwTIFF.h, line 122
ERROR: 
/var/folders/c1/nfw3m8_57nl0czvwbk6_c00c0000gp/T/mc_laneB_heterogeneous_dirs.tif: All frames in a TIFF should have same width, height and pixel format.

==================
WARNING: ThreadSanitizer: data race (pid=38781)
  Write of size 8 at 0x0001edab9c90 by thread T2:
    #0 std::__1::ios_base::width[abi:nqe220106](long) ios:501 (tiff_persistent_reader:arm64+0x10001c754)
    #1 std::__1::ostreambuf_iterator<char, std::__1::char_traits<char>> std::__1::__pad_and_output[abi:nqe220106]<char, std::__1::char_traits<char>>(std::__1::ostreambuf_iterator<char, std::__1::char_traits<char>>, char const*, char const*, char const*, std::__1::ios_base&, char) pad_and_output.h:79 (tiff_persistent_reader:arm64+0x10001c754)
    #2 std::__1::basic_ostream<char, std::__1::char_traits<char>>& std::__1::__put_character_sequence[abi:nqe220106]<char, std::__1::char_traits<char>>(std::__1::basic_ostream<char, std::__1::char_traits<char>>&, char const*, unsigned long) put_character_sequence.h:37 (tiff_persistent_reader:arm64+0x10001c4a4)
    #3 std::__1::basic_ostream<char, std::__1::char_traits<char>>& std::__1::operator<<[abi:nqe220106]<char, std::__1::char_traits<char>, std::__1::allocator<char>>(std::__1::basic_ostream<char, std::__1::char_traits<char>>&, std::__1::basic_string<char, std::__1::char_traits<char>, std::__1::allocator<char>> const&) basic_ostream.h:577 (tiff_persistent_reader:arm64+0x100026d88)
    #4 RelionError::RelionError(std::__1::basic_string<char, std::__1::char_traits<char>, std::__1::allocator<char>> const&, std::__1::basic_string<char, std::__1::char_traits<char>, std::__1::allocator<char>> const&, long) error.cpp:66 (tiff_persistent_reader:arm64+0x100026d88)
    #5 RelionError::RelionError(std::__1::basic_string<char, std::__1::char_traits<char>, std::__1::allocator<char>> const&, std::__1::basic_string<char, std::__1::char_traits<char>, std::__1::allocator<char>> const&, long) error.cpp:55 (tiff_persistent_reader:arm64+0x100026f2c)
    #6 Image<float>::readTIFFDirectory(tiff*, TiffMovieLayout const&, long, float*, TiffStripScratch&, FileName const&, TiffErrorContext*) rwTIFF.h:122 (tiff_persistent_reader:arm64+0x100018bc0)
    #7 Image<float>::readTIFFFrameFromHandle(tiff*, TiffMovieLayout const&, long, TiffStripScratch&, FileName const&, TiffErrorContext*) rwTIFF.h:216 (tiff_persistent_reader:arm64+0x1000c4614)
    #8 TiffMovieReader::readFrames(std::__1::vector<int, std::__1::allocator<int>> const&, std::__1::vector<Image<float>, std::__1::allocator<Image<float>>>&) (.omp_outlined_debug__) tiff_movie_reader.cpp:95 (tiff_persistent_reader:arm64+0x1000c4404)
    #9 TiffMovieReader::readFrames(std::__1::vector<int, std::__1::allocator<int>> const&, std::__1::vector<Image<float>, std::__1::allocator<Image<float>>>&) (.omp_outlined) tiff_movie_reader.cpp:72 (tiff_persistent_reader:arm64+0x1000c4404)
    #10 __kmp_invoke_microtask <null> (libomp.dylib:arm64+0x6b138)

  Previous read of size 8 at 0x0001edab9c90 by thread T3:
    #0 std::__1::ios_base::width[abi:nqe220106]() const ios:497 (tiff_persistent_reader:arm64+0x10001c5c0)
    #1 std::__1::ostreambuf_iterator<char, std::__1::char_traits<char>> std::__1::__pad_and_output[abi:nqe220106]<char, std::__1::char_traits<char>>(std::__1::ostreambuf_iterator<char, std::__1::char_traits<char>>, char const*, char const*, char const*, std::__1::ios_base&, char) pad_and_output.h:53 (tiff_persistent_reader:arm64+0x10001c5c0)
    #2 std::__1::basic_ostream<char, std::__1::char_traits<char>>& std::__1::__put_character_sequence[abi:nqe220106]<char, std::__1::char_traits<char>>(std::__1::basic_ostream<char, std::__1::char_traits<char>>&, char const*, unsigned long) put_character_sequence.h:37 (tiff_persistent_reader:arm64+0x10001c4a4)
    #3 std::__1::basic_ostream<char, std::__1::char_traits<char>>& std::__1::operator<<[abi:nqe220106]<char, std::__1::char_traits<char>, std::__1::allocator<char>>(std::__1::basic_ostream<char, std::__1::char_traits<char>>&, std::__1::basic_string<char, std::__1::char_traits<char>, std::__1::allocator<char>> const&) basic_ostream.h:577 (tiff_persistent_reader:arm64+0x100026d88)
    #4 RelionError::RelionError(std::__1::basic_string<char, std::__1::char_traits<char>, std::__1::allocator<char>> const&, std::__1::basic_string<char, std::__1::char_traits<char>, std::__1::allocator<char>> const&, long) error.cpp:66 (tiff_persistent_reader:arm64+0x100026d88)
    #5 RelionError::RelionError(std::__1::basic_string<char, std::__1::char_traits<char>, std::__1::allocator<char>> const&, std::__1::basic_string<char, std::__1::char_traits<char>, std::__1::allocator<char>> const&, long) error.cpp:55 (tiff_persistent_reader:arm64+0x100026f2c)
    #6 Image<float>::readTIFFDirectory(tiff*, TiffMovieLayout const&, long, float*, TiffStripScratch&, FileName const&, TiffErrorContext*) rwTIFF.h:122 (tiff_persistent_reader:arm64+0x100018bc0)
    #7 Image<float>::readTIFFFrameFromHandle(tiff*, TiffMovieLayout const&, long, TiffStripScratch&, FileName const&, TiffErrorContext*) rwTIFF.h:216 (tiff_persistent_reader:arm64+0x1000c4614)
    #8 TiffMovieReader::readFrames(std::__1::vector<int, std::__1::allocator<int>> const&, std::__1::vector<Image<float>, std::__1::allocator<Image<float>>>&) (.omp_outlined_debug__) tiff_movie_reader.cpp:95 (tiff_persistent_reader:arm64+0x1000c4404)
    #9 TiffMovieReader::readFrames(std::__1::vector<int, std::__1::allocator<int>> const&, std::__1::vector<Image<float>, std::__1::allocator<Image<float>>>&) (.omp_outlined) tiff_movie_reader.cpp:72 (tiff_persistent_reader:arm64+0x1000c4404)
    #10 __kmp_invoke_microtask <null> (libomp.dylib:arm64+0x6b138)

  Location is global 'std::__1::cerr' at 0x0001edab9c70 (libc++.1.dylib+0x6cb46c90)

  Thread T2 (tid=18123539, running) created by main thread at:
    #0 pthread_create <null> (libclang_rt.tsan_osx_dynamic.dylib:arm64e+0x33bac)
    #1 __kmp_create_worker <null> (libomp.dylib:arm64+0x50efc)
    #2 (anonymous namespace)::runCase(std::__1::basic_string<char, std::__1::char_traits<char>, std::__1::allocator<char>> const&, std::__1::basic_string<char, std::__1::char_traits<char>, std::__1::allocator<char>> const&, std::__1::vector<int, std::__1::allocator<int>> const&, std::__1::vector<int, std::__1::allocator<int>> const&) test_tiff_persistent_reader.cpp:229 (tiff_persistent_reader:arm64+0x100009d4c)
    #3 main test_tiff_persistent_reader.cpp:372 (tiff_persistent_reader:arm64+0x100004684)

  Thread T3 (tid=18123540, running) created by main thread at:
    #0 pthread_create <null> (libclang_rt.tsan_osx_dynamic.dylib:arm64e+0x33bac)
    #1 __kmp_create_worker <null> (libomp.dylib:arm64+0x50efc)
    #2 (anonymous namespace)::runCase(std::__1::basic_string<char, std::__1::char_traits<char>, std::__1::allocator<char>> const&, std::__1::basic_string<char, std::__1::char_traits<char>, std::__1::allocator<char>> const&, std::__1::vector<int, std::__1::allocator<int>> const&, std::__1::vector<int, std::__1::allocator<int>> const&) test_tiff_persistent_reader.cpp:229 (tiff_persistent_reader:arm64+0x100009d4c)
    #3 main test_tiff_persistent_reader.cpp:372 (tiff_persistent_reader:arm64+0x100004684)

SUMMARY: ThreadSanitizer: data race ios:501 in std::__1::ios_base::width[abi:nqe220106](long)
==================
, line 122
ERROR: 
/var/folders/c1/nfw3m8_57nl0czvwbk6_c00c0000gp/T/mc_laneB_heterogeneous_dirs.tif: All frames in a TIFF should have same width, height and pixel format.

  heterogeneous directories readers=4: both readers reject with the same message
==================
WARNING: ThreadSanitizer: data race (pid=38781)
  Write of size 8 at 0x00016f95e978 by main thread:
    #0 fImageHandler::openFile(FileName const&, int) image.h:457 (tiff_persistent_reader:arm64+0x10000e528)
    #1 Image<float>::read(FileName const&, bool, long, bool, bool) image.h:736 (tiff_persistent_reader:arm64+0x10000b624)
    #2 (anonymous namespace)::expectSameFailure(std::__1::basic_string<char, std::__1::char_traits<char>, std::__1::allocator<char>> const&, std::__1::basic_string<char, std::__1::char_traits<char>, std::__1::allocator<char>> const&, std::__1::vector<int, std::__1::allocator<int>> const&, int) test_tiff_persistent_reader.cpp:250 (tiff_persistent_reader:arm64+0x10000a774)
    #3 main test_tiff_persistent_reader.cpp:453 (tiff_persistent_reader:arm64+0x1000060c0)

  Previous read of size 4 at 0x00016f95e97c by thread T3:
    #0 TiffMovieReader::readFrames(std::__1::vector<int, std::__1::allocator<int>> const&, std::__1::vector<Image<float>, std::__1::allocator<Image<float>>>&) (.omp_outlined_debug__) tiff_movie_reader.cpp:90 (tiff_persistent_reader:arm64+0x1000c4390)
    #1 TiffMovieReader::readFrames(std::__1::vector<int, std::__1::allocator<int>> const&, std::__1::vector<Image<float>, std::__1::allocator<Image<float>>>&) (.omp_outlined) tiff_movie_reader.cpp:72 (tiff_persistent_reader:arm64+0x1000c4390)
    #2 __kmp_invoke_microtask <null> (libomp.dylib:arm64+0x6b138)

  Location is stack of main thread.

  Thread T3 (tid=18123540, running) created by main thread at:
    #0 pthread_create <null> (libclang_rt.tsan_osx_dynamic.dylib:arm64e+0x33bac)
    #1 __kmp_create_worker <null> (libomp.dylib:arm64+0x50efc)
    #2 (anonymous namespace)::runCase(std::__1::basic_string<char, std::__1::char_traits<char>, std::__1::allocator<char>> const&, std::__1::basic_string<char, std::__1::char_traits<char>, std::__1::allocator<char>> const&, std::__1::vector<int, std::__1::allocator<int>> const&, std::__1::vector<int, std::__1::allocator<int>> const&) test_tiff_persistent_reader.cpp:229 (tiff_persistent_reader:arm64+0x100009d4c)
    #3 main test_tiff_persistent_reader.cpp:372 (tiff_persistent_reader:arm64+0x100004684)

SUMMARY: ThreadSanitizer: data race image.h:457 in fImageHandler::openFile(FileName const&, int)
==================
in: /Users/alex.konstantinov/Documents/MotionCorr-issue85-laneB/src/rwTIFF.h, line 122
ERROR: 
/var/folders/c1/nfw3m8_57nl0czvwbk6_c00c0000gp/T/mc_laneB_heterogeneous_dirs.tif: All frames in a TIFF should have same width, height and pixel format.

in: /Users/alex.konstantinov/Documents/MotionCorr-issue85-laneB/src/rwTIFF.h, line 122
ERROR: 
/var/folders/c1/nfw3m8_57nl0czvwbk6_c00c0000gp/T/mc_laneB_heterogeneous_dirs.tif: All frames in a TIFF should have same width, height and pixel format.

in: /Users/alex.konstantinov/Documents/MotionCorr-issue85-laneB/src/rwTIFF.h, line 122
ERROR: 
/var/folders/c1/nfw3m8_57nl0czvwbk6_c00c0000gp/T/mc_laneB_heterogeneous_dirs.tif: All frames in a TIFF should have same width, height and pixel format.

==================
WARNING: ThreadSanitizer: data race (pid=38781)
  Read of size 8 at 0x0001edab9c90 by thread T3:
    #0 std::__1::ios_base::width[abi:nqe220106]() const ios:497 (tiff_persistent_reader:arm64+0x10001c5c0)
    #1 std::__1::ostreambuf_iterator<char, std::__1::char_traits<char>> std::__1::__pad_and_output[abi:nqe220106]<char, std::__1::char_traits<char>>(std::__1::ostreambuf_iterator<char, std::__1::char_traits<char>>, char const*, char const*, char const*, std::__1::ios_base&, char) pad_and_output.h:53 (tiff_persistent_reader:arm64+0x10001c5c0)
    #2 std::__1::basic_ostream<char, std::__1::char_traits<char>>& std::__1::__put_character_sequence[abi:nqe220106]<char, std::__1::char_traits<char>>(std::__1::basic_ostream<char, std::__1::char_traits<char>>&, char const*, unsigned long) put_character_sequence.h:37 (tiff_persistent_reader:arm64+0x10001c4a4)
    #3 std::__1::basic_ostream<char, std::__1::char_traits<char>>& std::__1::operator<<[abi:nqe220106]<std::__1::char_traits<char>>(std::__1::basic_ostream<char, std::__1::char_traits<char>>&, char const*) basic_ostream.h:438 (tiff_persistent_reader:arm64+0x100026d48)
    #4 RelionError::RelionError(std::__1::basic_string<char, std::__1::char_traits<char>, std::__1::allocator<char>> const&, std::__1::basic_string<char, std::__1::char_traits<char>, std::__1::allocator<char>> const&, long) error.cpp:66 (tiff_persistent_reader:arm64+0x100026d48)
    #5 RelionError::RelionError(std::__1::basic_string<char, std::__1::char_traits<char>, std::__1::allocator<char>> const&, std::__1::basic_string<char, std::__1::char_traits<char>, std::__1::allocator<char>> const&, long) error.cpp:55 (tiff_persistent_reader:arm64+0x100026f2c)
    #6 Image<float>::readTIFFDirectory(tiff*, TiffMovieLayout const&, long, float*, TiffStripScratch&, FileName const&, TiffErrorContext*) rwTIFF.h:122 (tiff_persistent_reader:arm64+0x100018bc0)
    #7 Image<float>::readTIFFFrameFromHandle(tiff*, TiffMovieLayout const&, long, TiffStripScratch&, FileName const&, TiffErrorContext*) rwTIFF.h:216 (tiff_persistent_reader:arm64+0x1000c4614)
    #8 TiffMovieReader::readFrames(std::__1::vector<int, std::__1::allocator<int>> const&, std::__1::vector<Image<float>, std::__1::allocator<Image<float>>>&) (.omp_outlined_debug__) tiff_movie_reader.cpp:95 (tiff_persistent_reader:arm64+0x1000c4404)
    #9 TiffMovieReader::readFrames(std::__1::vector<int, std::__1::allocator<int>> const&, std::__1::vector<Image<float>, std::__1::allocator<Image<float>>>&) (.omp_outlined) tiff_movie_reader.cpp:72 (tiff_persistent_reader:arm64+0x1000c4404)
    #10 __kmp_invoke_microtask <null> (libomp.dylib:arm64+0x6b138)

  Previous write of size 8 at 0x0001edab9c90 by thread T1:
    #0 std::__1::ios_base::width[abi:nqe220106](long) ios:501 (tiff_persistent_reader:arm64+0x10001c754)
    #1 std::__1::ostreambuf_iterator<char, std::__1::char_traits<char>> std::__1::__pad_and_output[abi:nqe220106]<char, std::__1::char_traits<char>>(std::__1::ostreambuf_iterator<char, std::__1::char_traits<char>>, char const*, char const*, char const*, std::__1::ios_base&, char) pad_and_output.h:79 (tiff_persistent_reader:arm64+0x10001c754)
    #2 std::__1::basic_ostream<char, std::__1::char_traits<char>>& std::__1::__put_character_sequence[abi:nqe220106]<char, std::__1::char_traits<char>>(std::__1::basic_ostream<char, std::__1::char_traits<char>>&, char const*, unsigned long) put_character_sequence.h:37 (tiff_persistent_reader:arm64+0x10001c4a4)
    #3 std::__1::basic_ostream<char, std::__1::char_traits<char>>& std::__1::operator<<[abi:nqe220106]<std::__1::char_traits<char>>(std::__1::basic_ostream<char, std::__1::char_traits<char>>&, char const*) basic_ostream.h:438 (tiff_persistent_reader:arm64+0x100026dc0)
    #4 RelionError::RelionError(std::__1::basic_string<char, std::__1::char_traits<char>, std::__1::allocator<char>> const&, std::__1::basic_string<char, std::__1::char_traits<char>, std::__1::allocator<char>> const&, long) error.cpp:66 (tiff_persistent_reader:arm64+0x100026dc0)
    #5 RelionError::RelionError(std::__1::basic_string<char, std::__1::char_traits<char>, std::__1::allocator<char>> const&, std::__1::basic_string<char, std::__1::char_traits<char>, std::__1::allocator<char>> const&, long) error.cpp:55 (tiff_persistent_reader:arm64+0x100026f2c)
    #6 Image<float>::readTIFFDirectory(tiff*, TiffMovieLayout const&, long, float*, TiffStripScratch&, FileName const&, TiffErrorContext*) rwTIFF.h:122 (tiff_persistent_reader:arm64+0x100018bc0)
    #7 Image<float>::readTIFFFrameFromHandle(tiff*, TiffMovieLayout const&, long, TiffStripScratch&, FileName const&, TiffErrorContext*) rwTIFF.h:216 (tiff_persistent_reader:arm64+0x1000c4614)
    #8 TiffMovieReader::readFrames(std::__1::vector<int, std::__1::allocator<int>> const&, std::__1::vector<Image<float>, std::__1::allocator<Image<float>>>&) (.omp_outlined_debug__) tiff_movie_reader.cpp:95 (tiff_persistent_reader:arm64+0x1000c4404)
    #9 TiffMovieReader::readFrames(std::__1::vector<int, std::__1::allocator<int>> const&, std::__1::vector<Image<float>, std::__1::allocator<Image<float>>>&) (.omp_outlined) tiff_movie_reader.cpp:72 (tiff_persistent_reader:arm64+0x1000c4404)
    #10 __kmp_invoke_microtask <null> (libomp.dylib:arm64+0x6b138)

  Location is global 'std::__1::cerr' at 0x0001edab9c70 (libc++.1.dylib+0x6cb46c90)

  Thread T3 (tid=18123540, running) created by main thread at:
    #0 pthread_create <null> (libclang_rt.tsan_osx_dynamic.dylib:arm64e+0x33bac)
    #1 __kmp_create_worker <null> (libomp.dylib:arm64+0x50efc)
    #2 (anonymous namespace)::runCase(std::__1::basic_string<char, std::__1::char_traits<char>, std::__1::allocator<char>> const&, std::__1::basic_string<char, std::__1::char_traits<char>, std::__1::allocator<char>> const&, std::__1::vector<int, std::__1::allocator<int>> const&, std::__1::vector<int, std::__1::allocator<int>> const&) test_tiff_persistent_reader.cpp:229 (tiff_persistent_reader:arm64+0x100009d4c)
    #3 main test_tiff_persistent_reader.cpp:372 (tiff_persistent_reader:arm64+0x100004684)

  Thread T1 (tid=18123538, running) created by main thread at:
    #0 pthread_create <null> (libclang_rt.tsan_osx_dynamic.dylib:arm64e+0x33bac)
    #1 __kmp_create_worker <null> (libomp.dylib:arm64+0x50efc)
    #2 (anonymous namespace)::runCase(std::__1::basic_string<char, std::__1::char_traits<char>, std::__1::allocator<char>> const&, std::__1::basic_string<char, std::__1::char_traits<char>, std::__1::allocator<char>> const&, std::__1::vector<int, std::__1::allocator<int>> const&, std::__1::vector<int, std::__1::allocator<int>> const&) test_tiff_persistent_reader.cpp:229 (tiff_persistent_reader:arm64+0x100009d4c)
    #3 main test_tiff_persistent_reader.cpp:372 (tiff_persistent_reader:arm64+0x100004684)

SUMMARY: ThreadSanitizer: data race ios:497 in std::__1::ios_base::width[abi:nqe220106]() const
==================
in: /Users/alex.konstantinov/Documents/MotionCorr-issue85-laneB/src/rwTIFF.h, line 122
ERROR: 
/var/folders/c1/nfw3m8_57nl0czvwbk6_c00c0000gp/T/mc_laneB_heterogeneous_dirs.tif: All frames in a TIFF should have same width, height and pixel format.

  heterogeneous directories readers=8: both readers reject with the same message
in: /Users/alex.konstantinov/Documents/MotionCorr-issue85-laneB/src/rwTIFF.h, line 122
ERROR: 
/var/folders/c1/nfw3m8_57nl0czvwbk6_c00c0000gp/T/mc_laneB_heterogeneous_dirs.tif: All frames in a TIFF should have same width, height and pixel format.

in: /Users/alex.konstantinov/Documents/MotionCorr-issue85-laneB/src/rwTIFF.h, line in: in: /Users/alex.konstantinov/Documents/MotionCorr-issue85-laneB/src/rwTIFF.h, line 122
122
ERROR: 
/var/folders/c1/nfw3m8_57nl0czvwbk6_c00c0000gp/T/mc_laneB_heterogeneous_dirs.tif: All frames in a TIFF should have same width, height and pixel format.

/Users/alex.konstantinov/Documents/MotionCorr-issue85-laneB/src/rwTIFF.h, line 122
ERROR: 
/var/folders/c1/nfw3m8_57nl0czvwbk6_c00c0000gp/T/mc_laneB_heterogeneous_dirs.tif: All frames in a TIFF should have same width, height and pixel format.

==================
WARNING: ThreadSanitizer: data race (pid=38781)
  Write of size 8 at 0x0001edab9c90 by thread T3:
    #0 std::__1::ios_base::width[abi:nqe220106](long) ios:501 (tiff_persistent_reader:arm64+0x10001c754)
    #1 std::__1::ostreambuf_iterator<char, std::__1::char_traits<char>> std::__1::__pad_and_output[abi:nqe220106]<char, std::__1::char_traits<char>>(std::__1::ostreambuf_iterator<char, std::__1::char_traits<char>>, char const*, char const*, char const*, std::__1::ios_base&, char) pad_and_output.h:79 (tiff_persistent_reader:arm64+0x10001c754)
    #2 std::__1::basic_ostream<char, std::__1::char_traits<char>>& std::__1::__put_character_sequence[abi:nqe220106]<char, std::__1::char_traits<char>>(std::__1::basic_ostream<char, std::__1::char_traits<char>>&, char const*, unsigned long) put_character_sequence.h:37 (tiff_persistent_reader:arm64+0x10001c4a4)
    #3 std::__1::basic_ostream<char, std::__1::char_traits<char>>& std::__1::operator<<[abi:nqe220106]<std::__1::char_traits<char>>(std::__1::basic_ostream<char, std::__1::char_traits<char>>&, char const*) basic_ostream.h:438 (tiff_persistent_reader:arm64+0x100026dc0)
    #4 RelionError::RelionError(std::__1::basic_string<char, std::__1::char_traits<char>, std::__1::allocator<char>> const&, std::__1::basic_string<char, std::__1::char_traits<char>, std::__1::allocator<char>> const&, long) error.cpp:66 (tiff_persistent_reader:arm64+0x100026dc0)
    #5 RelionError::RelionError(std::__1::basic_string<char, std::__1::char_traits<char>, std::__1::allocator<char>> const&, std::__1::basic_string<char, std::__1::char_traits<char>, std::__1::allocator<char>> const&, long) error.cpp:55 (tiff_persistent_reader:arm64+0x100026f2c)
    #6 Image<float>::readTIFFDirectory(tiff*, TiffMovieLayout const&, long, float*, TiffStripScratch&, FileName const&, TiffErrorContext*) rwTIFF.h:122 (tiff_persistent_reader:arm64+0x100018bc0)
    #7 Image<float>::readTIFFFrameFromHandle(tiff*, TiffMovieLayout const&, long, TiffStripScratch&, FileName const&, TiffErrorContext*) rwTIFF.h:216 (tiff_persistent_reader:arm64+0x1000c4614)
    #8 TiffMovieReader::readFrames(std::__1::vector<int, std::__1::allocator<int>> const&, std::__1::vector<Image<float>, std::__1::allocator<Image<float>>>&) (.omp_outlined_debug__) tiff_movie_reader.cpp:95 (tiff_persistent_reader:arm64+0x1000c4404)
    #9 TiffMovieReader::readFrames(std::__1::vector<int, std::__1::allocator<int>> const&, std::__1::vector<Image<float>, std::__1::allocator<Image<float>>>&) (.omp_outlined) tiff_movie_reader.cpp:72 (tiff_persistent_reader:arm64+0x1000c4404)
    #10 __kmp_invoke_microtask <null> (libomp.dylib:arm64+0x6b138)

  Previous write of size 8 at 0x0001edab9c90 by thread T1:
    #0 std::__1::ios_base::width[abi:nqe220106](long) ios:501 (tiff_persistent_reader:arm64+0x10001c754)
    #1 std::__1::ostreambuf_iterator<char, std::__1::char_traits<char>> std::__1::__pad_and_output[abi:nqe220106]<char, std::__1::char_traits<char>>(std::__1::ostreambuf_iterator<char, std::__1::char_traits<char>>, char const*, char const*, char const*, std::__1::ios_base&, char) pad_and_output.h:79 (tiff_persistent_reader:arm64+0x10001c754)
    #2 std::__1::basic_ostream<char, std::__1::char_traits<char>>& std::__1::__put_character_sequence[abi:nqe220106]<char, std::__1::char_traits<char>>(std::__1::basic_ostream<char, std::__1::char_traits<char>>&, char const*, unsigned long) put_character_sequence.h:37 (tiff_persistent_reader:arm64+0x10001c4a4)
    #3 std::__1::basic_ostream<char, std::__1::char_traits<char>>& std::__1::operator<<[abi:nqe220106]<std::__1::char_traits<char>>(std::__1::basic_ostream<char, std::__1::char_traits<char>>&, char const*) basic_ostream.h:438 (tiff_persistent_reader:arm64+0x100026d98)
    #4 RelionError::RelionError(std::__1::basic_string<char, std::__1::char_traits<char>, std::__1::allocator<char>> const&, std::__1::basic_string<char, std::__1::char_traits<char>, std::__1::allocator<char>> const&, long) error.cpp:66 (tiff_persistent_reader:arm64+0x100026d98)
    #5 RelionError::RelionError(std::__1::basic_string<char, std::__1::char_traits<char>, std::__1::allocator<char>> const&, std::__1::basic_string<char, std::__1::char_traits<char>, std::__1::allocator<char>> const&, long) error.cpp:55 (tiff_persistent_reader:arm64+0x100026f2c)
    #6 Image<float>::readTIFFDirectory(tiff*, TiffMovieLayout const&, long, float*, TiffStripScratch&, FileName const&, TiffErrorContext*) rwTIFF.h:122 (tiff_persistent_reader:arm64+0x100018bc0)
    #7 Image<float>::readTIFFFrameFromHandle(tiff*, TiffMovieLayout const&, long, TiffStripScratch&, FileName const&, TiffErrorContext*) rwTIFF.h:216 (tiff_persistent_reader:arm64+0x1000c4614)
    #8 TiffMovieReader::readFrames(std::__1::vector<int, std::__1::allocator<int>> const&, std::__1::vector<Image<float>, std::__1::allocator<Image<float>>>&) (.omp_outlined_debug__) tiff_movie_reader.cpp:95 (tiff_persistent_reader:arm64+0x1000c4404)
    #9 TiffMovieReader::readFrames(std::__1::vector<int, std::__1::allocator<int>> const&, std::__1::vector<Image<float>, std::__1::allocator<Image<float>>>&) (.omp_outlined) tiff_movie_reader.cpp:72 (tiff_persistent_reader:arm64+0x1000c4404)
    #10 __kmp_invoke_microtask <null> (libomp.dylib:arm64+0x6b138)

  Location is global 'std::__1::cerr' at 0x0001edab9c70 (libc++.1.dylib+0x6cb46c90)

  Thread T3 (tid=18123540, running) created by main thread at:
    #0 pthread_create <null> (libclang_rt.tsan_osx_dynamic.dylib:arm64e+0x33bac)
    #1 __kmp_create_worker <null> (libomp.dylib:arm64+0x50efc)
    #2 (anonymous namespace)::runCase(std::__1::basic_string<char, std::__1::char_traits<char>, std::__1::allocator<char>> const&, std::__1::basic_string<char, std::__1::char_traits<char>, std::__1::allocator<char>> const&, std::__1::vector<int, std::__1::allocator<int>> const&, std::__1::vector<int, std::__1::allocator<int>> const&) test_tiff_persistent_reader.cpp:229 (tiff_persistent_reader:arm64+0x100009d4c)
    #3 main test_tiff_persistent_reader.cpp:372 (tiff_persistent_reader:arm64+0x100004684)

  Thread T1 (tid=18123538, running) created by main thread at:
    #0 pthread_create <null> (libclang_rt.tsan_osx_dynamic.dylib:arm64e+0x33bac)
    #1 __kmp_create_worker <null> (libomp.dylib:arm64+0x50efc)
    #2 (anonymous namespace)::runCase(std::__1::basic_string<char, std::__1::char_traits<char>, std::__1::allocator<char>> const&, std::__1::basic_string<char, std::__1::char_traits<char>, std::__1::allocator<char>> const&, std::__1::vector<int, std::__1::allocator<int>> const&, std::__1::vector<int, std::__1::allocator<int>> const&) test_tiff_persistent_reader.cpp:229 (tiff_persistent_reader:arm64+0x100009d4c)
    #3 main test_tiff_persistent_reader.cpp:372 (tiff_persistent_reader:arm64+0x100004684)

SUMMARY: ThreadSanitizer: data race ios:501 in std::__1::ios_base::width[abi:nqe220106](long)
==================
ERROR: 
/var/folders/c1/nfw3m8_57nl0czvwbk6_c00c0000gp/T/mc_laneB_heterogeneous_dirs.tif: All frames in a TIFF should have same width, height and pixel format.

  heterogeneous directories readers=16: both readers reject with the same message
in: /Users/alex.konstantinov/Documents/MotionCorr-issue85-laneB/src/rwTIFF.h, line 122
ERROR: 
/var/folders/c1/nfw3m8_57nl0czvwbk6_c00c0000gp/T/mc_laneB_heterogeneous_dirs.tif: All frames in a TIFF should have same width, height and pixel format.

in: /Users/alex.konstantinov/Documents/MotionCorr-issue85-laneB/src/rwTIFF.h, line in: 122
ERROR: 
/var/folders/c1/nfw3m8_57nl0czvwbk6_c00c0000gp/T/mc_laneB_heterogeneous_dirs.tif: All frames in a TIFF should have same width, height and pixel format.

in: /Users/alex.konstantinov/Documents/MotionCorr-issue85-laneB/src/rwTIFF.h, line 122
ERROR: 
/var/folders/c1/nfw3m8_57nl0czvwbk6_c00c0000gp/T/mc_laneB_heterogeneous_dirs.tif: All frames in a TIFF should have same width, height and pixel format.

==================
WARNING: ThreadSanitizer: data race (pid=38781)
  Write of size 8 at 0x0001edab9c90 by thread T8:
    #0 std::__1::ios_base::width[abi:nqe220106](long) ios:501 (tiff_persistent_reader:arm64+0x10001c754)
    #1 std::__1::ostreambuf_iterator<char, std::__1::char_traits<char>> std::__1::__pad_and_output[abi:nqe220106]<char, std::__1::char_traits<char>>(std::__1::ostreambuf_iterator<char, std::__1::char_traits<char>>, char const*, char const*, char const*, std::__1::ios_base&, char) pad_and_output.h:79 (tiff_persistent_reader:arm64+0x10001c754)
    #2 std::__1::basic_ostream<char, std::__1::char_traits<char>>& std::__1::__put_character_sequence[abi:nqe220106]<char, std::__1::char_traits<char>>(std::__1::basic_ostream<char, std::__1::char_traits<char>>&, char const*, unsigned long) put_character_sequence.h:37 (tiff_persistent_reader:arm64+0x10001c4a4)
    #3 std::__1::basic_ostream<char, std::__1::char_traits<char>>& std::__1::operator<<[abi:nqe220106]<std::__1::char_traits<char>>(std::__1::basic_ostream<char, std::__1::char_traits<char>>&, char const*) basic_ostream.h:438 (tiff_persistent_reader:arm64+0x100026d48)
    #4 RelionError::RelionError(std::__1::basic_string<char, std::__1::char_traits<char>, std::__1::allocator<char>> const&, std::__1::basic_string<char, std::__1::char_traits<char>, std::__1::allocator<char>> const&, long) error.cpp:66 (tiff_persistent_reader:arm64+0x100026d48)
    #5 RelionError::RelionError(std::__1::basic_string<char, std::__1::char_traits<char>, std::__1::allocator<char>> const&, std::__1::basic_string<char, std::__1::char_traits<char>, std::__1::allocator<char>> const&, long) error.cpp:55 (tiff_persistent_reader:arm64+0x100026f2c)
    #6 Image<float>::readTIFFDirectory(tiff*, TiffMovieLayout const&, long, float*, TiffStripScratch&, FileName const&, TiffErrorContext*) rwTIFF.h:122 (tiff_persistent_reader:arm64+0x100018bc0)
    #7 Image<float>::readTIFFFrameFromHandle(tiff*, TiffMovieLayout const&, long, TiffStripScratch&, FileName const&, TiffErrorContext*) rwTIFF.h:216 (tiff_persistent_reader:arm64+0x1000c4614)
    #8 TiffMovieReader::readFrames(std::__1::vector<int, std::__1::allocator<int>> const&, std::__1::vector<Image<float>, std::__1::allocator<Image<float>>>&) (.omp_outlined_debug__) tiff_movie_reader.cpp:95 (tiff_persistent_reader:arm64+0x1000c4404)
    #9 TiffMovieReader::readFrames(std::__1::vector<int, std::__1::allocator<int>> const&, std::__1::vector<Image<float>, std::__1::allocator<Image<float>>>&) (.omp_outlined) tiff_movie_reader.cpp:72 (tiff_persistent_reader:arm64+0x1000c4404)
    #10 __kmp_invoke_microtask <null> (libomp.dylib:arm64+0x6b138)

  Previous write of size 8 at 0x0001edab9c90 by thread T1:
    #0 std::__1::ios_base::width[abi:nqe220106](long) ios:501 (tiff_persistent_reader:arm64+0x10001c754)
    #1 std::__1::ostreambuf_iterator<char, std::__1::char_traits<char>> std::__1::__pad_and_output[abi:nqe220106]<char, std::__1::char_traits<char>>(std::__1::ostreambuf_iterator<char, std::__1::char_traits<char>>, char const*, char const*, char const*, std::__1::ios_base&, char) pad_and_output.h:79 (tiff_persistent_reader:arm64+0x10001c754)
    #2 std::__1::basic_ostream<char, std::__1::char_traits<char>>& std::__1::__put_character_sequence[abi:nqe220106]<char, std::__1::char_traits<char>>(std::__1::basic_ostream<char, std::__1::char_traits<char>>&, char const*, unsigned long) put_character_sequence.h:37 (tiff_persistent_reader:arm64+0x10001c4a4)
    #3 std::__1::basic_ostream<char, std::__1::char_traits<char>>& std::__1::operator<<[abi:nqe220106]<std::__1::char_traits<char>>(std::__1::basic_ostream<char, std::__1::char_traits<char>>&, char const*) basic_ostream.h:438 (tiff_persistent_reader:arm64+0x100026d98)
    #4 RelionError::RelionError(std::__1::basic_string<char, std::__1::char_traits<char>, std::__1::allocator<char>> const&, std::__1::basic_string<char, std::__1::char_traits<char>, std::__1::allocator<char>> const&, long) error.cpp:66 (tiff_persistent_reader:arm64+0x100026d98)
    #5 RelionError::RelionError(std::__1::basic_string<char, std::__1::char_traits<char>, std::__1::allocator<char>> const&, std::__1::basic_string<char, std::__1::char_traits<char>, std::__1::allocator<char>> const&, long) error.cpp:55 (tiff_persistent_reader:arm64+0x100026f2c)
    #6 Image<float>::readTIFFDirectory(tiff*, TiffMovieLayout const&, long, float*, TiffStripScratch&, FileName const&, TiffErrorContext*) rwTIFF.h:122 (tiff_persistent_reader:arm64+0x100018bc0)
    #7 Image<float>::readTIFFFrameFromHandle(tiff*, TiffMovieLayout const&, long, TiffStripScratch&, FileName const&, TiffErrorContext*) rwTIFF.h:216 (tiff_persistent_reader:arm64+0x1000c4614)
    #8 TiffMovieReader::readFrames(std::__1::vector<int, std::__1::allocator<int>> const&, std::__1::vector<Image<float>, std::__1::allocator<Image<float>>>&) (.omp_outlined_debug__) tiff_movie_reader.cpp:95 (tiff_persistent_reader:arm64+0x1000c4404)
    #9 TiffMovieReader::readFrames(std::__1::vector<int, std::__1::allocator<int>> const&, std::__1::vector<Image<float>, std::__1::allocator<Image<float>>>&) (.omp_outlined) tiff_movie_reader.cpp:72 (tiff_persistent_reader:arm64+0x1000c4404)
    #10 __kmp_invoke_microtask <null> (libomp.dylib:arm64+0x6b138)

  Location is global 'std::__1::cerr' at 0x0001edab9c70 (libc++.1.dylib+0x6cb46c90)

  Thread T8 (tid=18123580, running) created by main thread at:
    #0 pthread_create <null> (libclang_rt.tsan_osx_dynamic.dylib:arm64e+0x33bac)
    #1 __kmp_create_worker <null> (libomp.dylib:arm64+0x50efc)
    #2 (anonymous namespace)::runCase(std::__1::basic_string<char, std::__1::char_traits<char>, std::__1::allocator<char>> const&, std::__1::basic_string<char, std::__1::char_traits<char>, std::__1::allocator<char>> const&, std::__1::vector<int, std::__1::allocator<int>> const&, std::__1::vector<int, std::__1::allocator<int>> const&) test_tiff_persistent_reader.cpp:229 (tiff_persistent_reader:arm64+0x100009d4c)
    #3 main test_tiff_persistent_reader.cpp:372 (tiff_persistent_reader:arm64+0x100004684)

  Thread T1 (tid=18123538, running) created by main thread at:
    #0 pthread_create <null> (libclang_rt.tsan_osx_dynamic.dylib:arm64e+0x33bac)
    #1 __kmp_create_worker <null> (libomp.dylib:arm64+0x50efc)
    #2 (anonymous namespace)::runCase(std::__1::basic_string<char, std::__1::char_traits<char>, std::__1::allocator<char>> const&, std::__1::basic_string<char, std::__1::char_traits<char>, std::__1::allocator<char>> const&, std::__1::vector<int, std::__1::allocator<int>> const&, std::__1::vector<int, std::__1::allocator<int>> const&) test_tiff_persistent_reader.cpp:229 (tiff_persistent_reader:arm64+0x100009d4c)
    #3 main test_tiff_persistent_reader.cpp:372 (tiff_persistent_reader:arm64+0x100004684)

SUMMARY: ThreadSanitizer: data race ios:501 in std::__1::ios_base::width[abi:nqe220106](long)
==================
/Users/alex.konstantinov/Documents/MotionCorr-issue85-laneB/src/rwTIFF.h, line 122
ERROR: 
/var/folders/c1/nfw3m8_57nl0czvwbk6_c00c0000gp/T/mc_laneB_heterogeneous_dirs.tif: All frames in a TIFF should have same width, height and pixel format.

  heterogeneous directories readers=24: both readers reject with the same message
in: /Users/alex.konstantinov/Documents/MotionCorr-issue85-laneB/src/image.h, line 467
ERROR: 
Image::openFile cannot open: /var/folders/c1/nfw3m8_57nl0czvwbk6_c00c0000gp/T/mc_laneB_damage_truncated.tif: TIFFReadDirectory: Failed to read directory at offset 10622
in: /Users/alex.konstantinov/Documents/MotionCorr-issue85-laneB/src/image.h, line 467
ERROR: 
Image::openFile cannot open: /var/folders/c1/nfw3m8_57nl0czvwbk6_c00c0000gp/T/mc_laneB_damage_truncated.tif: TIFFReadDirectory: Failed to read directory at offset 10622
  truncated IFD chain: both readers reject with the same message
in: /Users/alex.konstantinov/Documents/MotionCorr-issue85-laneB/src/image.h, line 467
ERROR: 
Image::openFile cannot open: /var/folders/c1/nfw3m8_57nl0czvwbk6_c00c0000gp/T/mc_laneB_damage_hard.tif: TIFFReadDirectory: Failed to read directory at offset 10622
in: /Users/alex.konstantinov/Documents/MotionCorr-issue85-laneB/src/image.h, line 467
ERROR: 
Image::openFile cannot open: /var/folders/c1/nfw3m8_57nl0czvwbk6_c00c0000gp/T/mc_laneB_damage_hard.tif: TIFFReadDirectory: Failed to read directory at offset 10622
  hard truncation: both readers reject with the same message
in: /Users/alex.konstantinov/Documents/MotionCorr-issue85-laneB/src/rwTIFF.h, line 146
ERROR: 
/var/folders/c1/nfw3m8_57nl0czvwbk6_c00c0000gp/T/mc_laneB_damage_strip.tif: Invalid decoded TIFF strip size (ZIPDecode: Decoding error at scanline 0, incorrect header check).
in: /Users/alex.konstantinov/Documents/MotionCorr-issue85-laneB/src/rwTIFF.h, line 146
ERROR: 
/var/folders/c1/nfw3m8_57nl0czvwbk6_c00c0000gp/T/mc_laneB_damage_strip.tif: Invalid decoded TIFF strip size (ZIPDecode: Decoding error at scanline 0, incorrect header check).
  corrupt strip payload: both readers reject with the same message
in: /Users/alex.konstantinov/Documents/MotionCorr-issue85-laneB/src/rwTIFF.h, line 65
ERROR: 
readTIFF: Image number 10 exceeds stack size 6 of image /var/folders/c1/nfw3m8_57nl0czvwbk6_c00c0000gp/T/mc_laneB_damage_src.tif
in: /Users/alex.konstantinov/Documents/MotionCorr-issue85-laneB/src/rwTIFF.h, line 65
ERROR: 
readTIFF: Image number 10 exceeds stack size 6 of image /var/folders/c1/nfw3m8_57nl0czvwbk6_c00c0000gp/T/mc_laneB_damage_src.tif
  frame index past the stack: both readers reject with the same message
225 checks run
PASS persistent TIFF reader matches Image::read (LibTIFF >= 4.5 per-handle error context)
ThreadSanitizer: reported 59 warnings
