FAIL ownership re-entry mode=2
FAIL ownership re-entry mode=3
ERROR: out of memory in /home/alex/mc-pr115-ownership-20260929/src/src/acc/cuda/cuda_alignpatch.cu at line 337 (error-code 2)
Issue #69 CUDA fault matrix. Clean run uses: cudaMalloc=54 cudaFree (after release)=54 cudaEventCreate=34 cudaEventDestroy (after release)=34 cufftDestroy (after release)=8 cudaMemcpy H2D=25 cudaMemcpy D2H=24 cudaMemcpy D2D=8 cudaMemset=5 cudaDeviceSynchronize=12 cufftCreate=6 cufftMakePlanMany=6 cufftSetWorkArea=2 cufftPlanMany=2 cufftExec=18

primitive                n    stage reached                      exit                   owned   inputs  
Ownership controls: four production session sequences, failures=2
cudaMalloc               1    session initialize                 returned false         0       intact   
cudaMalloc               2    session initialize                 returned false         0       intact   
cudaMalloc               3    session initialize                 returned false         0       intact   
cudaMalloc               4    session initialize                 returned false         0       intact   
cudaMalloc               5    session initialize                 returned false         0       intact   
cudaMalloc               6    gain and unaligned sum             returned false         0       intact   
cudaMalloc               7    reduce unaligned sum               returned false         0       intact   
cudaMalloc               8    reduce unaligned sum               returned false         0       intact   
cudaMalloc               9    reduce unaligned sumsqdev          returned false         0       intact   
cudaMalloc               10   reduce unaligned sumsqdev          returned false         0       intact   
cudaMalloc               11   collect above threshold            returned false         0       intact   
cudaMalloc               12   collect above threshold            returned false         0       intact   
cudaMalloc               13   update defect pixels               returned false         0       intact   
cudaMalloc               14   update defect pixels               returned false         0       intact   
cudaMalloc               15   update defect pixels               returned false         0       intact   
in: /home/alex/mc-pr115-ownership-20260929/src/src/acc/cuda/cuda_settings.h, line 65
ERROR: 

A GPU-function failed to execute.

 If this occured at the start of a run, you might have GPUs which
are incompatible with either the data or your installation of relion.
If you 

	-> INSTALLED RELION YOURSELF: if you e.g. specified -DCUDA_ARCH=50
	   and are trying ot run on a compute 3.5 GPU (-DCUDA_ARCH=3.5), or 
	   a similar mismatch on AMD or Intel GPUs, this may happen.

	-> HAVE MULTIPLE GPUS OF DIFFERNT VERSIONS: relion needs at least NVIDIA 
	   GPUs with compute 5.0 or AMD MI GPUs with archtiecture gfx906. 
	   You may be trying to use a GPU architectures older than these. 
	   If you have multiple generations, try specifying --gpu <X>
	   with X=0. Then try X=1 in a new run, and so on. The numbering of
	   GPUs may not be obvious from the driver or intuition. For a list
	   of NVIDIA and AMD GPU compute generations and architectures, see 

	   en.wikipedia.org/wiki/CUDA#Version_features_and_specifications and 
	   docs.amd.com/bundle/Hardware_and_Software_Reference_Guide/page/Hardware_and_Software_Support.html

	-> ARE USING DOUBLE-PRECISION GPU CODE: relion has been written so
	   as to not require this, and may thus have unforeseen requirements
	   when run in this mode. If you think it is nonetheless necessary,
	   please consult the developers with this error.

If this occurred at the middle or end of a run, it might be that

	-> YOUR DATA OR PARAMETERS WERE UNEXPECTED: execution on GPUs is 
	   subject to many restrictions, and relion is written to work within
	   common restraints. If you have exotic data or settings, unexpected
	   configurations may occur. See also above point regarding 
	   double precision.
If none of the above applies, please report the error to the relion
developers at github.com/3dem/relion/issues.
ERROR: out of memory in /home/alex/mc-pr115-ownership-20260929/src/src/acc/cuda/cuda_alignpatch.cu at line 339 (error-code 2)
cudaMalloc               16   global alignment                   threw RelionError      0       intact   
in: /home/alex/mc-pr115-ownership-20260929/src/src/acc/cuda/cuda_settings.h, line 65
ERROR: 

A GPU-function failed to execute.

 If this occured at the start of a run, you might have GPUs which
are incompatible with either the data or your installation of relion.
If you 

	-> INSTALLED RELION YOURSELF: if you e.g. specified -DCUDA_ARCH=50
	   and are trying ot run on a compute 3.5 GPU (-DCUDA_ARCH=3.5), or 
	   a similar mismatch on AMD or Intel GPUs, this may happen.

	-> HAVE MULTIPLE GPUS OF DIFFERNT VERSIONS: relion needs at least NVIDIA 
	   GPUs with compute 5.0 or AMD MI GPUs with archtiecture gfx906. 
	   You may be trying to use a GPU architectures older than these. 
	   If you have multiple generations, try specifying --gpu <X>
	   with X=0. Then try X=1 in a new run, and so on. The numbering of
	   GPUs may not be obvious from the driver or intuition. For a list
	   of NVIDIA and AMD GPU compute generations and architectures, see 

	   en.wikipedia.org/wiki/CUDA#Version_features_and_specifications and 
	   docs.amd.com/bundle/Hardware_and_Software_Reference_Guide/page/Hardware_and_Software_Support.html

	-> ARE USING DOUBLE-PRECISION GPU CODE: relion has been written so
	   as to not require this, and may thus have unforeseen requirements
	   when run in this mode. If you think it is nonetheless necessary,
	   please consult the developers with this error.

If this occurred at the middle or end of a run, it might be that

	-> YOUR DATA OR PARAMETERS WERE UNEXPECTED: execution on GPUs is 
	   subject to many restrictions, and relion is written to work within
	   common restraints. If you have exotic data or settings, unexpected
	   configurations may occur. See also above point regarding 
	   double precision.
If none of the above applies, please report the error to the relion
developers at github.com/3dem/relion/issues.
ERROR: out of memory in /home/alex/mc-pr115-ownership-20260929/src/src/acc/cuda/cuda_alignpatch.cu at line 341 (error-code 2)
cudaMalloc               17   global alignment                   threw RelionError      0       intact   
in: /home/alex/mc-pr115-ownership-20260929/src/src/acc/cuda/cuda_settings.h, line 65
ERROR: 

A GPU-function failed to execute.

 If this occured at the start of a run, you might have GPUs which
are incompatible with either the data or your installation of relion.
If you 

	-> INSTALLED RELION YOURSELF: if you e.g. specified -DCUDA_ARCH=50
	   and are trying ot run on a compute 3.5 GPU (-DCUDA_ARCH=3.5), or 
	   a similar mismatch on AMD or Intel GPUs, this may happen.

	-> HAVE MULTIPLE GPUS OF DIFFERNT VERSIONS: relion needs at least NVIDIA 
	   GPUs with compute 5.0 or AMD MI GPUs with archtiecture gfx906. 
	   You may be trying to use a GPU architectures older than these. 
	   If you have multiple generations, try specifying --gpu <X>
	   with X=0. Then try X=1 in a new run, and so on. The numbering of
	   GPUs may not be obvious from the driver or intuition. For a list
	   of NVIDIA and AMD GPU compute generations and architectures, see 

	   en.wikipedia.org/wiki/CUDA#Version_features_and_specifications and 
	   docs.amd.com/bundle/Hardware_and_Software_Reference_Guide/page/Hardware_and_Software_Support.html

	-> ARE USING DOUBLE-PRECISION GPU CODE: relion has been written so
	   as to not require this, and may thus have unforeseen requirements
	   when run in this mode. If you think it is nonetheless necessary,
	   please consult the developers with this error.

If this occurred at the middle or end of a run, it might be that

	-> YOUR DATA OR PARAMETERS WERE UNEXPECTED: execution on GPUs is 
	   subject to many restrictions, and relion is written to work within
	   common restraints. If you have exotic data or settings, unexpected
	   configurations may occur. See also above point regarding 
	   double precision.
If none of the above applies, please report the error to the relion
developers at github.com/3dem/relion/issues.
ERROR: out of memory in /home/alex/mc-pr115-ownership-20260929/src/src/acc/cuda/cuda_alignpatch.cu at line 343 (error-code 2)
cudaMalloc               18   global alignment                   threw RelionError      0       intact   
in: /home/alex/mc-pr115-ownership-20260929/src/src/acc/cuda/cuda_settings.h, line 65
ERROR: 

A GPU-function failed to execute.

 If this occured at the start of a run, you might have GPUs which
are incompatible with either the data or your installation of relion.
If you 

	-> INSTALLED RELION YOURSELF: if you e.g. specified -DCUDA_ARCH=50
	   and are trying ot run on a compute 3.5 GPU (-DCUDA_ARCH=3.5), or 
	   a similar mismatch on AMD or Intel GPUs, this may happen.

	-> HAVE MULTIPLE GPUS OF DIFFERNT VERSIONS: relion needs at least NVIDIA 
	   GPUs with compute 5.0 or AMD MI GPUs with archtiecture gfx906. 
	   You may be trying to use a GPU architectures older than these. 
	   If you have multiple generations, try specifying --gpu <X>
	   with X=0. Then try X=1 in a new run, and so on. The numbering of
	   GPUs may not be obvious from the driver or intuition. For a list
	   of NVIDIA and AMD GPU compute generations and architectures, see 

	   en.wikipedia.org/wiki/CUDA#Version_features_and_specifications and 
	   docs.amd.com/bundle/Hardware_and_Software_Reference_Guide/page/Hardware_and_Software_Support.html

	-> ARE USING DOUBLE-PRECISION GPU CODE: relion has been written so
	   as to not require this, and may thus have unforeseen requirements
	   when run in this mode. If you think it is nonetheless necessary,
	   please consult the developers with this error.

If this occurred at the middle or end of a run, it might be that

	-> YOUR DATA OR PARAMETERS WERE UNEXPECTED: execution on GPUs is 
	   subject to many restrictions, and relion is written to work within
	   common restraints. If you have exotic data or settings, unexpected
	   configurations may occur. See also above point regarding 
	   double precision.
If none of the above applies, please report the error to the relion
developers at github.com/3dem/relion/issues.
ERROR: out of memory in /home/alex/mc-pr115-ownership-20260929/src/src/acc/cuda/cuda_alignpatch.cu at line 345 (error-code 2)
cudaMalloc               19   global alignment                   threw RelionError      0       intact   
in: /home/alex/mc-pr115-ownership-20260929/src/src/acc/cuda/cuda_settings.h, line 65
ERROR: 

A GPU-function failed to execute.

 If this occured at the start of a run, you might have GPUs which
are incompatible with either the data or your installation of relion.
If you 

	-> INSTALLED RELION YOURSELF: if you e.g. specified -DCUDA_ARCH=50
	   and are trying ot run on a compute 3.5 GPU (-DCUDA_ARCH=3.5), or 
	   a similar mismatch on AMD or Intel GPUs, this may happen.

	-> HAVE MULTIPLE GPUS OF DIFFERNT VERSIONS: relion needs at least NVIDIA 
	   GPUs with compute 5.0 or AMD MI GPUs with archtiecture gfx906. 
	   You may be trying to use a GPU architectures older than these. 
	   If you have multiple generations, try specifying --gpu <X>
	   with X=0. Then try X=1 in a new run, and so on. The numbering of
	   GPUs may not be obvious from the driver or intuition. For a list
	   of NVIDIA and AMD GPU compute generations and architectures, see 

	   en.wikipedia.org/wiki/CUDA#Version_features_and_specifications and 
	   docs.amd.com/bundle/Hardware_and_Software_Reference_Guide/page/Hardware_and_Software_Support.html

	-> ARE USING DOUBLE-PRECISION GPU CODE: relion has been written so
	   as to not require this, and may thus have unforeseen requirements
	   when run in this mode. If you think it is nonetheless necessary,
	   please consult the developers with this error.

If this occurred at the middle or end of a run, it might be that

	-> YOUR DATA OR PARAMETERS WERE UNEXPECTED: execution on GPUs is 
	   subject to many restrictions, and relion is written to work within
	   common restraints. If you have exotic data or settings, unexpected
	   configurations may occur. See also above point regarding 
	   double precision.
If none of the above applies, please report the error to the relion
developers at github.com/3dem/relion/issues.
ERROR: out of memory in /home/alex/mc-pr115-ownership-20260929/src/src/acc/cuda/cuda_alignpatch.cu at line 347 (error-code 2)
cudaMalloc               20   global alignment                   threw RelionError      0       intact   
in: /home/alex/mc-pr115-ownership-20260929/src/src/acc/cuda/cuda_settings.h, line 65
ERROR: 

A GPU-function failed to execute.

 If this occured at the start of a run, you might have GPUs which
are incompatible with either the data or your installation of relion.
If you 

	-> INSTALLED RELION YOURSELF: if you e.g. specified -DCUDA_ARCH=50
	   and are trying ot run on a compute 3.5 GPU (-DCUDA_ARCH=3.5), or 
	   a similar mismatch on AMD or Intel GPUs, this may happen.

	-> HAVE MULTIPLE GPUS OF DIFFERNT VERSIONS: relion needs at least NVIDIA 
	   GPUs with compute 5.0 or AMD MI GPUs with archtiecture gfx906. 
	   You may be trying to use a GPU architectures older than these. 
	   If you have multiple generations, try specifying --gpu <X>
	   with X=0. Then try X=1 in a new run, and so on. The numbering of
	   GPUs may not be obvious from the driver or intuition. For a list
	   of NVIDIA and AMD GPU compute generations and architectures, see 

	   en.wikipedia.org/wiki/CUDA#Version_features_and_specifications and 
	   docs.amd.com/bundle/Hardware_and_Software_Reference_Guide/page/Hardware_and_Software_Support.html

	-> ARE USING DOUBLE-PRECISION GPU CODE: relion has been written so
	   as to not require this, and may thus have unforeseen requirements
	   when run in this mode. If you think it is nonetheless necessary,
	   please consult the developers with this error.

If this occurred at the middle or end of a run, it might be that

	-> YOUR DATA OR PARAMETERS WERE UNEXPECTED: execution on GPUs is 
	   subject to many restrictions, and relion is written to work within
	   common restraints. If you have exotic data or settings, unexpected
	   configurations may occur. See also above point regarding 
	   double precision.
If none of the above applies, please report the error to the relion
developers at github.com/3dem/relion/issues.
ERROR: out of memory in /home/alex/mc-pr115-ownership-20260929/src/src/acc/cuda/cuda_alignpatch.cu at line 349 (error-code 2)
cudaMalloc               21   global alignment                   threw RelionError      0       intact   
in: /home/alex/mc-pr115-ownership-20260929/src/src/acc/cuda/cuda_settings.h, line 65
ERROR: 

A GPU-function failed to execute.

 If this occured at the start of a run, you might have GPUs which
are incompatible with either the data or your installation of relion.
If you 

	-> INSTALLED RELION YOURSELF: if you e.g. specified -DCUDA_ARCH=50
	   and are trying ot run on a compute 3.5 GPU (-DCUDA_ARCH=3.5), or 
	   a similar mismatch on AMD or Intel GPUs, this may happen.

	-> HAVE MULTIPLE GPUS OF DIFFERNT VERSIONS: relion needs at least NVIDIA 
	   GPUs with compute 5.0 or AMD MI GPUs with archtiecture gfx906. 
	   You may be trying to use a GPU architectures older than these. 
	   If you have multiple generations, try specifying --gpu <X>
	   with X=0. Then try X=1 in a new run, and so on. The numbering of
	   GPUs may not be obvious from the driver or intuition. For a list
	   of NVIDIA and AMD GPU compute generations and architectures, see 

	   en.wikipedia.org/wiki/CUDA#Version_features_and_specifications and 
	   docs.amd.com/bundle/Hardware_and_Software_Reference_Guide/page/Hardware_and_Software_Support.html

	-> ARE USING DOUBLE-PRECISION GPU CODE: relion has been written so
	   as to not require this, and may thus have unforeseen requirements
	   when run in this mode. If you think it is nonetheless necessary,
	   please consult the developers with this error.

If this occurred at the middle or end of a run, it might be that

	-> YOUR DATA OR PARAMETERS WERE UNEXPECTED: execution on GPUs is 
	   subject to many restrictions, and relion is written to work within
	   common restraints. If you have exotic data or settings, unexpected
	   configurations may occur. See also above point regarding 
	   double precision.
If none of the above applies, please report the error to the relion
developers at github.com/3dem/relion/issues.
ERROR: out of memory in /home/alex/mc-pr115-ownership-20260929/src/src/acc/cuda/cuda_alignpatch.cu at line 351 (error-code 2)
cudaMalloc               22   global alignment                   threw RelionError      0       intact   
in: /home/alex/mc-pr115-ownership-20260929/src/src/acc/cuda/cuda_settings.h, line 65
ERROR: 

A GPU-function failed to execute.

 If this occured at the start of a run, you might have GPUs which
are incompatible with either the data or your installation of relion.
If you 

	-> INSTALLED RELION YOURSELF: if you e.g. specified -DCUDA_ARCH=50
	   and are trying ot run on a compute 3.5 GPU (-DCUDA_ARCH=3.5), or 
	   a similar mismatch on AMD or Intel GPUs, this may happen.

	-> HAVE MULTIPLE GPUS OF DIFFERNT VERSIONS: relion needs at least NVIDIA 
	   GPUs with compute 5.0 or AMD MI GPUs with archtiecture gfx906. 
	   You may be trying to use a GPU architectures older than these. 
	   If you have multiple generations, try specifying --gpu <X>
	   with X=0. Then try X=1 in a new run, and so on. The numbering of
	   GPUs may not be obvious from the driver or intuition. For a list
	   of NVIDIA and AMD GPU compute generations and architectures, see 

	   en.wikipedia.org/wiki/CUDA#Version_features_and_specifications and 
	   docs.amd.com/bundle/Hardware_and_Software_Reference_Guide/page/Hardware_and_Software_Support.html

	-> ARE USING DOUBLE-PRECISION GPU CODE: relion has been written so
	   as to not require this, and may thus have unforeseen requirements
	   when run in this mode. If you think it is nonetheless necessary,
	   please consult the developers with this error.

If this occurred at the middle or end of a run, it might be that

	-> YOUR DATA OR PARAMETERS WERE UNEXPECTED: execution on GPUs is 
	   subject to many restrictions, and relion is written to work within
	   common restraints. If you have exotic data or settings, unexpected
	   configurations may occur. See also above point regarding 
	   double precision.
If none of the above applies, please report the error to the relion
developers at github.com/3dem/relion/issues.
ERROR: out of memory in /home/alex/mc-pr115-ownership-20260929/src/src/acc/cuda/cuda_alignpatch.cu at line 541 (error-code 2)
cudaMalloc               23   global alignment                   threw RelionError      0       intact   
in: /home/alex/mc-pr115-ownership-20260929/src/src/acc/cuda/cuda_settings.h, line 65
ERROR: 

A GPU-function failed to execute.

 If this occured at the start of a run, you might have GPUs which
are incompatible with either the data or your installation of relion.
If you 

	-> INSTALLED RELION YOURSELF: if you e.g. specified -DCUDA_ARCH=50
	   and are trying ot run on a compute 3.5 GPU (-DCUDA_ARCH=3.5), or 
	   a similar mismatch on AMD or Intel GPUs, this may happen.

	-> HAVE MULTIPLE GPUS OF DIFFERNT VERSIONS: relion needs at least NVIDIA 
	   GPUs with compute 5.0 or AMD MI GPUs with archtiecture gfx906. 
	   You may be trying to use a GPU architectures older than these. 
	   If you have multiple generations, try specifying --gpu <X>
	   with X=0. Then try X=1 in a new run, and so on. The numbering of
	   GPUs may not be obvious from the driver or intuition. For a list
	   of NVIDIA and AMD GPU compute generations and architectures, see 

	   en.wikipedia.org/wiki/CUDA#Version_features_and_specifications and 
	   docs.amd.com/bundle/Hardware_and_Software_Reference_Guide/page/Hardware_and_Software_Support.html

	-> ARE USING DOUBLE-PRECISION GPU CODE: relion has been written so
	   as to not require this, and may thus have unforeseen requirements
	   when run in this mode. If you think it is nonetheless necessary,
	   please consult the developers with this error.

If this occurred at the middle or end of a run, it might be that

	-> YOUR DATA OR PARAMETERS WERE UNEXPECTED: execution on GPUs is 
	   subject to many restrictions, and relion is written to work within
	   common restraints. If you have exotic data or settings, unexpected
	   configurations may occur. See also above point regarding 
	   double precision.
If none of the above applies, please report the error to the relion
developers at github.com/3dem/relion/issues.
ERROR: out of memory in /home/alex/mc-pr115-ownership-20260929/src/src/acc/cuda/cuda_alignpatch.cu at line 337 (error-code 2)
cudaMalloc               24   host staging alignment             threw RelionError      0       intact   
in: /home/alex/mc-pr115-ownership-20260929/src/src/acc/cuda/cuda_settings.h, line 65
ERROR: 

A GPU-function failed to execute.

 If this occured at the start of a run, you might have GPUs which
are incompatible with either the data or your installation of relion.
If you 

	-> INSTALLED RELION YOURSELF: if you e.g. specified -DCUDA_ARCH=50
	   and are trying ot run on a compute 3.5 GPU (-DCUDA_ARCH=3.5), or 
	   a similar mismatch on AMD or Intel GPUs, this may happen.

	-> HAVE MULTIPLE GPUS OF DIFFERNT VERSIONS: relion needs at least NVIDIA 
	   GPUs with compute 5.0 or AMD MI GPUs with archtiecture gfx906. 
	   You may be trying to use a GPU architectures older than these. 
	   If you have multiple generations, try specifying --gpu <X>
	   with X=0. Then try X=1 in a new run, and so on. The numbering of
	   GPUs may not be obvious from the driver or intuition. For a list
	   of NVIDIA and AMD GPU compute generations and architectures, see 

	   en.wikipedia.org/wiki/CUDA#Version_features_and_specifications and 
	   docs.amd.com/bundle/Hardware_and_Software_Reference_Guide/page/Hardware_and_Software_Support.html

	-> ARE USING DOUBLE-PRECISION GPU CODE: relion has been written so
	   as to not require this, and may thus have unforeseen requirements
	   when run in this mode. If you think it is nonetheless necessary,
	   please consult the developers with this error.

If this occurred at the middle or end of a run, it might be that

	-> YOUR DATA OR PARAMETERS WERE UNEXPECTED: execution on GPUs is 
	   subject to many restrictions, and relion is written to work within
	   common restraints. If you have exotic data or settings, unexpected
	   configurations may occur. See also above point regarding 
	   double precision.
If none of the above applies, please report the error to the relion
developers at github.com/3dem/relion/issues.
ERROR: out of memory in /home/alex/mc-pr115-ownership-20260929/src/src/acc/cuda/cuda_alignpatch.cu at line 339 (error-code 2)
cudaMalloc               25   host staging alignment             threw RelionError      0       intact   
in: /home/alex/mc-pr115-ownership-20260929/src/src/acc/cuda/cuda_settings.h, line 65
ERROR: 

A GPU-function failed to execute.

 If this occured at the start of a run, you might have GPUs which
are incompatible with either the data or your installation of relion.
If you 

	-> INSTALLED RELION YOURSELF: if you e.g. specified -DCUDA_ARCH=50
	   and are trying ot run on a compute 3.5 GPU (-DCUDA_ARCH=3.5), or 
	   a similar mismatch on AMD or Intel GPUs, this may happen.

	-> HAVE MULTIPLE GPUS OF DIFFERNT VERSIONS: relion needs at least NVIDIA 
	   GPUs with compute 5.0 or AMD MI GPUs with archtiecture gfx906. 
	   You may be trying to use a GPU architectures older than these. 
	   If you have multiple generations, try specifying --gpu <X>
	   with X=0. Then try X=1 in a new run, and so on. The numbering of
	   GPUs may not be obvious from the driver or intuition. For a list
	   of NVIDIA and AMD GPU compute generations and architectures, see 

	   en.wikipedia.org/wiki/CUDA#Version_features_and_specifications and 
	   docs.amd.com/bundle/Hardware_and_Software_Reference_Guide/page/Hardware_and_Software_Support.html

	-> ARE USING DOUBLE-PRECISION GPU CODE: relion has been written so
	   as to not require this, and may thus have unforeseen requirements
	   when run in this mode. If you think it is nonetheless necessary,
	   please consult the developers with this error.

If this occurred at the middle or end of a run, it might be that

	-> YOUR DATA OR PARAMETERS WERE UNEXPECTED: execution on GPUs is 
	   subject to many restrictions, and relion is written to work within
	   common restraints. If you have exotic data or settings, unexpected
	   configurations may occur. See also above point regarding 
	   double precision.
If none of the above applies, please report the error to the relion
developers at github.com/3dem/relion/issues.
ERROR: out of memory in /home/alex/mc-pr115-ownership-20260929/src/src/acc/cuda/cuda_alignpatch.cu at line 341 (error-code 2)
cudaMalloc               26   host staging alignment             threw RelionError      0       intact   
in: /home/alex/mc-pr115-ownership-20260929/src/src/acc/cuda/cuda_settings.h, line 65
ERROR: 

A GPU-function failed to execute.

 If this occured at the start of a run, you might have GPUs which
are incompatible with either the data or your installation of relion.
If you 

	-> INSTALLED RELION YOURSELF: if you e.g. specified -DCUDA_ARCH=50
	   and are trying ot run on a compute 3.5 GPU (-DCUDA_ARCH=3.5), or 
	   a similar mismatch on AMD or Intel GPUs, this may happen.

	-> HAVE MULTIPLE GPUS OF DIFFERNT VERSIONS: relion needs at least NVIDIA 
	   GPUs with compute 5.0 or AMD MI GPUs with archtiecture gfx906. 
	   You may be trying to use a GPU architectures older than these. 
	   If you have multiple generations, try specifying --gpu <X>
	   with X=0. Then try X=1 in a new run, and so on. The numbering of
	   GPUs may not be obvious from the driver or intuition. For a list
	   of NVIDIA and AMD GPU compute generations and architectures, see 

	   en.wikipedia.org/wiki/CUDA#Version_features_and_specifications and 
	   docs.amd.com/bundle/Hardware_and_Software_Reference_Guide/page/Hardware_and_Software_Support.html

	-> ARE USING DOUBLE-PRECISION GPU CODE: relion has been written so
	   as to not require this, and may thus have unforeseen requirements
	   when run in this mode. If you think it is nonetheless necessary,
	   please consult the developers with this error.

If this occurred at the middle or end of a run, it might be that

	-> YOUR DATA OR PARAMETERS WERE UNEXPECTED: execution on GPUs is 
	   subject to many restrictions, and relion is written to work within
	   common restraints. If you have exotic data or settings, unexpected
	   configurations may occur. See also above point regarding 
	   double precision.
If none of the above applies, please report the error to the relion
developers at github.com/3dem/relion/issues.
ERROR: out of memory in /home/alex/mc-pr115-ownership-20260929/src/src/acc/cuda/cuda_alignpatch.cu at line 343 (error-code 2)
cudaMalloc               27   host staging alignment             threw RelionError      0       intact   
in: /home/alex/mc-pr115-ownership-20260929/src/src/acc/cuda/cuda_settings.h, line 65
ERROR: 

A GPU-function failed to execute.

 If this occured at the start of a run, you might have GPUs which
are incompatible with either the data or your installation of relion.
If you 

	-> INSTALLED RELION YOURSELF: if you e.g. specified -DCUDA_ARCH=50
	   and are trying ot run on a compute 3.5 GPU (-DCUDA_ARCH=3.5), or 
	   a similar mismatch on AMD or Intel GPUs, this may happen.

	-> HAVE MULTIPLE GPUS OF DIFFERNT VERSIONS: relion needs at least NVIDIA 
	   GPUs with compute 5.0 or AMD MI GPUs with archtiecture gfx906. 
	   You may be trying to use a GPU architectures older than these. 
	   If you have multiple generations, try specifying --gpu <X>
	   with X=0. Then try X=1 in a new run, and so on. The numbering of
	   GPUs may not be obvious from the driver or intuition. For a list
	   of NVIDIA and AMD GPU compute generations and architectures, see 

	   en.wikipedia.org/wiki/CUDA#Version_features_and_specifications and 
	   docs.amd.com/bundle/Hardware_and_Software_Reference_Guide/page/Hardware_and_Software_Support.html

	-> ARE USING DOUBLE-PRECISION GPU CODE: relion has been written so
	   as to not require this, and may thus have unforeseen requirements
	   when run in this mode. If you think it is nonetheless necessary,
	   please consult the developers with this error.

If this occurred at the middle or end of a run, it might be that

	-> YOUR DATA OR PARAMETERS WERE UNEXPECTED: execution on GPUs is 
	   subject to many restrictions, and relion is written to work within
	   common restraints. If you have exotic data or settings, unexpected
	   configurations may occur. See also above point regarding 
	   double precision.
If none of the above applies, please report the error to the relion
developers at github.com/3dem/relion/issues.
ERROR: out of memory in /home/alex/mc-pr115-ownership-20260929/src/src/acc/cuda/cuda_alignpatch.cu at line 345 (error-code 2)
cudaMalloc               28   host staging alignment             threw RelionError      0       intact   
in: /home/alex/mc-pr115-ownership-20260929/src/src/acc/cuda/cuda_settings.h, line 65
ERROR: 

A GPU-function failed to execute.

 If this occured at the start of a run, you might have GPUs which
are incompatible with either the data or your installation of relion.
If you 

	-> INSTALLED RELION YOURSELF: if you e.g. specified -DCUDA_ARCH=50
	   and are trying ot run on a compute 3.5 GPU (-DCUDA_ARCH=3.5), or 
	   a similar mismatch on AMD or Intel GPUs, this may happen.

	-> HAVE MULTIPLE GPUS OF DIFFERNT VERSIONS: relion needs at least NVIDIA 
	   GPUs with compute 5.0 or AMD MI GPUs with archtiecture gfx906. 
	   You may be trying to use a GPU architectures older than these. 
	   If you have multiple generations, try specifying --gpu <X>
	   with X=0. Then try X=1 in a new run, and so on. The numbering of
	   GPUs may not be obvious from the driver or intuition. For a list
	   of NVIDIA and AMD GPU compute generations and architectures, see 

	   en.wikipedia.org/wiki/CUDA#Version_features_and_specifications and 
	   docs.amd.com/bundle/Hardware_and_Software_Reference_Guide/page/Hardware_and_Software_Support.html

	-> ARE USING DOUBLE-PRECISION GPU CODE: relion has been written so
	   as to not require this, and may thus have unforeseen requirements
	   when run in this mode. If you think it is nonetheless necessary,
	   please consult the developers with this error.

If this occurred at the middle or end of a run, it might be that

	-> YOUR DATA OR PARAMETERS WERE UNEXPECTED: execution on GPUs is 
	   subject to many restrictions, and relion is written to work within
	   common restraints. If you have exotic data or settings, unexpected
	   configurations may occur. See also above point regarding 
	   double precision.
If none of the above applies, please report the error to the relion
developers at github.com/3dem/relion/issues.
ERROR: out of memory in /home/alex/mc-pr115-ownership-20260929/src/src/acc/cuda/cuda_alignpatch.cu at line 347 (error-code 2)
cudaMalloc               29   host staging alignment             threw RelionError      0       intact   
in: /home/alex/mc-pr115-ownership-20260929/src/src/acc/cuda/cuda_settings.h, line 65
ERROR: 

A GPU-function failed to execute.

 If this occured at the start of a run, you might have GPUs which
are incompatible with either the data or your installation of relion.
If you 

	-> INSTALLED RELION YOURSELF: if you e.g. specified -DCUDA_ARCH=50
	   and are trying ot run on a compute 3.5 GPU (-DCUDA_ARCH=3.5), or 
	   a similar mismatch on AMD or Intel GPUs, this may happen.

	-> HAVE MULTIPLE GPUS OF DIFFERNT VERSIONS: relion needs at least NVIDIA 
	   GPUs with compute 5.0 or AMD MI GPUs with archtiecture gfx906. 
	   You may be trying to use a GPU architectures older than these. 
	   If you have multiple generations, try specifying --gpu <X>
	   with X=0. Then try X=1 in a new run, and so on. The numbering of
	   GPUs may not be obvious from the driver or intuition. For a list
	   of NVIDIA and AMD GPU compute generations and architectures, see 

	   en.wikipedia.org/wiki/CUDA#Version_features_and_specifications and 
	   docs.amd.com/bundle/Hardware_and_Software_Reference_Guide/page/Hardware_and_Software_Support.html

	-> ARE USING DOUBLE-PRECISION GPU CODE: relion has been written so
	   as to not require this, and may thus have unforeseen requirements
	   when run in this mode. If you think it is nonetheless necessary,
	   please consult the developers with this error.

If this occurred at the middle or end of a run, it might be that

	-> YOUR DATA OR PARAMETERS WERE UNEXPECTED: execution on GPUs is 
	   subject to many restrictions, and relion is written to work within
	   common restraints. If you have exotic data or settings, unexpected
	   configurations may occur. See also above point regarding 
	   double precision.
If none of the above applies, please report the error to the relion
developers at github.com/3dem/relion/issues.
ERROR: out of memory in /home/alex/mc-pr115-ownership-20260929/src/src/acc/cuda/cuda_alignpatch.cu at line 349 (error-code 2)
cudaMalloc               30   host staging alignment             threw RelionError      0       intact   
in: /home/alex/mc-pr115-ownership-20260929/src/src/acc/cuda/cuda_settings.h, line 65
ERROR: 

A GPU-function failed to execute.

 If this occured at the start of a run, you might have GPUs which
are incompatible with either the data or your installation of relion.
If you 

	-> INSTALLED RELION YOURSELF: if you e.g. specified -DCUDA_ARCH=50
	   and are trying ot run on a compute 3.5 GPU (-DCUDA_ARCH=3.5), or 
	   a similar mismatch on AMD or Intel GPUs, this may happen.

	-> HAVE MULTIPLE GPUS OF DIFFERNT VERSIONS: relion needs at least NVIDIA 
	   GPUs with compute 5.0 or AMD MI GPUs with archtiecture gfx906. 
	   You may be trying to use a GPU architectures older than these. 
	   If you have multiple generations, try specifying --gpu <X>
	   with X=0. Then try X=1 in a new run, and so on. The numbering of
	   GPUs may not be obvious from the driver or intuition. For a list
	   of NVIDIA and AMD GPU compute generations and architectures, see 

	   en.wikipedia.org/wiki/CUDA#Version_features_and_specifications and 
	   docs.amd.com/bundle/Hardware_and_Software_Reference_Guide/page/Hardware_and_Software_Support.html

	-> ARE USING DOUBLE-PRECISION GPU CODE: relion has been written so
	   as to not require this, and may thus have unforeseen requirements
	   when run in this mode. If you think it is nonetheless necessary,
	   please consult the developers with this error.

If this occurred at the middle or end of a run, it might be that

	-> YOUR DATA OR PARAMETERS WERE UNEXPECTED: execution on GPUs is 
	   subject to many restrictions, and relion is written to work within
	   common restraints. If you have exotic data or settings, unexpected
	   configurations may occur. See also above point regarding 
	   double precision.
If none of the above applies, please report the error to the relion
developers at github.com/3dem/relion/issues.
ERROR: out of memory in /home/alex/mc-pr115-ownership-20260929/src/src/acc/cuda/cuda_alignpatch.cu at line 351 (error-code 2)
cudaMalloc               31   host staging alignment             threw RelionError      0       intact   
in: /home/alex/mc-pr115-ownership-20260929/src/src/acc/cuda/cuda_settings.h, line 65
ERROR: 

A GPU-function failed to execute.

 If this occured at the start of a run, you might have GPUs which
are incompatible with either the data or your installation of relion.
If you 

	-> INSTALLED RELION YOURSELF: if you e.g. specified -DCUDA_ARCH=50
	   and are trying ot run on a compute 3.5 GPU (-DCUDA_ARCH=3.5), or 
	   a similar mismatch on AMD or Intel GPUs, this may happen.

	-> HAVE MULTIPLE GPUS OF DIFFERNT VERSIONS: relion needs at least NVIDIA 
	   GPUs with compute 5.0 or AMD MI GPUs with archtiecture gfx906. 
	   You may be trying to use a GPU architectures older than these. 
	   If you have multiple generations, try specifying --gpu <X>
	   with X=0. Then try X=1 in a new run, and so on. The numbering of
	   GPUs may not be obvious from the driver or intuition. For a list
	   of NVIDIA and AMD GPU compute generations and architectures, see 

	   en.wikipedia.org/wiki/CUDA#Version_features_and_specifications and 
	   docs.amd.com/bundle/Hardware_and_Software_Reference_Guide/page/Hardware_and_Software_Support.html

	-> ARE USING DOUBLE-PRECISION GPU CODE: relion has been written so
	   as to not require this, and may thus have unforeseen requirements
	   when run in this mode. If you think it is nonetheless necessary,
	   please consult the developers with this error.

If this occurred at the middle or end of a run, it might be that

	-> YOUR DATA OR PARAMETERS WERE UNEXPECTED: execution on GPUs is 
	   subject to many restrictions, and relion is written to work within
	   common restraints. If you have exotic data or settings, unexpected
	   configurations may occur. See also above point regarding 
	   double precision.
If none of the above applies, please report the error to the relion
developers at github.com/3dem/relion/issues.
ERROR: out of memory in /home/alex/mc-pr115-ownership-20260929/src/src/acc/cuda/cuda_alignpatch.cu at line 337 (error-code 2)
cudaMalloc               32   host staging alignment             threw RelionError      0       intact   
cudaMalloc               33   unweighted reconstruction          returned false         0       intact   
cudaMalloc               34   unweighted reconstruction          returned false         0       intact   
cudaMalloc               35   unweighted reconstruction          returned false         0       intact   
cudaMalloc               36   patch scratch allocation           returned false         0       intact   
cudaMalloc               37   small patch cache                  returned false         0       intact   
cudaMalloc               38   small patch cache                  returned false         0       intact   
cudaMalloc               39   small patch cache                  returned false         0       intact   
cudaMalloc               40   patch preparation                  returned false         0       intact   
cudaMalloc               41   patch preparation                  returned false         1       intact     <-- FAIL: leaked owned resources
cudaMalloc               42   gain and unaligned sum             returned false         0       intact     <-- FAIL: site not reached
in: /home/alex/mc-pr115-ownership-20260929/src/src/acc/cuda/cuda_settings.h, line 65
ERROR: 

A GPU-function failed to execute.

 If this occured at the start of a run, you might have GPUs which
are incompatible with either the data or your installation of relion.
If you 

	-> INSTALLED RELION YOURSELF: if you e.g. specified -DCUDA_ARCH=50
	   and are trying ot run on a compute 3.5 GPU (-DCUDA_ARCH=3.5), or 
	   a similar mismatch on AMD or Intel GPUs, this may happen.

	-> HAVE MULTIPLE GPUS OF DIFFERNT VERSIONS: relion needs at least NVIDIA 
	   GPUs with compute 5.0 or AMD MI GPUs with archtiecture gfx906. 
	   You may be trying to use a GPU architectures older than these. 
	   If you have multiple generations, try specifying --gpu <X>
	   with X=0. Then try X=1 in a new run, and so on. The numbering of
	   GPUs may not be obvious from the driver or intuition. For a list
	   of NVIDIA and AMD GPU compute generations and architectures, see 

	   en.wikipedia.org/wiki/CUDA#Version_features_and_specifications and 
	   docs.amd.com/bundle/Hardware_and_Software_Reference_Guide/page/Hardware_and_Software_Support.html

	-> ARE USING DOUBLE-PRECISION GPU CODE: relion has been written so
	   as to not require this, and may thus have unforeseen requirements
	   when run in this mode. If you think it is nonetheless necessary,
	   please consult the developers with this error.

If this occurred at the middle or end of a run, it might be that

	-> YOUR DATA OR PARAMETERS WERE UNEXPECTED: execution on GPUs is 
	   subject to many restrictions, and relion is written to work within
	   common restraints. If you have exotic data or settings, unexpected
	   configurations may occur. See also above point regarding 
	   double precision.
If none of the above applies, please report the error to the relion
developers at github.com/3dem/relion/issues.
ERROR: out of memory in /home/alex/mc-pr115-ownership-20260929/src/src/acc/cuda/cuda_alignpatch.cu at line 339 (error-code 2)
cudaMalloc               43   patch alignment                    threw RelionError      0       intact   
in: /home/alex/mc-pr115-ownership-20260929/src/src/acc/cuda/cuda_settings.h, line 65
ERROR: 

A GPU-function failed to execute.

 If this occured at the start of a run, you might have GPUs which
are incompatible with either the data or your installation of relion.
If you 

	-> INSTALLED RELION YOURSELF: if you e.g. specified -DCUDA_ARCH=50
	   and are trying ot run on a compute 3.5 GPU (-DCUDA_ARCH=3.5), or 
	   a similar mismatch on AMD or Intel GPUs, this may happen.

	-> HAVE MULTIPLE GPUS OF DIFFERNT VERSIONS: relion needs at least NVIDIA 
	   GPUs with compute 5.0 or AMD MI GPUs with archtiecture gfx906. 
	   You may be trying to use a GPU architectures older than these. 
	   If you have multiple generations, try specifying --gpu <X>
	   with X=0. Then try X=1 in a new run, and so on. The numbering of
	   GPUs may not be obvious from the driver or intuition. For a list
	   of NVIDIA and AMD GPU compute generations and architectures, see 

	   en.wikipedia.org/wiki/CUDA#Version_features_and_specifications and 
	   docs.amd.com/bundle/Hardware_and_Software_Reference_Guide/page/Hardware_and_Software_Support.html

	-> ARE USING DOUBLE-PRECISION GPU CODE: relion has been written so
	   as to not require this, and may thus have unforeseen requirements
	   when run in this mode. If you think it is nonetheless necessary,
	   please consult the developers with this error.

If this occurred at the middle or end of a run, it might be that

	-> YOUR DATA OR PARAMETERS WERE UNEXPECTED: execution on GPUs is 
	   subject to many restrictions, and relion is written to work within
	   common restraints. If you have exotic data or settings, unexpected
	   configurations may occur. See also above point regarding 
	   double precision.
If none of the above applies, please report the error to the relion
developers at github.com/3dem/relion/issues.
ERROR: out of memory in /home/alex/mc-pr115-ownership-20260929/src/src/acc/cuda/cuda_alignpatch.cu at line 341 (error-code 2)
cudaMalloc               44   patch alignment                    threw RelionError      0       intact   
in: /home/alex/mc-pr115-ownership-20260929/src/src/acc/cuda/cuda_settings.h, line 65
ERROR: 

A GPU-function failed to execute.

 If this occured at the start of a run, you might have GPUs which
are incompatible with either the data or your installation of relion.
If you 

	-> INSTALLED RELION YOURSELF: if you e.g. specified -DCUDA_ARCH=50
	   and are trying ot run on a compute 3.5 GPU (-DCUDA_ARCH=3.5), or 
	   a similar mismatch on AMD or Intel GPUs, this may happen.

	-> HAVE MULTIPLE GPUS OF DIFFERNT VERSIONS: relion needs at least NVIDIA 
	   GPUs with compute 5.0 or AMD MI GPUs with archtiecture gfx906. 
	   You may be trying to use a GPU architectures older than these. 
	   If you have multiple generations, try specifying --gpu <X>
	   with X=0. Then try X=1 in a new run, and so on. The numbering of
	   GPUs may not be obvious from the driver or intuition. For a list
	   of NVIDIA and AMD GPU compute generations and architectures, see 

	   en.wikipedia.org/wiki/CUDA#Version_features_and_specifications and 
	   docs.amd.com/bundle/Hardware_and_Software_Reference_Guide/page/Hardware_and_Software_Support.html

	-> ARE USING DOUBLE-PRECISION GPU CODE: relion has been written so
	   as to not require this, and may thus have unforeseen requirements
	   when run in this mode. If you think it is nonetheless necessary,
	   please consult the developers with this error.

If this occurred at the middle or end of a run, it might be that

	-> YOUR DATA OR PARAMETERS WERE UNEXPECTED: execution on GPUs is 
	   subject to many restrictions, and relion is written to work within
	   common restraints. If you have exotic data or settings, unexpected
	   configurations may occur. See also above point regarding 
	   double precision.
If none of the above applies, please report the error to the relion
developers at github.com/3dem/relion/issues.
ERROR: out of memory in /home/alex/mc-pr115-ownership-20260929/src/src/acc/cuda/cuda_alignpatch.cu at line 343 (error-code 2)
cudaMalloc               45   patch alignment                    threw RelionError      0       intact   
in: /home/alex/mc-pr115-ownership-20260929/src/src/acc/cuda/cuda_settings.h, line 65
ERROR: 

A GPU-function failed to execute.

 If this occured at the start of a run, you might have GPUs which
are incompatible with either the data or your installation of relion.
If you 

	-> INSTALLED RELION YOURSELF: if you e.g. specified -DCUDA_ARCH=50
	   and are trying ot run on a compute 3.5 GPU (-DCUDA_ARCH=3.5), or 
	   a similar mismatch on AMD or Intel GPUs, this may happen.

	-> HAVE MULTIPLE GPUS OF DIFFERNT VERSIONS: relion needs at least NVIDIA 
	   GPUs with compute 5.0 or AMD MI GPUs with archtiecture gfx906. 
	   You may be trying to use a GPU architectures older than these. 
	   If you have multiple generations, try specifying --gpu <X>
	   with X=0. Then try X=1 in a new run, and so on. The numbering of
	   GPUs may not be obvious from the driver or intuition. For a list
	   of NVIDIA and AMD GPU compute generations and architectures, see 

	   en.wikipedia.org/wiki/CUDA#Version_features_and_specifications and 
	   docs.amd.com/bundle/Hardware_and_Software_Reference_Guide/page/Hardware_and_Software_Support.html

	-> ARE USING DOUBLE-PRECISION GPU CODE: relion has been written so
	   as to not require this, and may thus have unforeseen requirements
	   when run in this mode. If you think it is nonetheless necessary,
	   please consult the developers with this error.

If this occurred at the middle or end of a run, it might be that

	-> YOUR DATA OR PARAMETERS WERE UNEXPECTED: execution on GPUs is 
	   subject to many restrictions, and relion is written to work within
	   common restraints. If you have exotic data or settings, unexpected
	   configurations may occur. See also above point regarding 
	   double precision.
If none of the above applies, please report the error to the relion
developers at github.com/3dem/relion/issues.
ERROR: out of memory in /home/alex/mc-pr115-ownership-20260929/src/src/acc/cuda/cuda_alignpatch.cu at line 345 (error-code 2)
cudaMalloc               46   patch alignment                    threw RelionError      0       intact   
in: /home/alex/mc-pr115-ownership-20260929/src/src/acc/cuda/cuda_settings.h, line 65
ERROR: 

A GPU-function failed to execute.

 If this occured at the start of a run, you might have GPUs which
are incompatible with either the data or your installation of relion.
If you 

	-> INSTALLED RELION YOURSELF: if you e.g. specified -DCUDA_ARCH=50
	   and are trying ot run on a compute 3.5 GPU (-DCUDA_ARCH=3.5), or 
	   a similar mismatch on AMD or Intel GPUs, this may happen.

	-> HAVE MULTIPLE GPUS OF DIFFERNT VERSIONS: relion needs at least NVIDIA 
	   GPUs with compute 5.0 or AMD MI GPUs with archtiecture gfx906. 
	   You may be trying to use a GPU architectures older than these. 
	   If you have multiple generations, try specifying --gpu <X>
	   with X=0. Then try X=1 in a new run, and so on. The numbering of
	   GPUs may not be obvious from the driver or intuition. For a list
	   of NVIDIA and AMD GPU compute generations and architectures, see 

	   en.wikipedia.org/wiki/CUDA#Version_features_and_specifications and 
	   docs.amd.com/bundle/Hardware_and_Software_Reference_Guide/page/Hardware_and_Software_Support.html

	-> ARE USING DOUBLE-PRECISION GPU CODE: relion has been written so
	   as to not require this, and may thus have unforeseen requirements
	   when run in this mode. If you think it is nonetheless necessary,
	   please consult the developers with this error.

If this occurred at the middle or end of a run, it might be that

	-> YOUR DATA OR PARAMETERS WERE UNEXPECTED: execution on GPUs is 
	   subject to many restrictions, and relion is written to work within
	   common restraints. If you have exotic data or settings, unexpected
	   configurations may occur. See also above point regarding 
	   double precision.
If none of the above applies, please report the error to the relion
developers at github.com/3dem/relion/issues.
ERROR: out of memory in /home/alex/mc-pr115-ownership-20260929/src/src/acc/cuda/cuda_alignpatch.cu at line 347 (error-code 2)
cudaMalloc               47   patch alignment                    threw RelionError      0       intact   
in: /home/alex/mc-pr115-ownership-20260929/src/src/acc/cuda/cuda_settings.h, line 65
ERROR: 

A GPU-function failed to execute.

 If this occured at the start of a run, you might have GPUs which
are incompatible with either the data or your installation of relion.
If you 

	-> INSTALLED RELION YOURSELF: if you e.g. specified -DCUDA_ARCH=50
	   and are trying ot run on a compute 3.5 GPU (-DCUDA_ARCH=3.5), or 
	   a similar mismatch on AMD or Intel GPUs, this may happen.

	-> HAVE MULTIPLE GPUS OF DIFFERNT VERSIONS: relion needs at least NVIDIA 
	   GPUs with compute 5.0 or AMD MI GPUs with archtiecture gfx906. 
	   You may be trying to use a GPU architectures older than these. 
	   If you have multiple generations, try specifying --gpu <X>
	   with X=0. Then try X=1 in a new run, and so on. The numbering of
	   GPUs may not be obvious from the driver or intuition. For a list
	   of NVIDIA and AMD GPU compute generations and architectures, see 

	   en.wikipedia.org/wiki/CUDA#Version_features_and_specifications and 
	   docs.amd.com/bundle/Hardware_and_Software_Reference_Guide/page/Hardware_and_Software_Support.html

	-> ARE USING DOUBLE-PRECISION GPU CODE: relion has been written so
	   as to not require this, and may thus have unforeseen requirements
	   when run in this mode. If you think it is nonetheless necessary,
	   please consult the developers with this error.

If this occurred at the middle or end of a run, it might be that

	-> YOUR DATA OR PARAMETERS WERE UNEXPECTED: execution on GPUs is 
	   subject to many restrictions, and relion is written to work within
	   common restraints. If you have exotic data or settings, unexpected
	   configurations may occur. See also above point regarding 
	   double precision.
If none of the above applies, please report the error to the relion
developers at github.com/3dem/relion/issues.
ERROR: out of memory in /home/alex/mc-pr115-ownership-20260929/src/src/acc/cuda/cuda_alignpatch.cu at line 349 (error-code 2)
cudaMalloc               48   patch alignment                    threw RelionError      0       intact   
in: /home/alex/mc-pr115-ownership-20260929/src/src/acc/cuda/cuda_settings.h, line 65
ERROR: 

A GPU-function failed to execute.

 If this occured at the start of a run, you might have GPUs which
are incompatible with either the data or your installation of relion.
If you 

	-> INSTALLED RELION YOURSELF: if you e.g. specified -DCUDA_ARCH=50
	   and are trying ot run on a compute 3.5 GPU (-DCUDA_ARCH=3.5), or 
	   a similar mismatch on AMD or Intel GPUs, this may happen.

	-> HAVE MULTIPLE GPUS OF DIFFERNT VERSIONS: relion needs at least NVIDIA 
	   GPUs with compute 5.0 or AMD MI GPUs with archtiecture gfx906. 
	   You may be trying to use a GPU architectures older than these. 
	   If you have multiple generations, try specifying --gpu <X>
	   with X=0. Then try X=1 in a new run, and so on. The numbering of
	   GPUs may not be obvious from the driver or intuition. For a list
	   of NVIDIA and AMD GPU compute generations and architectures, see 

	   en.wikipedia.org/wiki/CUDA#Version_features_and_specifications and 
	   docs.amd.com/bundle/Hardware_and_Software_Reference_Guide/page/Hardware_and_Software_Support.html

	-> ARE USING DOUBLE-PRECISION GPU CODE: relion has been written so
	   as to not require this, and may thus have unforeseen requirements
	   when run in this mode. If you think it is nonetheless necessary,
	   please consult the developers with this error.

If this occurred at the middle or end of a run, it might be that

	-> YOUR DATA OR PARAMETERS WERE UNEXPECTED: execution on GPUs is 
	   subject to many restrictions, and relion is written to work within
	   common restraints. If you have exotic data or settings, unexpected
	   configurations may occur. See also above point regarding 
	   double precision.
If none of the above applies, please report the error to the relion
developers at github.com/3dem/relion/issues.
ERROR: out of memory in /home/alex/mc-pr115-ownership-20260929/src/src/acc/cuda/cuda_alignpatch.cu at line 351 (error-code 2)
cudaMalloc               49   patch alignment                    threw RelionError      0       intact   
in: /home/alex/mc-pr115-ownership-20260929/src/src/acc/cuda/cuda_settings.h, line 65
ERROR: 

A GPU-function failed to execute.

 If this occured at the start of a run, you might have GPUs which
are incompatible with either the data or your installation of relion.
If you 

	-> INSTALLED RELION YOURSELF: if you e.g. specified -DCUDA_ARCH=50
	   and are trying ot run on a compute 3.5 GPU (-DCUDA_ARCH=3.5), or 
	   a similar mismatch on AMD or Intel GPUs, this may happen.

	-> HAVE MULTIPLE GPUS OF DIFFERNT VERSIONS: relion needs at least NVIDIA 
	   GPUs with compute 5.0 or AMD MI GPUs with archtiecture gfx906. 
	   You may be trying to use a GPU architectures older than these. 
	   If you have multiple generations, try specifying --gpu <X>
	   with X=0. Then try X=1 in a new run, and so on. The numbering of
	   GPUs may not be obvious from the driver or intuition. For a list
	   of NVIDIA and AMD GPU compute generations and architectures, see 

	   en.wikipedia.org/wiki/CUDA#Version_features_and_specifications and 
	   docs.amd.com/bundle/Hardware_and_Software_Reference_Guide/page/Hardware_and_Software_Support.html

	-> ARE USING DOUBLE-PRECISION GPU CODE: relion has been written so
	   as to not require this, and may thus have unforeseen requirements
	   when run in this mode. If you think it is nonetheless necessary,
	   please consult the developers with this error.

If this occurred at the middle or end of a run, it might be that

	-> YOUR DATA OR PARAMETERS WERE UNEXPECTED: execution on GPUs is 
	   subject to many restrictions, and relion is written to work within
	   common restraints. If you have exotic data or settings, unexpected
	   configurations may occur. See also above point regarding 
	   double precision.
If none of the above applies, please report the error to the relion
developers at github.com/3dem/relion/issues.
ERROR: invalid argument in /home/alex/mc-pr115-ownership-20260929/src/src/acc/cuda/cuda_alignpatch.cu at line 510 (error-code 1)
cudaMalloc               50   patch alignment                    threw RelionError      0       intact   
cudaMalloc               51   dose-weighted reconstruction       returned false         0       intact   
cudaMalloc               52   dose-weighted reconstruction       returned false         0       intact   
cudaMalloc               53   dose-weighted reconstruction       returned false         0       intact   
cudaMalloc               54   dose-weighted reconstruction       returned false         0       intact   
cudaFree (after release) 1    reduce unaligned sum               returned false         0       intact   
cudaFree (after release) 2    reduce unaligned sum               returned false         0       intact   
cudaFree (after release) 3    reduce unaligned sumsqdev          returned false         0       intact   
cudaFree (after release) 4    reduce unaligned sumsqdev          returned false         0       intact   
cudaFree (after release) 5    collect above threshold            returned false         0       intact   
cudaFree (after release) 6    collect above threshold            returned false         0       intact   
cudaFree (after release) 7    update defect pixels               returned false         0       intact   
cudaFree (after release) 8    update defect pixels               returned false         0       intact   
cudaFree (after release) 9    update defect pixels               returned false         0       intact   
cudaFree (after release) 10   release preprocessing buffers      returned false         0       intact   
cudaFree (after release) 11   release preprocessing buffers      returned false         0       intact   
in: /home/alex/mc-pr115-ownership-20260929/src/src/acc/cuda/cuda_settings.h, line 65
ERROR: 

A GPU-function failed to execute.

 If this occured at the start of a run, you might have GPUs which
are incompatible with either the data or your installation of relion.
If you 

	-> INSTALLED RELION YOURSELF: if you e.g. specified -DCUDA_ARCH=50
	   and are trying ot run on a compute 3.5 GPU (-DCUDA_ARCH=3.5), or 
	   a similar mismatch on AMD or Intel GPUs, this may happen.

	-> HAVE MULTIPLE GPUS OF DIFFERNT VERSIONS: relion needs at least NVIDIA 
	   GPUs with compute 5.0 or AMD MI GPUs with archtiecture gfx906. 
	   You may be trying to use a GPU architectures older than these. 
	   If you have multiple generations, try specifying --gpu <X>
	   with X=0. Then try X=1 in a new run, and so on. The numbering of
	   GPUs may not be obvious from the driver or intuition. For a list
	   of NVIDIA and AMD GPU compute generations and architectures, see 

	   en.wikipedia.org/wiki/CUDA#Version_features_and_specifications and 
	   docs.amd.com/bundle/Hardware_and_Software_Reference_Guide/page/Hardware_and_Software_Support.html

	-> ARE USING DOUBLE-PRECISION GPU CODE: relion has been written so
	   as to not require this, and may thus have unforeseen requirements
	   when run in this mode. If you think it is nonetheless necessary,
	   please consult the developers with this error.

If this occurred at the middle or end of a run, it might be that

	-> YOUR DATA OR PARAMETERS WERE UNEXPECTED: execution on GPUs is 
	   subject to many restrictions, and relion is written to work within
	   common restraints. If you have exotic data or settings, unexpected
	   configurations may occur. See also above point regarding 
	   double precision.
If none of the above applies, please report the error to the relion
developers at github.com/3dem/relion/issues.
ERROR: invalid argument in /home/alex/mc-pr115-ownership-20260929/src/src/acc/cuda/cuda_alignpatch.cu at line 510 (error-code 1)
cudaFree (after release) 12   global alignment                   threw RelionError      0       intact   
in: /home/alex/mc-pr115-ownership-20260929/src/src/acc/cuda/cuda_settings.h, line 65
ERROR: 

A GPU-function failed to execute.

 If this occured at the start of a run, you might have GPUs which
are incompatible with either the data or your installation of relion.
If you 

	-> INSTALLED RELION YOURSELF: if you e.g. specified -DCUDA_ARCH=50
	   and are trying ot run on a compute 3.5 GPU (-DCUDA_ARCH=3.5), or 
	   a similar mismatch on AMD or Intel GPUs, this may happen.

	-> HAVE MULTIPLE GPUS OF DIFFERNT VERSIONS: relion needs at least NVIDIA 
	   GPUs with compute 5.0 or AMD MI GPUs with archtiecture gfx906. 
	   You may be trying to use a GPU architectures older than these. 
	   If you have multiple generations, try specifying --gpu <X>
	   with X=0. Then try X=1 in a new run, and so on. The numbering of
	   GPUs may not be obvious from the driver or intuition. For a list
	   of NVIDIA and AMD GPU compute generations and architectures, see 

	   en.wikipedia.org/wiki/CUDA#Version_features_and_specifications and 
	   docs.amd.com/bundle/Hardware_and_Software_Reference_Guide/page/Hardware_and_Software_Support.html

	-> ARE USING DOUBLE-PRECISION GPU CODE: relion has been written so
	   as to not require this, and may thus have unforeseen requirements
	   when run in this mode. If you think it is nonetheless necessary,
	   please consult the developers with this error.

If this occurred at the middle or end of a run, it might be that

	-> YOUR DATA OR PARAMETERS WERE UNEXPECTED: execution on GPUs is 
	   subject to many restrictions, and relion is written to work within
	   common restraints. If you have exotic data or settings, unexpected
	   configurations may occur. See also above point regarding 
	   double precision.
If none of the above applies, please report the error to the relion
developers at github.com/3dem/relion/issues.
ERROR: invalid argument in /home/alex/mc-pr115-ownership-20260929/src/src/acc/cuda/cuda_alignpatch.cu at line 510 (error-code 1)
cudaFree (after release) 13   global alignment                   threw RelionError      0       intact   
in: /home/alex/mc-pr115-ownership-20260929/src/src/acc/cuda/cuda_settings.h, line 65
ERROR: 

A GPU-function failed to execute.

 If this occured at the start of a run, you might have GPUs which
are incompatible with either the data or your installation of relion.
If you 

	-> INSTALLED RELION YOURSELF: if you e.g. specified -DCUDA_ARCH=50
	   and are trying ot run on a compute 3.5 GPU (-DCUDA_ARCH=3.5), or 
	   a similar mismatch on AMD or Intel GPUs, this may happen.

	-> HAVE MULTIPLE GPUS OF DIFFERNT VERSIONS: relion needs at least NVIDIA 
	   GPUs with compute 5.0 or AMD MI GPUs with archtiecture gfx906. 
	   You may be trying to use a GPU architectures older than these. 
	   If you have multiple generations, try specifying --gpu <X>
	   with X=0. Then try X=1 in a new run, and so on. The numbering of
	   GPUs may not be obvious from the driver or intuition. For a list
	   of NVIDIA and AMD GPU compute generations and architectures, see 

	   en.wikipedia.org/wiki/CUDA#Version_features_and_specifications and 
	   docs.amd.com/bundle/Hardware_and_Software_Reference_Guide/page/Hardware_and_Software_Support.html

	-> ARE USING DOUBLE-PRECISION GPU CODE: relion has been written so
	   as to not require this, and may thus have unforeseen requirements
	   when run in this mode. If you think it is nonetheless necessary,
	   please consult the developers with this error.

If this occurred at the middle or end of a run, it might be that

	-> YOUR DATA OR PARAMETERS WERE UNEXPECTED: execution on GPUs is 
	   subject to many restrictions, and relion is written to work within
	   common restraints. If you have exotic data or settings, unexpected
	   configurations may occur. See also above point regarding 
	   double precision.
If none of the above applies, please report the error to the relion
developers at github.com/3dem/relion/issues.
ERROR: invalid argument in /home/alex/mc-pr115-ownership-20260929/src/src/acc/cuda/cuda_alignpatch.cu at line 510 (error-code 1)
cudaFree (after release) 14   global alignment                   threw RelionError      0       intact   
in: /home/alex/mc-pr115-ownership-20260929/src/src/acc/cuda/cuda_settings.h, line 65
ERROR: 

A GPU-function failed to execute.

 If this occured at the start of a run, you might have GPUs which
are incompatible with either the data or your installation of relion.
If you 

	-> INSTALLED RELION YOURSELF: if you e.g. specified -DCUDA_ARCH=50
	   and are trying ot run on a compute 3.5 GPU (-DCUDA_ARCH=3.5), or 
	   a similar mismatch on AMD or Intel GPUs, this may happen.

	-> HAVE MULTIPLE GPUS OF DIFFERNT VERSIONS: relion needs at least NVIDIA 
	   GPUs with compute 5.0 or AMD MI GPUs with archtiecture gfx906. 
	   You may be trying to use a GPU architectures older than these. 
	   If you have multiple generations, try specifying --gpu <X>
	   with X=0. Then try X=1 in a new run, and so on. The numbering of
	   GPUs may not be obvious from the driver or intuition. For a list
	   of NVIDIA and AMD GPU compute generations and architectures, see 

	   en.wikipedia.org/wiki/CUDA#Version_features_and_specifications and 
	   docs.amd.com/bundle/Hardware_and_Software_Reference_Guide/page/Hardware_and_Software_Support.html

	-> ARE USING DOUBLE-PRECISION GPU CODE: relion has been written so
	   as to not require this, and may thus have unforeseen requirements
	   when run in this mode. If you think it is nonetheless necessary,
	   please consult the developers with this error.

If this occurred at the middle or end of a run, it might be that

	-> YOUR DATA OR PARAMETERS WERE UNEXPECTED: execution on GPUs is 
	   subject to many restrictions, and relion is written to work within
	   common restraints. If you have exotic data or settings, unexpected
	   configurations may occur. See also above point regarding 
	   double precision.
If none of the above applies, please report the error to the relion
developers at github.com/3dem/relion/issues.
ERROR: invalid argument in /home/alex/mc-pr115-ownership-20260929/src/src/acc/cuda/cuda_alignpatch.cu at line 510 (error-code 1)
cudaFree (after release) 15   global alignment                   threw RelionError      0       intact   
in: /home/alex/mc-pr115-ownership-20260929/src/src/acc/cuda/cuda_settings.h, line 65
ERROR: 

A GPU-function failed to execute.

 If this occured at the start of a run, you might have GPUs which
are incompatible with either the data or your installation of relion.
If you 

	-> INSTALLED RELION YOURSELF: if you e.g. specified -DCUDA_ARCH=50
	   and are trying ot run on a compute 3.5 GPU (-DCUDA_ARCH=3.5), or 
	   a similar mismatch on AMD or Intel GPUs, this may happen.

	-> HAVE MULTIPLE GPUS OF DIFFERNT VERSIONS: relion needs at least NVIDIA 
	   GPUs with compute 5.0 or AMD MI GPUs with archtiecture gfx906. 
	   You may be trying to use a GPU architectures older than these. 
	   If you have multiple generations, try specifying --gpu <X>
	   with X=0. Then try X=1 in a new run, and so on. The numbering of
	   GPUs may not be obvious from the driver or intuition. For a list
	   of NVIDIA and AMD GPU compute generations and architectures, see 

	   en.wikipedia.org/wiki/CUDA#Version_features_and_specifications and 
	   docs.amd.com/bundle/Hardware_and_Software_Reference_Guide/page/Hardware_and_Software_Support.html

	-> ARE USING DOUBLE-PRECISION GPU CODE: relion has been written so
	   as to not require this, and may thus have unforeseen requirements
	   when run in this mode. If you think it is nonetheless necessary,
	   please consult the developers with this error.

If this occurred at the middle or end of a run, it might be that

	-> YOUR DATA OR PARAMETERS WERE UNEXPECTED: execution on GPUs is 
	   subject to many restrictions, and relion is written to work within
	   common restraints. If you have exotic data or settings, unexpected
	   configurations may occur. See also above point regarding 
	   double precision.
If none of the above applies, please report the error to the relion
developers at github.com/3dem/relion/issues.
ERROR: invalid argument in /home/alex/mc-pr115-ownership-20260929/src/src/acc/cuda/cuda_alignpatch.cu at line 510 (error-code 1)
cudaFree (after release) 16   global alignment                   threw RelionError      0       intact   
in: /home/alex/mc-pr115-ownership-20260929/src/src/acc/cuda/cuda_settings.h, line 65
ERROR: 

A GPU-function failed to execute.

 If this occured at the start of a run, you might have GPUs which
are incompatible with either the data or your installation of relion.
If you 

	-> INSTALLED RELION YOURSELF: if you e.g. specified -DCUDA_ARCH=50
	   and are trying ot run on a compute 3.5 GPU (-DCUDA_ARCH=3.5), or 
	   a similar mismatch on AMD or Intel GPUs, this may happen.

	-> HAVE MULTIPLE GPUS OF DIFFERNT VERSIONS: relion needs at least NVIDIA 
	   GPUs with compute 5.0 or AMD MI GPUs with archtiecture gfx906. 
	   You may be trying to use a GPU architectures older than these. 
	   If you have multiple generations, try specifying --gpu <X>
	   with X=0. Then try X=1 in a new run, and so on. The numbering of
	   GPUs may not be obvious from the driver or intuition. For a list
	   of NVIDIA and AMD GPU compute generations and architectures, see 

	   en.wikipedia.org/wiki/CUDA#Version_features_and_specifications and 
	   docs.amd.com/bundle/Hardware_and_Software_Reference_Guide/page/Hardware_and_Software_Support.html

	-> ARE USING DOUBLE-PRECISION GPU CODE: relion has been written so
	   as to not require this, and may thus have unforeseen requirements
	   when run in this mode. If you think it is nonetheless necessary,
	   please consult the developers with this error.

If this occurred at the middle or end of a run, it might be that

	-> YOUR DATA OR PARAMETERS WERE UNEXPECTED: execution on GPUs is 
	   subject to many restrictions, and relion is written to work within
	   common restraints. If you have exotic data or settings, unexpected
	   configurations may occur. See also above point regarding 
	   double precision.
If none of the above applies, please report the error to the relion
developers at github.com/3dem/relion/issues.
ERROR: invalid argument in /home/alex/mc-pr115-ownership-20260929/src/src/acc/cuda/cuda_alignpatch.cu at line 510 (error-code 1)
cudaFree (after release) 17   global alignment                   threw RelionError      0       intact   
in: /home/alex/mc-pr115-ownership-20260929/src/src/acc/cuda/cuda_settings.h, line 65
ERROR: 

A GPU-function failed to execute.

 If this occured at the start of a run, you might have GPUs which
are incompatible with either the data or your installation of relion.
If you 

	-> INSTALLED RELION YOURSELF: if you e.g. specified -DCUDA_ARCH=50
	   and are trying ot run on a compute 3.5 GPU (-DCUDA_ARCH=3.5), or 
	   a similar mismatch on AMD or Intel GPUs, this may happen.

	-> HAVE MULTIPLE GPUS OF DIFFERNT VERSIONS: relion needs at least NVIDIA 
	   GPUs with compute 5.0 or AMD MI GPUs with archtiecture gfx906. 
	   You may be trying to use a GPU architectures older than these. 
	   If you have multiple generations, try specifying --gpu <X>
	   with X=0. Then try X=1 in a new run, and so on. The numbering of
	   GPUs may not be obvious from the driver or intuition. For a list
	   of NVIDIA and AMD GPU compute generations and architectures, see 

	   en.wikipedia.org/wiki/CUDA#Version_features_and_specifications and 
	   docs.amd.com/bundle/Hardware_and_Software_Reference_Guide/page/Hardware_and_Software_Support.html

	-> ARE USING DOUBLE-PRECISION GPU CODE: relion has been written so
	   as to not require this, and may thus have unforeseen requirements
	   when run in this mode. If you think it is nonetheless necessary,
	   please consult the developers with this error.

If this occurred at the middle or end of a run, it might be that

	-> YOUR DATA OR PARAMETERS WERE UNEXPECTED: execution on GPUs is 
	   subject to many restrictions, and relion is written to work within
	   common restraints. If you have exotic data or settings, unexpected
	   configurations may occur. See also above point regarding 
	   double precision.
If none of the above applies, please report the error to the relion
developers at github.com/3dem/relion/issues.
ERROR: invalid argument in /home/alex/mc-pr115-ownership-20260929/src/src/acc/cuda/cuda_alignpatch.cu at line 510 (error-code 1)
cudaFree (after release) 18   global alignment                   threw RelionError      0       intact   
in: /home/alex/mc-pr115-ownership-20260929/src/src/acc/cuda/cuda_settings.h, line 65
ERROR: 

A GPU-function failed to execute.

 If this occured at the start of a run, you might have GPUs which
are incompatible with either the data or your installation of relion.
If you 

	-> INSTALLED RELION YOURSELF: if you e.g. specified -DCUDA_ARCH=50
	   and are trying ot run on a compute 3.5 GPU (-DCUDA_ARCH=3.5), or 
	   a similar mismatch on AMD or Intel GPUs, this may happen.

	-> HAVE MULTIPLE GPUS OF DIFFERNT VERSIONS: relion needs at least NVIDIA 
	   GPUs with compute 5.0 or AMD MI GPUs with archtiecture gfx906. 
	   You may be trying to use a GPU architectures older than these. 
	   If you have multiple generations, try specifying --gpu <X>
	   with X=0. Then try X=1 in a new run, and so on. The numbering of
	   GPUs may not be obvious from the driver or intuition. For a list
	   of NVIDIA and AMD GPU compute generations and architectures, see 

	   en.wikipedia.org/wiki/CUDA#Version_features_and_specifications and 
	   docs.amd.com/bundle/Hardware_and_Software_Reference_Guide/page/Hardware_and_Software_Support.html

	-> ARE USING DOUBLE-PRECISION GPU CODE: relion has been written so
	   as to not require this, and may thus have unforeseen requirements
	   when run in this mode. If you think it is nonetheless necessary,
	   please consult the developers with this error.

If this occurred at the middle or end of a run, it might be that

	-> YOUR DATA OR PARAMETERS WERE UNEXPECTED: execution on GPUs is 
	   subject to many restrictions, and relion is written to work within
	   common restraints. If you have exotic data or settings, unexpected
	   configurations may occur. See also above point regarding 
	   double precision.
If none of the above applies, please report the error to the relion
developers at github.com/3dem/relion/issues.
ERROR: invalid argument in /home/alex/mc-pr115-ownership-20260929/src/src/acc/cuda/cuda_alignpatch.cu at line 510 (error-code 1)
cudaFree (after release) 19   global alignment                   threw RelionError      0       intact   
in: /home/alex/mc-pr115-ownership-20260929/src/src/acc/cuda/cuda_settings.h, line 65
ERROR: 

A GPU-function failed to execute.

 If this occured at the start of a run, you might have GPUs which
are incompatible with either the data or your installation of relion.
If you 

	-> INSTALLED RELION YOURSELF: if you e.g. specified -DCUDA_ARCH=50
	   and are trying ot run on a compute 3.5 GPU (-DCUDA_ARCH=3.5), or 
	   a similar mismatch on AMD or Intel GPUs, this may happen.

	-> HAVE MULTIPLE GPUS OF DIFFERNT VERSIONS: relion needs at least NVIDIA 
	   GPUs with compute 5.0 or AMD MI GPUs with archtiecture gfx906. 
	   You may be trying to use a GPU architectures older than these. 
	   If you have multiple generations, try specifying --gpu <X>
	   with X=0. Then try X=1 in a new run, and so on. The numbering of
	   GPUs may not be obvious from the driver or intuition. For a list
	   of NVIDIA and AMD GPU compute generations and architectures, see 

	   en.wikipedia.org/wiki/CUDA#Version_features_and_specifications and 
	   docs.amd.com/bundle/Hardware_and_Software_Reference_Guide/page/Hardware_and_Software_Support.html

	-> ARE USING DOUBLE-PRECISION GPU CODE: relion has been written so
	   as to not require this, and may thus have unforeseen requirements
	   when run in this mode. If you think it is nonetheless necessary,
	   please consult the developers with this error.

If this occurred at the middle or end of a run, it might be that

	-> YOUR DATA OR PARAMETERS WERE UNEXPECTED: execution on GPUs is 
	   subject to many restrictions, and relion is written to work within
	   common restraints. If you have exotic data or settings, unexpected
	   configurations may occur. See also above point regarding 
	   double precision.
If none of the above applies, please report the error to the relion
developers at github.com/3dem/relion/issues.
ERROR: invalid argument in /home/alex/mc-pr115-ownership-20260929/src/src/acc/cuda/cuda_alignpatch.cu at line 510 (error-code 1)
cudaFree (after release) 20   host staging alignment             threw RelionError      0       intact   
in: /home/alex/mc-pr115-ownership-20260929/src/src/acc/cuda/cuda_settings.h, line 65
ERROR: 

A GPU-function failed to execute.

 If this occured at the start of a run, you might have GPUs which
are incompatible with either the data or your installation of relion.
If you 

	-> INSTALLED RELION YOURSELF: if you e.g. specified -DCUDA_ARCH=50
	   and are trying ot run on a compute 3.5 GPU (-DCUDA_ARCH=3.5), or 
	   a similar mismatch on AMD or Intel GPUs, this may happen.

	-> HAVE MULTIPLE GPUS OF DIFFERNT VERSIONS: relion needs at least NVIDIA 
	   GPUs with compute 5.0 or AMD MI GPUs with archtiecture gfx906. 
	   You may be trying to use a GPU architectures older than these. 
	   If you have multiple generations, try specifying --gpu <X>
	   with X=0. Then try X=1 in a new run, and so on. The numbering of
	   GPUs may not be obvious from the driver or intuition. For a list
	   of NVIDIA and AMD GPU compute generations and architectures, see 

	   en.wikipedia.org/wiki/CUDA#Version_features_and_specifications and 
	   docs.amd.com/bundle/Hardware_and_Software_Reference_Guide/page/Hardware_and_Software_Support.html

	-> ARE USING DOUBLE-PRECISION GPU CODE: relion has been written so
	   as to not require this, and may thus have unforeseen requirements
	   when run in this mode. If you think it is nonetheless necessary,
	   please consult the developers with this error.

If this occurred at the middle or end of a run, it might be that

	-> YOUR DATA OR PARAMETERS WERE UNEXPECTED: execution on GPUs is 
	   subject to many restrictions, and relion is written to work within
	   common restraints. If you have exotic data or settings, unexpected
	   configurations may occur. See also above point regarding 
	   double precision.
If none of the above applies, please report the error to the relion
developers at github.com/3dem/relion/issues.
ERROR: invalid argument in /home/alex/mc-pr115-ownership-20260929/src/src/acc/cuda/cuda_alignpatch.cu at line 510 (error-code 1)
cudaFree (after release) 21   host staging alignment             threw RelionError      0       intact   
in: /home/alex/mc-pr115-ownership-20260929/src/src/acc/cuda/cuda_settings.h, line 65
ERROR: 

A GPU-function failed to execute.

 If this occured at the start of a run, you might have GPUs which
are incompatible with either the data or your installation of relion.
If you 

	-> INSTALLED RELION YOURSELF: if you e.g. specified -DCUDA_ARCH=50
	   and are trying ot run on a compute 3.5 GPU (-DCUDA_ARCH=3.5), or 
	   a similar mismatch on AMD or Intel GPUs, this may happen.

	-> HAVE MULTIPLE GPUS OF DIFFERNT VERSIONS: relion needs at least NVIDIA 
	   GPUs with compute 5.0 or AMD MI GPUs with archtiecture gfx906. 
	   You may be trying to use a GPU architectures older than these. 
	   If you have multiple generations, try specifying --gpu <X>
	   with X=0. Then try X=1 in a new run, and so on. The numbering of
	   GPUs may not be obvious from the driver or intuition. For a list
	   of NVIDIA and AMD GPU compute generations and architectures, see 

	   en.wikipedia.org/wiki/CUDA#Version_features_and_specifications and 
	   docs.amd.com/bundle/Hardware_and_Software_Reference_Guide/page/Hardware_and_Software_Support.html

	-> ARE USING DOUBLE-PRECISION GPU CODE: relion has been written so
	   as to not require this, and may thus have unforeseen requirements
	   when run in this mode. If you think it is nonetheless necessary,
	   please consult the developers with this error.

If this occurred at the middle or end of a run, it might be that

	-> YOUR DATA OR PARAMETERS WERE UNEXPECTED: execution on GPUs is 
	   subject to many restrictions, and relion is written to work within
	   common restraints. If you have exotic data or settings, unexpected
	   configurations may occur. See also above point regarding 
	   double precision.
If none of the above applies, please report the error to the relion
developers at github.com/3dem/relion/issues.
ERROR: invalid argument in /home/alex/mc-pr115-ownership-20260929/src/src/acc/cuda/cuda_alignpatch.cu at line 510 (error-code 1)
cudaFree (after release) 22   host staging alignment             threw RelionError      0       intact   
in: /home/alex/mc-pr115-ownership-20260929/src/src/acc/cuda/cuda_settings.h, line 65
ERROR: 

A GPU-function failed to execute.

 If this occured at the start of a run, you might have GPUs which
are incompatible with either the data or your installation of relion.
If you 

	-> INSTALLED RELION YOURSELF: if you e.g. specified -DCUDA_ARCH=50
	   and are trying ot run on a compute 3.5 GPU (-DCUDA_ARCH=3.5), or 
	   a similar mismatch on AMD or Intel GPUs, this may happen.

	-> HAVE MULTIPLE GPUS OF DIFFERNT VERSIONS: relion needs at least NVIDIA 
	   GPUs with compute 5.0 or AMD MI GPUs with archtiecture gfx906. 
	   You may be trying to use a GPU architectures older than these. 
	   If you have multiple generations, try specifying --gpu <X>
	   with X=0. Then try X=1 in a new run, and so on. The numbering of
	   GPUs may not be obvious from the driver or intuition. For a list
	   of NVIDIA and AMD GPU compute generations and architectures, see 

	   en.wikipedia.org/wiki/CUDA#Version_features_and_specifications and 
	   docs.amd.com/bundle/Hardware_and_Software_Reference_Guide/page/Hardware_and_Software_Support.html

	-> ARE USING DOUBLE-PRECISION GPU CODE: relion has been written so
	   as to not require this, and may thus have unforeseen requirements
	   when run in this mode. If you think it is nonetheless necessary,
	   please consult the developers with this error.

If this occurred at the middle or end of a run, it might be that

	-> YOUR DATA OR PARAMETERS WERE UNEXPECTED: execution on GPUs is 
	   subject to many restrictions, and relion is written to work within
	   common restraints. If you have exotic data or settings, unexpected
	   configurations may occur. See also above point regarding 
	   double precision.
If none of the above applies, please report the error to the relion
developers at github.com/3dem/relion/issues.
ERROR: invalid argument in /home/alex/mc-pr115-ownership-20260929/src/src/acc/cuda/cuda_alignpatch.cu at line 510 (error-code 1)
cudaFree (after release) 23   host staging alignment             threw RelionError      0       intact   
in: /home/alex/mc-pr115-ownership-20260929/src/src/acc/cuda/cuda_settings.h, line 65
ERROR: 

A GPU-function failed to execute.

 If this occured at the start of a run, you might have GPUs which
are incompatible with either the data or your installation of relion.
If you 

	-> INSTALLED RELION YOURSELF: if you e.g. specified -DCUDA_ARCH=50
	   and are trying ot run on a compute 3.5 GPU (-DCUDA_ARCH=3.5), or 
	   a similar mismatch on AMD or Intel GPUs, this may happen.

	-> HAVE MULTIPLE GPUS OF DIFFERNT VERSIONS: relion needs at least NVIDIA 
	   GPUs with compute 5.0 or AMD MI GPUs with archtiecture gfx906. 
	   You may be trying to use a GPU architectures older than these. 
	   If you have multiple generations, try specifying --gpu <X>
	   with X=0. Then try X=1 in a new run, and so on. The numbering of
	   GPUs may not be obvious from the driver or intuition. For a list
	   of NVIDIA and AMD GPU compute generations and architectures, see 

	   en.wikipedia.org/wiki/CUDA#Version_features_and_specifications and 
	   docs.amd.com/bundle/Hardware_and_Software_Reference_Guide/page/Hardware_and_Software_Support.html

	-> ARE USING DOUBLE-PRECISION GPU CODE: relion has been written so
	   as to not require this, and may thus have unforeseen requirements
	   when run in this mode. If you think it is nonetheless necessary,
	   please consult the developers with this error.

If this occurred at the middle or end of a run, it might be that

	-> YOUR DATA OR PARAMETERS WERE UNEXPECTED: execution on GPUs is 
	   subject to many restrictions, and relion is written to work within
	   common restraints. If you have exotic data or settings, unexpected
	   configurations may occur. See also above point regarding 
	   double precision.
If none of the above applies, please report the error to the relion
developers at github.com/3dem/relion/issues.
ERROR: invalid argument in /home/alex/mc-pr115-ownership-20260929/src/src/acc/cuda/cuda_alignpatch.cu at line 510 (error-code 1)
cudaFree (after release) 24   host staging alignment             threw RelionError      0       intact   
in: /home/alex/mc-pr115-ownership-20260929/src/src/acc/cuda/cuda_settings.h, line 65
ERROR: 

A GPU-function failed to execute.

 If this occured at the start of a run, you might have GPUs which
are incompatible with either the data or your installation of relion.
If you 

	-> INSTALLED RELION YOURSELF: if you e.g. specified -DCUDA_ARCH=50
	   and are trying ot run on a compute 3.5 GPU (-DCUDA_ARCH=3.5), or 
	   a similar mismatch on AMD or Intel GPUs, this may happen.

	-> HAVE MULTIPLE GPUS OF DIFFERNT VERSIONS: relion needs at least NVIDIA 
	   GPUs with compute 5.0 or AMD MI GPUs with archtiecture gfx906. 
	   You may be trying to use a GPU architectures older than these. 
	   If you have multiple generations, try specifying --gpu <X>
	   with X=0. Then try X=1 in a new run, and so on. The numbering of
	   GPUs may not be obvious from the driver or intuition. For a list
	   of NVIDIA and AMD GPU compute generations and architectures, see 

	   en.wikipedia.org/wiki/CUDA#Version_features_and_specifications and 
	   docs.amd.com/bundle/Hardware_and_Software_Reference_Guide/page/Hardware_and_Software_Support.html

	-> ARE USING DOUBLE-PRECISION GPU CODE: relion has been written so
	   as to not require this, and may thus have unforeseen requirements
	   when run in this mode. If you think it is nonetheless necessary,
	   please consult the developers with this error.

If this occurred at the middle or end of a run, it might be that

	-> YOUR DATA OR PARAMETERS WERE UNEXPECTED: execution on GPUs is 
	   subject to many restrictions, and relion is written to work within
	   common restraints. If you have exotic data or settings, unexpected
	   configurations may occur. See also above point regarding 
	   double precision.
If none of the above applies, please report the error to the relion
developers at github.com/3dem/relion/issues.
ERROR: invalid argument in /home/alex/mc-pr115-ownership-20260929/src/src/acc/cuda/cuda_alignpatch.cu at line 510 (error-code 1)
cudaFree (after release) 25   host staging alignment             threw RelionError      0       intact   
in: /home/alex/mc-pr115-ownership-20260929/src/src/acc/cuda/cuda_settings.h, line 65
ERROR: 

A GPU-function failed to execute.

 If this occured at the start of a run, you might have GPUs which
are incompatible with either the data or your installation of relion.
If you 

	-> INSTALLED RELION YOURSELF: if you e.g. specified -DCUDA_ARCH=50
	   and are trying ot run on a compute 3.5 GPU (-DCUDA_ARCH=3.5), or 
	   a similar mismatch on AMD or Intel GPUs, this may happen.

	-> HAVE MULTIPLE GPUS OF DIFFERNT VERSIONS: relion needs at least NVIDIA 
	   GPUs with compute 5.0 or AMD MI GPUs with archtiecture gfx906. 
	   You may be trying to use a GPU architectures older than these. 
	   If you have multiple generations, try specifying --gpu <X>
	   with X=0. Then try X=1 in a new run, and so on. The numbering of
	   GPUs may not be obvious from the driver or intuition. For a list
	   of NVIDIA and AMD GPU compute generations and architectures, see 

	   en.wikipedia.org/wiki/CUDA#Version_features_and_specifications and 
	   docs.amd.com/bundle/Hardware_and_Software_Reference_Guide/page/Hardware_and_Software_Support.html

	-> ARE USING DOUBLE-PRECISION GPU CODE: relion has been written so
	   as to not require this, and may thus have unforeseen requirements
	   when run in this mode. If you think it is nonetheless necessary,
	   please consult the developers with this error.

If this occurred at the middle or end of a run, it might be that

	-> YOUR DATA OR PARAMETERS WERE UNEXPECTED: execution on GPUs is 
	   subject to many restrictions, and relion is written to work within
	   common restraints. If you have exotic data or settings, unexpected
	   configurations may occur. See also above point regarding 
	   double precision.
If none of the above applies, please report the error to the relion
developers at github.com/3dem/relion/issues.
ERROR: invalid argument in /home/alex/mc-pr115-ownership-20260929/src/src/acc/cuda/cuda_alignpatch.cu at line 510 (error-code 1)
cudaFree (after release) 26   host staging alignment             threw RelionError      0       intact   
in: /home/alex/mc-pr115-ownership-20260929/src/src/acc/cuda/cuda_settings.h, line 65
ERROR: 

A GPU-function failed to execute.

 If this occured at the start of a run, you might have GPUs which
are incompatible with either the data or your installation of relion.
If you 

	-> INSTALLED RELION YOURSELF: if you e.g. specified -DCUDA_ARCH=50
	   and are trying ot run on a compute 3.5 GPU (-DCUDA_ARCH=3.5), or 
	   a similar mismatch on AMD or Intel GPUs, this may happen.

	-> HAVE MULTIPLE GPUS OF DIFFERNT VERSIONS: relion needs at least NVIDIA 
	   GPUs with compute 5.0 or AMD MI GPUs with archtiecture gfx906. 
	   You may be trying to use a GPU architectures older than these. 
	   If you have multiple generations, try specifying --gpu <X>
	   with X=0. Then try X=1 in a new run, and so on. The numbering of
	   GPUs may not be obvious from the driver or intuition. For a list
	   of NVIDIA and AMD GPU compute generations and architectures, see 

	   en.wikipedia.org/wiki/CUDA#Version_features_and_specifications and 
	   docs.amd.com/bundle/Hardware_and_Software_Reference_Guide/page/Hardware_and_Software_Support.html

	-> ARE USING DOUBLE-PRECISION GPU CODE: relion has been written so
	   as to not require this, and may thus have unforeseen requirements
	   when run in this mode. If you think it is nonetheless necessary,
	   please consult the developers with this error.

If this occurred at the middle or end of a run, it might be that

	-> YOUR DATA OR PARAMETERS WERE UNEXPECTED: execution on GPUs is 
	   subject to many restrictions, and relion is written to work within
	   common restraints. If you have exotic data or settings, unexpected
	   configurations may occur. See also above point regarding 
	   double precision.
If none of the above applies, please report the error to the relion
developers at github.com/3dem/relion/issues.
ERROR: invalid argument in /home/alex/mc-pr115-ownership-20260929/src/src/acc/cuda/cuda_alignpatch.cu at line 573 (error-code 1)
cudaFree (after release) 27   host staging alignment             threw RelionError      0       intact   
in: /home/alex/mc-pr115-ownership-20260929/src/src/acc/cuda/cuda_settings.h, line 65
ERROR: 

A GPU-function failed to execute.

 If this occured at the start of a run, you might have GPUs which
are incompatible with either the data or your installation of relion.
If you 

	-> INSTALLED RELION YOURSELF: if you e.g. specified -DCUDA_ARCH=50
	   and are trying ot run on a compute 3.5 GPU (-DCUDA_ARCH=3.5), or 
	   a similar mismatch on AMD or Intel GPUs, this may happen.

	-> HAVE MULTIPLE GPUS OF DIFFERNT VERSIONS: relion needs at least NVIDIA 
	   GPUs with compute 5.0 or AMD MI GPUs with archtiecture gfx906. 
	   You may be trying to use a GPU architectures older than these. 
	   If you have multiple generations, try specifying --gpu <X>
	   with X=0. Then try X=1 in a new run, and so on. The numbering of
	   GPUs may not be obvious from the driver or intuition. For a list
	   of NVIDIA and AMD GPU compute generations and architectures, see 

	   en.wikipedia.org/wiki/CUDA#Version_features_and_specifications and 
	   docs.amd.com/bundle/Hardware_and_Software_Reference_Guide/page/Hardware_and_Software_Support.html

	-> ARE USING DOUBLE-PRECISION GPU CODE: relion has been written so
	   as to not require this, and may thus have unforeseen requirements
	   when run in this mode. If you think it is nonetheless necessary,
	   please consult the developers with this error.

If this occurred at the middle or end of a run, it might be that

	-> YOUR DATA OR PARAMETERS WERE UNEXPECTED: execution on GPUs is 
	   subject to many restrictions, and relion is written to work within
	   common restraints. If you have exotic data or settings, unexpected
	   configurations may occur. See also above point regarding 
	   double precision.
If none of the above applies, please report the error to the relion
developers at github.com/3dem/relion/issues.
ERROR: invalid argument in /home/alex/mc-pr115-ownership-20260929/src/src/acc/cuda/cuda_alignpatch.cu at line 510 (error-code 1)
cudaFree (after release) 28   host staging alignment             threw RelionError      0       intact   
cudaFree (after release) 29   unweighted reconstruction          returned false         0       intact   
cudaFree (after release) 30   unweighted reconstruction          returned false         0       intact   
cudaFree (after release) 31   unweighted reconstruction          returned false         0       intact   
cudaFree (after release) 32   dose-weighted reconstruction       completed              0       intact     <-- FAIL: fault fired but the run completed
cudaFree (after release) 33   dose-weighted reconstruction       completed              0       intact     <-- FAIL: fault fired but the run completed
cudaFree (after release) 34   dose-weighted reconstruction       completed              0       intact     <-- FAIL: fault fired but the run completed
in: /home/alex/mc-pr115-ownership-20260929/src/src/acc/cuda/cuda_settings.h, line 65
ERROR: 

A GPU-function failed to execute.

 If this occured at the start of a run, you might have GPUs which
are incompatible with either the data or your installation of relion.
If you 

	-> INSTALLED RELION YOURSELF: if you e.g. specified -DCUDA_ARCH=50
	   and are trying ot run on a compute 3.5 GPU (-DCUDA_ARCH=3.5), or 
	   a similar mismatch on AMD or Intel GPUs, this may happen.

	-> HAVE MULTIPLE GPUS OF DIFFERNT VERSIONS: relion needs at least NVIDIA 
	   GPUs with compute 5.0 or AMD MI GPUs with archtiecture gfx906. 
	   You may be trying to use a GPU architectures older than these. 
	   If you have multiple generations, try specifying --gpu <X>
	   with X=0. Then try X=1 in a new run, and so on. The numbering of
	   GPUs may not be obvious from the driver or intuition. For a list
	   of NVIDIA and AMD GPU compute generations and architectures, see 

	   en.wikipedia.org/wiki/CUDA#Version_features_and_specifications and 
	   docs.amd.com/bundle/Hardware_and_Software_Reference_Guide/page/Hardware_and_Software_Support.html

	-> ARE USING DOUBLE-PRECISION GPU CODE: relion has been written so
	   as to not require this, and may thus have unforeseen requirements
	   when run in this mode. If you think it is nonetheless necessary,
	   please consult the developers with this error.

If this occurred at the middle or end of a run, it might be that

	-> YOUR DATA OR PARAMETERS WERE UNEXPECTED: execution on GPUs is 
	   subject to many restrictions, and relion is written to work within
	   common restraints. If you have exotic data or settings, unexpected
	   configurations may occur. See also above point regarding 
	   double precision.
If none of the above applies, please report the error to the relion
developers at github.com/3dem/relion/issues.
ERROR: invalid argument in /home/alex/mc-pr115-ownership-20260929/src/src/acc/cuda/cuda_alignpatch.cu at line 510 (error-code 1)
cudaFree (after release) 35   patch alignment                    threw RelionError      0       intact   
in: /home/alex/mc-pr115-ownership-20260929/src/src/acc/cuda/cuda_settings.h, line 65
ERROR: 

A GPU-function failed to execute.

 If this occured at the start of a run, you might have GPUs which
are incompatible with either the data or your installation of relion.
If you 

	-> INSTALLED RELION YOURSELF: if you e.g. specified -DCUDA_ARCH=50
	   and are trying ot run on a compute 3.5 GPU (-DCUDA_ARCH=3.5), or 
	   a similar mismatch on AMD or Intel GPUs, this may happen.

	-> HAVE MULTIPLE GPUS OF DIFFERNT VERSIONS: relion needs at least NVIDIA 
	   GPUs with compute 5.0 or AMD MI GPUs with archtiecture gfx906. 
	   You may be trying to use a GPU architectures older than these. 
	   If you have multiple generations, try specifying --gpu <X>
	   with X=0. Then try X=1 in a new run, and so on. The numbering of
	   GPUs may not be obvious from the driver or intuition. For a list
	   of NVIDIA and AMD GPU compute generations and architectures, see 

	   en.wikipedia.org/wiki/CUDA#Version_features_and_specifications and 
	   docs.amd.com/bundle/Hardware_and_Software_Reference_Guide/page/Hardware_and_Software_Support.html

	-> ARE USING DOUBLE-PRECISION GPU CODE: relion has been written so
	   as to not require this, and may thus have unforeseen requirements
	   when run in this mode. If you think it is nonetheless necessary,
	   please consult the developers with this error.

If this occurred at the middle or end of a run, it might be that

	-> YOUR DATA OR PARAMETERS WERE UNEXPECTED: execution on GPUs is 
	   subject to many restrictions, and relion is written to work within
	   common restraints. If you have exotic data or settings, unexpected
	   configurations may occur. See also above point regarding 
	   double precision.
If none of the above applies, please report the error to the relion
developers at github.com/3dem/relion/issues.
ERROR: invalid argument in /home/alex/mc-pr115-ownership-20260929/src/src/acc/cuda/cuda_alignpatch.cu at line 510 (error-code 1)
cudaFree (after release) 36   patch alignment                    threw RelionError      0       intact   
in: /home/alex/mc-pr115-ownership-20260929/src/src/acc/cuda/cuda_settings.h, line 65
ERROR: 

A GPU-function failed to execute.

 If this occured at the start of a run, you might have GPUs which
are incompatible with either the data or your installation of relion.
If you 

	-> INSTALLED RELION YOURSELF: if you e.g. specified -DCUDA_ARCH=50
	   and are trying ot run on a compute 3.5 GPU (-DCUDA_ARCH=3.5), or 
	   a similar mismatch on AMD or Intel GPUs, this may happen.

	-> HAVE MULTIPLE GPUS OF DIFFERNT VERSIONS: relion needs at least NVIDIA 
	   GPUs with compute 5.0 or AMD MI GPUs with archtiecture gfx906. 
	   You may be trying to use a GPU architectures older than these. 
	   If you have multiple generations, try specifying --gpu <X>
	   with X=0. Then try X=1 in a new run, and so on. The numbering of
	   GPUs may not be obvious from the driver or intuition. For a list
	   of NVIDIA and AMD GPU compute generations and architectures, see 

	   en.wikipedia.org/wiki/CUDA#Version_features_and_specifications and 
	   docs.amd.com/bundle/Hardware_and_Software_Reference_Guide/page/Hardware_and_Software_Support.html

	-> ARE USING DOUBLE-PRECISION GPU CODE: relion has been written so
	   as to not require this, and may thus have unforeseen requirements
	   when run in this mode. If you think it is nonetheless necessary,
	   please consult the developers with this error.

If this occurred at the middle or end of a run, it might be that

	-> YOUR DATA OR PARAMETERS WERE UNEXPECTED: execution on GPUs is 
	   subject to many restrictions, and relion is written to work within
	   common restraints. If you have exotic data or settings, unexpected
	   configurations may occur. See also above point regarding 
	   double precision.
If none of the above applies, please report the error to the relion
developers at github.com/3dem/relion/issues.
ERROR: invalid argument in /home/alex/mc-pr115-ownership-20260929/src/src/acc/cuda/cuda_alignpatch.cu at line 510 (error-code 1)
cudaFree (after release) 37   patch alignment                    threw RelionError      0       intact   
in: /home/alex/mc-pr115-ownership-20260929/src/src/acc/cuda/cuda_settings.h, line 65
ERROR: 

A GPU-function failed to execute.

 If this occured at the start of a run, you might have GPUs which
are incompatible with either the data or your installation of relion.
If you 

	-> INSTALLED RELION YOURSELF: if you e.g. specified -DCUDA_ARCH=50
	   and are trying ot run on a compute 3.5 GPU (-DCUDA_ARCH=3.5), or 
	   a similar mismatch on AMD or Intel GPUs, this may happen.

	-> HAVE MULTIPLE GPUS OF DIFFERNT VERSIONS: relion needs at least NVIDIA 
	   GPUs with compute 5.0 or AMD MI GPUs with archtiecture gfx906. 
	   You may be trying to use a GPU architectures older than these. 
	   If you have multiple generations, try specifying --gpu <X>
	   with X=0. Then try X=1 in a new run, and so on. The numbering of
	   GPUs may not be obvious from the driver or intuition. For a list
	   of NVIDIA and AMD GPU compute generations and architectures, see 

	   en.wikipedia.org/wiki/CUDA#Version_features_and_specifications and 
	   docs.amd.com/bundle/Hardware_and_Software_Reference_Guide/page/Hardware_and_Software_Support.html

	-> ARE USING DOUBLE-PRECISION GPU CODE: relion has been written so
	   as to not require this, and may thus have unforeseen requirements
	   when run in this mode. If you think it is nonetheless necessary,
	   please consult the developers with this error.

If this occurred at the middle or end of a run, it might be that

	-> YOUR DATA OR PARAMETERS WERE UNEXPECTED: execution on GPUs is 
	   subject to many restrictions, and relion is written to work within
	   common restraints. If you have exotic data or settings, unexpected
	   configurations may occur. See also above point regarding 
	   double precision.
If none of the above applies, please report the error to the relion
developers at github.com/3dem/relion/issues.
ERROR: invalid argument in /home/alex/mc-pr115-ownership-20260929/src/src/acc/cuda/cuda_alignpatch.cu at line 510 (error-code 1)
cudaFree (after release) 38   patch alignment                    threw RelionError      0       intact   
in: /home/alex/mc-pr115-ownership-20260929/src/src/acc/cuda/cuda_settings.h, line 65
ERROR: 

A GPU-function failed to execute.

 If this occured at the start of a run, you might have GPUs which
are incompatible with either the data or your installation of relion.
If you 

	-> INSTALLED RELION YOURSELF: if you e.g. specified -DCUDA_ARCH=50
	   and are trying ot run on a compute 3.5 GPU (-DCUDA_ARCH=3.5), or 
	   a similar mismatch on AMD or Intel GPUs, this may happen.

	-> HAVE MULTIPLE GPUS OF DIFFERNT VERSIONS: relion needs at least NVIDIA 
	   GPUs with compute 5.0 or AMD MI GPUs with archtiecture gfx906. 
	   You may be trying to use a GPU architectures older than these. 
	   If you have multiple generations, try specifying --gpu <X>
	   with X=0. Then try X=1 in a new run, and so on. The numbering of
	   GPUs may not be obvious from the driver or intuition. For a list
	   of NVIDIA and AMD GPU compute generations and architectures, see 

	   en.wikipedia.org/wiki/CUDA#Version_features_and_specifications and 
	   docs.amd.com/bundle/Hardware_and_Software_Reference_Guide/page/Hardware_and_Software_Support.html

	-> ARE USING DOUBLE-PRECISION GPU CODE: relion has been written so
	   as to not require this, and may thus have unforeseen requirements
	   when run in this mode. If you think it is nonetheless necessary,
	   please consult the developers with this error.

If this occurred at the middle or end of a run, it might be that

	-> YOUR DATA OR PARAMETERS WERE UNEXPECTED: execution on GPUs is 
	   subject to many restrictions, and relion is written to work within
	   common restraints. If you have exotic data or settings, unexpected
	   configurations may occur. See also above point regarding 
	   double precision.
If none of the above applies, please report the error to the relion
developers at github.com/3dem/relion/issues.
ERROR: invalid argument in /home/alex/mc-pr115-ownership-20260929/src/src/acc/cuda/cuda_alignpatch.cu at line 510 (error-code 1)
cudaFree (after release) 39   patch alignment                    threw RelionError      0       intact   
in: /home/alex/mc-pr115-ownership-20260929/src/src/acc/cuda/cuda_settings.h, line 65
ERROR: 

A GPU-function failed to execute.

 If this occured at the start of a run, you might have GPUs which
are incompatible with either the data or your installation of relion.
If you 

	-> INSTALLED RELION YOURSELF: if you e.g. specified -DCUDA_ARCH=50
	   and are trying ot run on a compute 3.5 GPU (-DCUDA_ARCH=3.5), or 
	   a similar mismatch on AMD or Intel GPUs, this may happen.

	-> HAVE MULTIPLE GPUS OF DIFFERNT VERSIONS: relion needs at least NVIDIA 
	   GPUs with compute 5.0 or AMD MI GPUs with archtiecture gfx906. 
	   You may be trying to use a GPU architectures older than these. 
	   If you have multiple generations, try specifying --gpu <X>
	   with X=0. Then try X=1 in a new run, and so on. The numbering of
	   GPUs may not be obvious from the driver or intuition. For a list
	   of NVIDIA and AMD GPU compute generations and architectures, see 

	   en.wikipedia.org/wiki/CUDA#Version_features_and_specifications and 
	   docs.amd.com/bundle/Hardware_and_Software_Reference_Guide/page/Hardware_and_Software_Support.html

	-> ARE USING DOUBLE-PRECISION GPU CODE: relion has been written so
	   as to not require this, and may thus have unforeseen requirements
	   when run in this mode. If you think it is nonetheless necessary,
	   please consult the developers with this error.

If this occurred at the middle or end of a run, it might be that

	-> YOUR DATA OR PARAMETERS WERE UNEXPECTED: execution on GPUs is 
	   subject to many restrictions, and relion is written to work within
	   common restraints. If you have exotic data or settings, unexpected
	   configurations may occur. See also above point regarding 
	   double precision.
If none of the above applies, please report the error to the relion
developers at github.com/3dem/relion/issues.
ERROR: invalid argument in /home/alex/mc-pr115-ownership-20260929/src/src/acc/cuda/cuda_alignpatch.cu at line 510 (error-code 1)
cudaFree (after release) 40   patch alignment                    threw RelionError      0       intact   
in: /home/alex/mc-pr115-ownership-20260929/src/src/acc/cuda/cuda_settings.h, line 65
ERROR: 

A GPU-function failed to execute.

 If this occured at the start of a run, you might have GPUs which
are incompatible with either the data or your installation of relion.
If you 

	-> INSTALLED RELION YOURSELF: if you e.g. specified -DCUDA_ARCH=50
	   and are trying ot run on a compute 3.5 GPU (-DCUDA_ARCH=3.5), or 
	   a similar mismatch on AMD or Intel GPUs, this may happen.

	-> HAVE MULTIPLE GPUS OF DIFFERNT VERSIONS: relion needs at least NVIDIA 
	   GPUs with compute 5.0 or AMD MI GPUs with archtiecture gfx906. 
	   You may be trying to use a GPU architectures older than these. 
	   If you have multiple generations, try specifying --gpu <X>
	   with X=0. Then try X=1 in a new run, and so on. The numbering of
	   GPUs may not be obvious from the driver or intuition. For a list
	   of NVIDIA and AMD GPU compute generations and architectures, see 

	   en.wikipedia.org/wiki/CUDA#Version_features_and_specifications and 
	   docs.amd.com/bundle/Hardware_and_Software_Reference_Guide/page/Hardware_and_Software_Support.html

	-> ARE USING DOUBLE-PRECISION GPU CODE: relion has been written so
	   as to not require this, and may thus have unforeseen requirements
	   when run in this mode. If you think it is nonetheless necessary,
	   please consult the developers with this error.

If this occurred at the middle or end of a run, it might be that

	-> YOUR DATA OR PARAMETERS WERE UNEXPECTED: execution on GPUs is 
	   subject to many restrictions, and relion is written to work within
	   common restraints. If you have exotic data or settings, unexpected
	   configurations may occur. See also above point regarding 
	   double precision.
If none of the above applies, please report the error to the relion
developers at github.com/3dem/relion/issues.
ERROR: invalid argument in /home/alex/mc-pr115-ownership-20260929/src/src/acc/cuda/cuda_alignpatch.cu at line 510 (error-code 1)
cudaFree (after release) 41   patch alignment                    threw RelionError      0       intact   
in: /home/alex/mc-pr115-ownership-20260929/src/src/acc/cuda/cuda_settings.h, line 65
ERROR: 

A GPU-function failed to execute.

 If this occured at the start of a run, you might have GPUs which
are incompatible with either the data or your installation of relion.
If you 

	-> INSTALLED RELION YOURSELF: if you e.g. specified -DCUDA_ARCH=50
	   and are trying ot run on a compute 3.5 GPU (-DCUDA_ARCH=3.5), or 
	   a similar mismatch on AMD or Intel GPUs, this may happen.

	-> HAVE MULTIPLE GPUS OF DIFFERNT VERSIONS: relion needs at least NVIDIA 
	   GPUs with compute 5.0 or AMD MI GPUs with archtiecture gfx906. 
	   You may be trying to use a GPU architectures older than these. 
	   If you have multiple generations, try specifying --gpu <X>
	   with X=0. Then try X=1 in a new run, and so on. The numbering of
	   GPUs may not be obvious from the driver or intuition. For a list
	   of NVIDIA and AMD GPU compute generations and architectures, see 

	   en.wikipedia.org/wiki/CUDA#Version_features_and_specifications and 
	   docs.amd.com/bundle/Hardware_and_Software_Reference_Guide/page/Hardware_and_Software_Support.html

	-> ARE USING DOUBLE-PRECISION GPU CODE: relion has been written so
	   as to not require this, and may thus have unforeseen requirements
	   when run in this mode. If you think it is nonetheless necessary,
	   please consult the developers with this error.

If this occurred at the middle or end of a run, it might be that

	-> YOUR DATA OR PARAMETERS WERE UNEXPECTED: execution on GPUs is 
	   subject to many restrictions, and relion is written to work within
	   common restraints. If you have exotic data or settings, unexpected
	   configurations may occur. See also above point regarding 
	   double precision.
If none of the above applies, please report the error to the relion
developers at github.com/3dem/relion/issues.
ERROR: out of memory in /home/alex/mc-pr115-ownership-20260929/src/src/acc/cuda/cuda_alignpatch.cu at line 271 (error-code 2)
cudaFree (after release) 42   patch alignment                    threw RelionError      0       intact   
cudaFree (after release) 43   dose-weighted reconstruction       returned false         0       intact   
cudaFree (after release) 44   dose-weighted reconstruction       returned false         0       intact   
cudaFree (after release) 45   dose-weighted reconstruction       returned false         0       intact   
cudaFree (after release) 46   dose-weighted reconstruction       returned false         0       intact   
cudaFree (after release) 47   dose-weighted reconstruction       completed              0       intact   teardown (best-effort, survived)
cudaFree (after release) 48   dose-weighted reconstruction       completed              0       intact   teardown (best-effort, survived)
cudaFree (after release) 49   dose-weighted reconstruction       completed              0       intact   teardown (best-effort, survived)
cudaFree (after release) 50   dose-weighted reconstruction       completed              0       intact   teardown (best-effort, survived)
cudaFree (after release) 51   dose-weighted reconstruction       completed              0       intact   teardown (best-effort, survived)
cudaFree (after release) 52   dose-weighted reconstruction       completed              0       intact   teardown (best-effort, survived)
cudaFree (after release) 53   dose-weighted reconstruction       completed              0       intact   teardown (best-effort, survived)
cudaFree (after release) 54   dose-weighted reconstruction       completed              0       intact   teardown (best-effort, survived)
in: /home/alex/mc-pr115-ownership-20260929/src/src/acc/cuda/cuda_settings.h, line 65
ERROR: 

A GPU-function failed to execute.

 If this occured at the start of a run, you might have GPUs which
are incompatible with either the data or your installation of relion.
If you 

	-> INSTALLED RELION YOURSELF: if you e.g. specified -DCUDA_ARCH=50
	   and are trying ot run on a compute 3.5 GPU (-DCUDA_ARCH=3.5), or 
	   a similar mismatch on AMD or Intel GPUs, this may happen.

	-> HAVE MULTIPLE GPUS OF DIFFERNT VERSIONS: relion needs at least NVIDIA 
	   GPUs with compute 5.0 or AMD MI GPUs with archtiecture gfx906. 
	   You may be trying to use a GPU architectures older than these. 
	   If you have multiple generations, try specifying --gpu <X>
	   with X=0. Then try X=1 in a new run, and so on. The numbering of
	   GPUs may not be obvious from the driver or intuition. For a list
	   of NVIDIA and AMD GPU compute generations and architectures, see 

	   en.wikipedia.org/wiki/CUDA#Version_features_and_specifications and 
	   docs.amd.com/bundle/Hardware_and_Software_Reference_Guide/page/Hardware_and_Software_Support.html

	-> ARE USING DOUBLE-PRECISION GPU CODE: relion has been written so
	   as to not require this, and may thus have unforeseen requirements
	   when run in this mode. If you think it is nonetheless necessary,
	   please consult the developers with this error.

If this occurred at the middle or end of a run, it might be that

	-> YOUR DATA OR PARAMETERS WERE UNEXPECTED: execution on GPUs is 
	   subject to many restrictions, and relion is written to work within
	   common restraints. If you have exotic data or settings, unexpected
	   configurations may occur. See also above point regarding 
	   double precision.
If none of the above applies, please report the error to the relion
developers at github.com/3dem/relion/issues.
ERROR: out of memory in /home/alex/mc-pr115-ownership-20260929/src/src/acc/cuda/cuda_alignpatch.cu at line 273 (error-code 2)
cudaEventCreate          1    global alignment                   threw RelionError      0       intact   
in: /home/alex/mc-pr115-ownership-20260929/src/src/acc/cuda/cuda_settings.h, line 65
ERROR: 

A GPU-function failed to execute.

 If this occured at the start of a run, you might have GPUs which
are incompatible with either the data or your installation of relion.
If you 

	-> INSTALLED RELION YOURSELF: if you e.g. specified -DCUDA_ARCH=50
	   and are trying ot run on a compute 3.5 GPU (-DCUDA_ARCH=3.5), or 
	   a similar mismatch on AMD or Intel GPUs, this may happen.

	-> HAVE MULTIPLE GPUS OF DIFFERNT VERSIONS: relion needs at least NVIDIA 
	   GPUs with compute 5.0 or AMD MI GPUs with archtiecture gfx906. 
	   You may be trying to use a GPU architectures older than these. 
	   If you have multiple generations, try specifying --gpu <X>
	   with X=0. Then try X=1 in a new run, and so on. The numbering of
	   GPUs may not be obvious from the driver or intuition. For a list
	   of NVIDIA and AMD GPU compute generations and architectures, see 

	   en.wikipedia.org/wiki/CUDA#Version_features_and_specifications and 
	   docs.amd.com/bundle/Hardware_and_Software_Reference_Guide/page/Hardware_and_Software_Support.html

	-> ARE USING DOUBLE-PRECISION GPU CODE: relion has been written so
	   as to not require this, and may thus have unforeseen requirements
	   when run in this mode. If you think it is nonetheless necessary,
	   please consult the developers with this error.

If this occurred at the middle or end of a run, it might be that

	-> YOUR DATA OR PARAMETERS WERE UNEXPECTED: execution on GPUs is 
	   subject to many restrictions, and relion is written to work within
	   common restraints. If you have exotic data or settings, unexpected
	   configurations may occur. See also above point regarding 
	   double precision.
If none of the above applies, please report the error to the relion
developers at github.com/3dem/relion/issues.
ERROR: out of memory in /home/alex/mc-pr115-ownership-20260929/src/src/acc/cuda/cuda_alignpatch.cu at line 275 (error-code 2)
cudaEventCreate          2    global alignment                   threw RelionError      0       intact   
in: /home/alex/mc-pr115-ownership-20260929/src/src/acc/cuda/cuda_settings.h, line 65
ERROR: 

A GPU-function failed to execute.

 If this occured at the start of a run, you might have GPUs which
are incompatible with either the data or your installation of relion.
If you 

	-> INSTALLED RELION YOURSELF: if you e.g. specified -DCUDA_ARCH=50
	   and are trying ot run on a compute 3.5 GPU (-DCUDA_ARCH=3.5), or 
	   a similar mismatch on AMD or Intel GPUs, this may happen.

	-> HAVE MULTIPLE GPUS OF DIFFERNT VERSIONS: relion needs at least NVIDIA 
	   GPUs with compute 5.0 or AMD MI GPUs with archtiecture gfx906. 
	   You may be trying to use a GPU architectures older than these. 
	   If you have multiple generations, try specifying --gpu <X>
	   with X=0. Then try X=1 in a new run, and so on. The numbering of
	   GPUs may not be obvious from the driver or intuition. For a list
	   of NVIDIA and AMD GPU compute generations and architectures, see 

	   en.wikipedia.org/wiki/CUDA#Version_features_and_specifications and 
	   docs.amd.com/bundle/Hardware_and_Software_Reference_Guide/page/Hardware_and_Software_Support.html

	-> ARE USING DOUBLE-PRECISION GPU CODE: relion has been written so
	   as to not require this, and may thus have unforeseen requirements
	   when run in this mode. If you think it is nonetheless necessary,
	   please consult the developers with this error.

If this occurred at the middle or end of a run, it might be that

	-> YOUR DATA OR PARAMETERS WERE UNEXPECTED: execution on GPUs is 
	   subject to many restrictions, and relion is written to work within
	   common restraints. If you have exotic data or settings, unexpected
	   configurations may occur. See also above point regarding 
	   double precision.
If none of the above applies, please report the error to the relion
developers at github.com/3dem/relion/issues.
ERROR: out of memory in /home/alex/mc-pr115-ownership-20260929/src/src/acc/cuda/cuda_alignpatch.cu at line 277 (error-code 2)
cudaEventCreate          3    global alignment                   threw RelionError      0       intact   
in: /home/alex/mc-pr115-ownership-20260929/src/src/acc/cuda/cuda_settings.h, line 65
ERROR: 

A GPU-function failed to execute.

 If this occured at the start of a run, you might have GPUs which
are incompatible with either the data or your installation of relion.
If you 

	-> INSTALLED RELION YOURSELF: if you e.g. specified -DCUDA_ARCH=50
	   and are trying ot run on a compute 3.5 GPU (-DCUDA_ARCH=3.5), or 
	   a similar mismatch on AMD or Intel GPUs, this may happen.

	-> HAVE MULTIPLE GPUS OF DIFFERNT VERSIONS: relion needs at least NVIDIA 
	   GPUs with compute 5.0 or AMD MI GPUs with archtiecture gfx906. 
	   You may be trying to use a GPU architectures older than these. 
	   If you have multiple generations, try specifying --gpu <X>
	   with X=0. Then try X=1 in a new run, and so on. The numbering of
	   GPUs may not be obvious from the driver or intuition. For a list
	   of NVIDIA and AMD GPU compute generations and architectures, see 

	   en.wikipedia.org/wiki/CUDA#Version_features_and_specifications and 
	   docs.amd.com/bundle/Hardware_and_Software_Reference_Guide/page/Hardware_and_Software_Support.html

	-> ARE USING DOUBLE-PRECISION GPU CODE: relion has been written so
	   as to not require this, and may thus have unforeseen requirements
	   when run in this mode. If you think it is nonetheless necessary,
	   please consult the developers with this error.

If this occurred at the middle or end of a run, it might be that

	-> YOUR DATA OR PARAMETERS WERE UNEXPECTED: execution on GPUs is 
	   subject to many restrictions, and relion is written to work within
	   common restraints. If you have exotic data or settings, unexpected
	   configurations may occur. See also above point regarding 
	   double precision.
If none of the above applies, please report the error to the relion
developers at github.com/3dem/relion/issues.
ERROR: out of memory in /home/alex/mc-pr115-ownership-20260929/src/src/acc/cuda/cuda_alignpatch.cu at line 279 (error-code 2)
cudaEventCreate          4    global alignment                   threw RelionError      0       intact   
in: /home/alex/mc-pr115-ownership-20260929/src/src/acc/cuda/cuda_settings.h, line 65
ERROR: 

A GPU-function failed to execute.

 If this occured at the start of a run, you might have GPUs which
are incompatible with either the data or your installation of relion.
If you 

	-> INSTALLED RELION YOURSELF: if you e.g. specified -DCUDA_ARCH=50
	   and are trying ot run on a compute 3.5 GPU (-DCUDA_ARCH=3.5), or 
	   a similar mismatch on AMD or Intel GPUs, this may happen.

	-> HAVE MULTIPLE GPUS OF DIFFERNT VERSIONS: relion needs at least NVIDIA 
	   GPUs with compute 5.0 or AMD MI GPUs with archtiecture gfx906. 
	   You may be trying to use a GPU architectures older than these. 
	   If you have multiple generations, try specifying --gpu <X>
	   with X=0. Then try X=1 in a new run, and so on. The numbering of
	   GPUs may not be obvious from the driver or intuition. For a list
	   of NVIDIA and AMD GPU compute generations and architectures, see 

	   en.wikipedia.org/wiki/CUDA#Version_features_and_specifications and 
	   docs.amd.com/bundle/Hardware_and_Software_Reference_Guide/page/Hardware_and_Software_Support.html

	-> ARE USING DOUBLE-PRECISION GPU CODE: relion has been written so
	   as to not require this, and may thus have unforeseen requirements
	   when run in this mode. If you think it is nonetheless necessary,
	   please consult the developers with this error.

If this occurred at the middle or end of a run, it might be that

	-> YOUR DATA OR PARAMETERS WERE UNEXPECTED: execution on GPUs is 
	   subject to many restrictions, and relion is written to work within
	   common restraints. If you have exotic data or settings, unexpected
	   configurations may occur. See also above point regarding 
	   double precision.
If none of the above applies, please report the error to the relion
developers at github.com/3dem/relion/issues.
ERROR: out of memory in /home/alex/mc-pr115-ownership-20260929/src/src/acc/cuda/cuda_alignpatch.cu at line 281 (error-code 2)
cudaEventCreate          5    global alignment                   threw RelionError      0       intact   
in: /home/alex/mc-pr115-ownership-20260929/src/src/acc/cuda/cuda_settings.h, line 65
ERROR: 

A GPU-function failed to execute.

 If this occured at the start of a run, you might have GPUs which
are incompatible with either the data or your installation of relion.
If you 

	-> INSTALLED RELION YOURSELF: if you e.g. specified -DCUDA_ARCH=50
	   and are trying ot run on a compute 3.5 GPU (-DCUDA_ARCH=3.5), or 
	   a similar mismatch on AMD or Intel GPUs, this may happen.

	-> HAVE MULTIPLE GPUS OF DIFFERNT VERSIONS: relion needs at least NVIDIA 
	   GPUs with compute 5.0 or AMD MI GPUs with archtiecture gfx906. 
	   You may be trying to use a GPU architectures older than these. 
	   If you have multiple generations, try specifying --gpu <X>
	   with X=0. Then try X=1 in a new run, and so on. The numbering of
	   GPUs may not be obvious from the driver or intuition. For a list
	   of NVIDIA and AMD GPU compute generations and architectures, see 

	   en.wikipedia.org/wiki/CUDA#Version_features_and_specifications and 
	   docs.amd.com/bundle/Hardware_and_Software_Reference_Guide/page/Hardware_and_Software_Support.html

	-> ARE USING DOUBLE-PRECISION GPU CODE: relion has been written so
	   as to not require this, and may thus have unforeseen requirements
	   when run in this mode. If you think it is nonetheless necessary,
	   please consult the developers with this error.

If this occurred at the middle or end of a run, it might be that

	-> YOUR DATA OR PARAMETERS WERE UNEXPECTED: execution on GPUs is 
	   subject to many restrictions, and relion is written to work within
	   common restraints. If you have exotic data or settings, unexpected
	   configurations may occur. See also above point regarding 
	   double precision.
If none of the above applies, please report the error to the relion
developers at github.com/3dem/relion/issues.
ERROR: out of memory in /home/alex/mc-pr115-ownership-20260929/src/src/acc/cuda/cuda_alignpatch.cu at line 283 (error-code 2)
cudaEventCreate          6    global alignment                   threw RelionError      0       intact   
in: /home/alex/mc-pr115-ownership-20260929/src/src/acc/cuda/cuda_settings.h, line 65
ERROR: 

A GPU-function failed to execute.

 If this occured at the start of a run, you might have GPUs which
are incompatible with either the data or your installation of relion.
If you 

	-> INSTALLED RELION YOURSELF: if you e.g. specified -DCUDA_ARCH=50
	   and are trying ot run on a compute 3.5 GPU (-DCUDA_ARCH=3.5), or 
	   a similar mismatch on AMD or Intel GPUs, this may happen.

	-> HAVE MULTIPLE GPUS OF DIFFERNT VERSIONS: relion needs at least NVIDIA 
	   GPUs with compute 5.0 or AMD MI GPUs with archtiecture gfx906. 
	   You may be trying to use a GPU architectures older than these. 
	   If you have multiple generations, try specifying --gpu <X>
	   with X=0. Then try X=1 in a new run, and so on. The numbering of
	   GPUs may not be obvious from the driver or intuition. For a list
	   of NVIDIA and AMD GPU compute generations and architectures, see 

	   en.wikipedia.org/wiki/CUDA#Version_features_and_specifications and 
	   docs.amd.com/bundle/Hardware_and_Software_Reference_Guide/page/Hardware_and_Software_Support.html

	-> ARE USING DOUBLE-PRECISION GPU CODE: relion has been written so
	   as to not require this, and may thus have unforeseen requirements
	   when run in this mode. If you think it is nonetheless necessary,
	   please consult the developers with this error.

If this occurred at the middle or end of a run, it might be that

	-> YOUR DATA OR PARAMETERS WERE UNEXPECTED: execution on GPUs is 
	   subject to many restrictions, and relion is written to work within
	   common restraints. If you have exotic data or settings, unexpected
	   configurations may occur. See also above point regarding 
	   double precision.
If none of the above applies, please report the error to the relion
developers at github.com/3dem/relion/issues.
ERROR: out of memory in /home/alex/mc-pr115-ownership-20260929/src/src/acc/cuda/cuda_alignpatch.cu at line 285 (error-code 2)
cudaEventCreate          7    global alignment                   threw RelionError      0       intact   
in: /home/alex/mc-pr115-ownership-20260929/src/src/acc/cuda/cuda_settings.h, line 65
ERROR: 

A GPU-function failed to execute.

 If this occured at the start of a run, you might have GPUs which
are incompatible with either the data or your installation of relion.
If you 

	-> INSTALLED RELION YOURSELF: if you e.g. specified -DCUDA_ARCH=50
	   and are trying ot run on a compute 3.5 GPU (-DCUDA_ARCH=3.5), or 
	   a similar mismatch on AMD or Intel GPUs, this may happen.

	-> HAVE MULTIPLE GPUS OF DIFFERNT VERSIONS: relion needs at least NVIDIA 
	   GPUs with compute 5.0 or AMD MI GPUs with archtiecture gfx906. 
	   You may be trying to use a GPU architectures older than these. 
	   If you have multiple generations, try specifying --gpu <X>
	   with X=0. Then try X=1 in a new run, and so on. The numbering of
	   GPUs may not be obvious from the driver or intuition. For a list
	   of NVIDIA and AMD GPU compute generations and architectures, see 

	   en.wikipedia.org/wiki/CUDA#Version_features_and_specifications and 
	   docs.amd.com/bundle/Hardware_and_Software_Reference_Guide/page/Hardware_and_Software_Support.html

	-> ARE USING DOUBLE-PRECISION GPU CODE: relion has been written so
	   as to not require this, and may thus have unforeseen requirements
	   when run in this mode. If you think it is nonetheless necessary,
	   please consult the developers with this error.

If this occurred at the middle or end of a run, it might be that

	-> YOUR DATA OR PARAMETERS WERE UNEXPECTED: execution on GPUs is 
	   subject to many restrictions, and relion is written to work within
	   common restraints. If you have exotic data or settings, unexpected
	   configurations may occur. See also above point regarding 
	   double precision.
If none of the above applies, please report the error to the relion
developers at github.com/3dem/relion/issues.
ERROR: out of memory in /home/alex/mc-pr115-ownership-20260929/src/src/acc/cuda/cuda_alignpatch.cu at line 271 (error-code 2)
cudaEventCreate          8    global alignment                   threw RelionError      0       intact   
in: /home/alex/mc-pr115-ownership-20260929/src/src/acc/cuda/cuda_settings.h, line 65
ERROR: 

A GPU-function failed to execute.

 If this occured at the start of a run, you might have GPUs which
are incompatible with either the data or your installation of relion.
If you 

	-> INSTALLED RELION YOURSELF: if you e.g. specified -DCUDA_ARCH=50
	   and are trying ot run on a compute 3.5 GPU (-DCUDA_ARCH=3.5), or 
	   a similar mismatch on AMD or Intel GPUs, this may happen.

	-> HAVE MULTIPLE GPUS OF DIFFERNT VERSIONS: relion needs at least NVIDIA 
	   GPUs with compute 5.0 or AMD MI GPUs with archtiecture gfx906. 
	   You may be trying to use a GPU architectures older than these. 
	   If you have multiple generations, try specifying --gpu <X>
	   with X=0. Then try X=1 in a new run, and so on. The numbering of
	   GPUs may not be obvious from the driver or intuition. For a list
	   of NVIDIA and AMD GPU compute generations and architectures, see 

	   en.wikipedia.org/wiki/CUDA#Version_features_and_specifications and 
	   docs.amd.com/bundle/Hardware_and_Software_Reference_Guide/page/Hardware_and_Software_Support.html

	-> ARE USING DOUBLE-PRECISION GPU CODE: relion has been written so
	   as to not require this, and may thus have unforeseen requirements
	   when run in this mode. If you think it is nonetheless necessary,
	   please consult the developers with this error.

If this occurred at the middle or end of a run, it might be that

	-> YOUR DATA OR PARAMETERS WERE UNEXPECTED: execution on GPUs is 
	   subject to many restrictions, and relion is written to work within
	   common restraints. If you have exotic data or settings, unexpected
	   configurations may occur. See also above point regarding 
	   double precision.
If none of the above applies, please report the error to the relion
developers at github.com/3dem/relion/issues.
ERROR: out of memory in /home/alex/mc-pr115-ownership-20260929/src/src/acc/cuda/cuda_alignpatch.cu at line 273 (error-code 2)
cudaEventCreate          9    host staging alignment             threw RelionError      0       intact   
in: /home/alex/mc-pr115-ownership-20260929/src/src/acc/cuda/cuda_settings.h, line 65
ERROR: 

A GPU-function failed to execute.

 If this occured at the start of a run, you might have GPUs which
are incompatible with either the data or your installation of relion.
If you 

	-> INSTALLED RELION YOURSELF: if you e.g. specified -DCUDA_ARCH=50
	   and are trying ot run on a compute 3.5 GPU (-DCUDA_ARCH=3.5), or 
	   a similar mismatch on AMD or Intel GPUs, this may happen.

	-> HAVE MULTIPLE GPUS OF DIFFERNT VERSIONS: relion needs at least NVIDIA 
	   GPUs with compute 5.0 or AMD MI GPUs with archtiecture gfx906. 
	   You may be trying to use a GPU architectures older than these. 
	   If you have multiple generations, try specifying --gpu <X>
	   with X=0. Then try X=1 in a new run, and so on. The numbering of
	   GPUs may not be obvious from the driver or intuition. For a list
	   of NVIDIA and AMD GPU compute generations and architectures, see 

	   en.wikipedia.org/wiki/CUDA#Version_features_and_specifications and 
	   docs.amd.com/bundle/Hardware_and_Software_Reference_Guide/page/Hardware_and_Software_Support.html

	-> ARE USING DOUBLE-PRECISION GPU CODE: relion has been written so
	   as to not require this, and may thus have unforeseen requirements
	   when run in this mode. If you think it is nonetheless necessary,
	   please consult the developers with this error.

If this occurred at the middle or end of a run, it might be that

	-> YOUR DATA OR PARAMETERS WERE UNEXPECTED: execution on GPUs is 
	   subject to many restrictions, and relion is written to work within
	   common restraints. If you have exotic data or settings, unexpected
	   configurations may occur. See also above point regarding 
	   double precision.
If none of the above applies, please report the error to the relion
developers at github.com/3dem/relion/issues.
ERROR: out of memory in /home/alex/mc-pr115-ownership-20260929/src/src/acc/cuda/cuda_alignpatch.cu at line 275 (error-code 2)
cudaEventCreate          10   host staging alignment             threw RelionError      0       intact   
in: /home/alex/mc-pr115-ownership-20260929/src/src/acc/cuda/cuda_settings.h, line 65
ERROR: 

A GPU-function failed to execute.

 If this occured at the start of a run, you might have GPUs which
are incompatible with either the data or your installation of relion.
If you 

	-> INSTALLED RELION YOURSELF: if you e.g. specified -DCUDA_ARCH=50
	   and are trying ot run on a compute 3.5 GPU (-DCUDA_ARCH=3.5), or 
	   a similar mismatch on AMD or Intel GPUs, this may happen.

	-> HAVE MULTIPLE GPUS OF DIFFERNT VERSIONS: relion needs at least NVIDIA 
	   GPUs with compute 5.0 or AMD MI GPUs with archtiecture gfx906. 
	   You may be trying to use a GPU architectures older than these. 
	   If you have multiple generations, try specifying --gpu <X>
	   with X=0. Then try X=1 in a new run, and so on. The numbering of
	   GPUs may not be obvious from the driver or intuition. For a list
	   of NVIDIA and AMD GPU compute generations and architectures, see 

	   en.wikipedia.org/wiki/CUDA#Version_features_and_specifications and 
	   docs.amd.com/bundle/Hardware_and_Software_Reference_Guide/page/Hardware_and_Software_Support.html

	-> ARE USING DOUBLE-PRECISION GPU CODE: relion has been written so
	   as to not require this, and may thus have unforeseen requirements
	   when run in this mode. If you think it is nonetheless necessary,
	   please consult the developers with this error.

If this occurred at the middle or end of a run, it might be that

	-> YOUR DATA OR PARAMETERS WERE UNEXPECTED: execution on GPUs is 
	   subject to many restrictions, and relion is written to work within
	   common restraints. If you have exotic data or settings, unexpected
	   configurations may occur. See also above point regarding 
	   double precision.
If none of the above applies, please report the error to the relion
developers at github.com/3dem/relion/issues.
ERROR: out of memory in /home/alex/mc-pr115-ownership-20260929/src/src/acc/cuda/cuda_alignpatch.cu at line 277 (error-code 2)
cudaEventCreate          11   host staging alignment             threw RelionError      0       intact   
in: /home/alex/mc-pr115-ownership-20260929/src/src/acc/cuda/cuda_settings.h, line 65
ERROR: 

A GPU-function failed to execute.

 If this occured at the start of a run, you might have GPUs which
are incompatible with either the data or your installation of relion.
If you 

	-> INSTALLED RELION YOURSELF: if you e.g. specified -DCUDA_ARCH=50
	   and are trying ot run on a compute 3.5 GPU (-DCUDA_ARCH=3.5), or 
	   a similar mismatch on AMD or Intel GPUs, this may happen.

	-> HAVE MULTIPLE GPUS OF DIFFERNT VERSIONS: relion needs at least NVIDIA 
	   GPUs with compute 5.0 or AMD MI GPUs with archtiecture gfx906. 
	   You may be trying to use a GPU architectures older than these. 
	   If you have multiple generations, try specifying --gpu <X>
	   with X=0. Then try X=1 in a new run, and so on. The numbering of
	   GPUs may not be obvious from the driver or intuition. For a list
	   of NVIDIA and AMD GPU compute generations and architectures, see 

	   en.wikipedia.org/wiki/CUDA#Version_features_and_specifications and 
	   docs.amd.com/bundle/Hardware_and_Software_Reference_Guide/page/Hardware_and_Software_Support.html

	-> ARE USING DOUBLE-PRECISION GPU CODE: relion has been written so
	   as to not require this, and may thus have unforeseen requirements
	   when run in this mode. If you think it is nonetheless necessary,
	   please consult the developers with this error.

If this occurred at the middle or end of a run, it might be that

	-> YOUR DATA OR PARAMETERS WERE UNEXPECTED: execution on GPUs is 
	   subject to many restrictions, and relion is written to work within
	   common restraints. If you have exotic data or settings, unexpected
	   configurations may occur. See also above point regarding 
	   double precision.
If none of the above applies, please report the error to the relion
developers at github.com/3dem/relion/issues.
ERROR: out of memory in /home/alex/mc-pr115-ownership-20260929/src/src/acc/cuda/cuda_alignpatch.cu at line 279 (error-code 2)
cudaEventCreate          12   host staging alignment             threw RelionError      0       intact   
in: /home/alex/mc-pr115-ownership-20260929/src/src/acc/cuda/cuda_settings.h, line 65
ERROR: 

A GPU-function failed to execute.

 If this occured at the start of a run, you might have GPUs which
are incompatible with either the data or your installation of relion.
If you 

	-> INSTALLED RELION YOURSELF: if you e.g. specified -DCUDA_ARCH=50
	   and are trying ot run on a compute 3.5 GPU (-DCUDA_ARCH=3.5), or 
	   a similar mismatch on AMD or Intel GPUs, this may happen.

	-> HAVE MULTIPLE GPUS OF DIFFERNT VERSIONS: relion needs at least NVIDIA 
	   GPUs with compute 5.0 or AMD MI GPUs with archtiecture gfx906. 
	   You may be trying to use a GPU architectures older than these. 
	   If you have multiple generations, try specifying --gpu <X>
	   with X=0. Then try X=1 in a new run, and so on. The numbering of
	   GPUs may not be obvious from the driver or intuition. For a list
	   of NVIDIA and AMD GPU compute generations and architectures, see 

	   en.wikipedia.org/wiki/CUDA#Version_features_and_specifications and 
	   docs.amd.com/bundle/Hardware_and_Software_Reference_Guide/page/Hardware_and_Software_Support.html

	-> ARE USING DOUBLE-PRECISION GPU CODE: relion has been written so
	   as to not require this, and may thus have unforeseen requirements
	   when run in this mode. If you think it is nonetheless necessary,
	   please consult the developers with this error.

If this occurred at the middle or end of a run, it might be that

	-> YOUR DATA OR PARAMETERS WERE UNEXPECTED: execution on GPUs is 
	   subject to many restrictions, and relion is written to work within
	   common restraints. If you have exotic data or settings, unexpected
	   configurations may occur. See also above point regarding 
	   double precision.
If none of the above applies, please report the error to the relion
developers at github.com/3dem/relion/issues.
ERROR: out of memory in /home/alex/mc-pr115-ownership-20260929/src/src/acc/cuda/cuda_alignpatch.cu at line 281 (error-code 2)
cudaEventCreate          13   host staging alignment             threw RelionError      0       intact   
in: /home/alex/mc-pr115-ownership-20260929/src/src/acc/cuda/cuda_settings.h, line 65
ERROR: 

A GPU-function failed to execute.

 If this occured at the start of a run, you might have GPUs which
are incompatible with either the data or your installation of relion.
If you 

	-> INSTALLED RELION YOURSELF: if you e.g. specified -DCUDA_ARCH=50
	   and are trying ot run on a compute 3.5 GPU (-DCUDA_ARCH=3.5), or 
	   a similar mismatch on AMD or Intel GPUs, this may happen.

	-> HAVE MULTIPLE GPUS OF DIFFERNT VERSIONS: relion needs at least NVIDIA 
	   GPUs with compute 5.0 or AMD MI GPUs with archtiecture gfx906. 
	   You may be trying to use a GPU architectures older than these. 
	   If you have multiple generations, try specifying --gpu <X>
	   with X=0. Then try X=1 in a new run, and so on. The numbering of
	   GPUs may not be obvious from the driver or intuition. For a list
	   of NVIDIA and AMD GPU compute generations and architectures, see 

	   en.wikipedia.org/wiki/CUDA#Version_features_and_specifications and 
	   docs.amd.com/bundle/Hardware_and_Software_Reference_Guide/page/Hardware_and_Software_Support.html

	-> ARE USING DOUBLE-PRECISION GPU CODE: relion has been written so
	   as to not require this, and may thus have unforeseen requirements
	   when run in this mode. If you think it is nonetheless necessary,
	   please consult the developers with this error.

If this occurred at the middle or end of a run, it might be that

	-> YOUR DATA OR PARAMETERS WERE UNEXPECTED: execution on GPUs is 
	   subject to many restrictions, and relion is written to work within
	   common restraints. If you have exotic data or settings, unexpected
	   configurations may occur. See also above point regarding 
	   double precision.
If none of the above applies, please report the error to the relion
developers at github.com/3dem/relion/issues.
ERROR: out of memory in /home/alex/mc-pr115-ownership-20260929/src/src/acc/cuda/cuda_alignpatch.cu at line 283 (error-code 2)
cudaEventCreate          14   host staging alignment             threw RelionError      0       intact   
in: /home/alex/mc-pr115-ownership-20260929/src/src/acc/cuda/cuda_settings.h, line 65
ERROR: 

A GPU-function failed to execute.

 If this occured at the start of a run, you might have GPUs which
are incompatible with either the data or your installation of relion.
If you 

	-> INSTALLED RELION YOURSELF: if you e.g. specified -DCUDA_ARCH=50
	   and are trying ot run on a compute 3.5 GPU (-DCUDA_ARCH=3.5), or 
	   a similar mismatch on AMD or Intel GPUs, this may happen.

	-> HAVE MULTIPLE GPUS OF DIFFERNT VERSIONS: relion needs at least NVIDIA 
	   GPUs with compute 5.0 or AMD MI GPUs with archtiecture gfx906. 
	   You may be trying to use a GPU architectures older than these. 
	   If you have multiple generations, try specifying --gpu <X>
	   with X=0. Then try X=1 in a new run, and so on. The numbering of
	   GPUs may not be obvious from the driver or intuition. For a list
	   of NVIDIA and AMD GPU compute generations and architectures, see 

	   en.wikipedia.org/wiki/CUDA#Version_features_and_specifications and 
	   docs.amd.com/bundle/Hardware_and_Software_Reference_Guide/page/Hardware_and_Software_Support.html

	-> ARE USING DOUBLE-PRECISION GPU CODE: relion has been written so
	   as to not require this, and may thus have unforeseen requirements
	   when run in this mode. If you think it is nonetheless necessary,
	   please consult the developers with this error.

If this occurred at the middle or end of a run, it might be that

	-> YOUR DATA OR PARAMETERS WERE UNEXPECTED: execution on GPUs is 
	   subject to many restrictions, and relion is written to work within
	   common restraints. If you have exotic data or settings, unexpected
	   configurations may occur. See also above point regarding 
	   double precision.
If none of the above applies, please report the error to the relion
developers at github.com/3dem/relion/issues.
ERROR: out of memory in /home/alex/mc-pr115-ownership-20260929/src/src/acc/cuda/cuda_alignpatch.cu at line 285 (error-code 2)
cudaEventCreate          15   host staging alignment             threw RelionError      0       intact   
in: /home/alex/mc-pr115-ownership-20260929/src/src/acc/cuda/cuda_settings.h, line 65
ERROR: 

A GPU-function failed to execute.

 If this occured at the start of a run, you might have GPUs which
are incompatible with either the data or your installation of relion.
If you 

	-> INSTALLED RELION YOURSELF: if you e.g. specified -DCUDA_ARCH=50
	   and are trying ot run on a compute 3.5 GPU (-DCUDA_ARCH=3.5), or 
	   a similar mismatch on AMD or Intel GPUs, this may happen.

	-> HAVE MULTIPLE GPUS OF DIFFERNT VERSIONS: relion needs at least NVIDIA 
	   GPUs with compute 5.0 or AMD MI GPUs with archtiecture gfx906. 
	   You may be trying to use a GPU architectures older than these. 
	   If you have multiple generations, try specifying --gpu <X>
	   with X=0. Then try X=1 in a new run, and so on. The numbering of
	   GPUs may not be obvious from the driver or intuition. For a list
	   of NVIDIA and AMD GPU compute generations and architectures, see 

	   en.wikipedia.org/wiki/CUDA#Version_features_and_specifications and 
	   docs.amd.com/bundle/Hardware_and_Software_Reference_Guide/page/Hardware_and_Software_Support.html

	-> ARE USING DOUBLE-PRECISION GPU CODE: relion has been written so
	   as to not require this, and may thus have unforeseen requirements
	   when run in this mode. If you think it is nonetheless necessary,
	   please consult the developers with this error.

If this occurred at the middle or end of a run, it might be that

	-> YOUR DATA OR PARAMETERS WERE UNEXPECTED: execution on GPUs is 
	   subject to many restrictions, and relion is written to work within
	   common restraints. If you have exotic data or settings, unexpected
	   configurations may occur. See also above point regarding 
	   double precision.
If none of the above applies, please report the error to the relion
developers at github.com/3dem/relion/issues.
ERROR: out of memory in /home/alex/mc-pr115-ownership-20260929/src/src/acc/cuda/cuda_alignpatch.cu at line 271 (error-code 2)
cudaEventCreate          16   host staging alignment             threw RelionError      0       intact   
cudaEventCreate          17   unweighted reconstruction          returned false         0       intact   
cudaEventCreate          18   unweighted reconstruction          returned false         0       intact   
in: /home/alex/mc-pr115-ownership-20260929/src/src/acc/cuda/cuda_settings.h, line 65
ERROR: 

A GPU-function failed to execute.

 If this occured at the start of a run, you might have GPUs which
are incompatible with either the data or your installation of relion.
If you 

	-> INSTALLED RELION YOURSELF: if you e.g. specified -DCUDA_ARCH=50
	   and are trying ot run on a compute 3.5 GPU (-DCUDA_ARCH=3.5), or 
	   a similar mismatch on AMD or Intel GPUs, this may happen.

	-> HAVE MULTIPLE GPUS OF DIFFERNT VERSIONS: relion needs at least NVIDIA 
	   GPUs with compute 5.0 or AMD MI GPUs with archtiecture gfx906. 
	   You may be trying to use a GPU architectures older than these. 
	   If you have multiple generations, try specifying --gpu <X>
	   with X=0. Then try X=1 in a new run, and so on. The numbering of
	   GPUs may not be obvious from the driver or intuition. For a list
	   of NVIDIA and AMD GPU compute generations and architectures, see 

	   en.wikipedia.org/wiki/CUDA#Version_features_and_specifications and 
	   docs.amd.com/bundle/Hardware_and_Software_Reference_Guide/page/Hardware_and_Software_Support.html

	-> ARE USING DOUBLE-PRECISION GPU CODE: relion has been written so
	   as to not require this, and may thus have unforeseen requirements
	   when run in this mode. If you think it is nonetheless necessary,
	   please consult the developers with this error.

If this occurred at the middle or end of a run, it might be that

	-> YOUR DATA OR PARAMETERS WERE UNEXPECTED: execution on GPUs is 
	   subject to many restrictions, and relion is written to work within
	   common restraints. If you have exotic data or settings, unexpected
	   configurations may occur. See also above point regarding 
	   double precision.
If none of the above applies, please report the error to the relion
developers at github.com/3dem/relion/issues.
ERROR: out of memory in /home/alex/mc-pr115-ownership-20260929/src/src/acc/cuda/cuda_alignpatch.cu at line 273 (error-code 2)
cudaEventCreate          19   patch alignment                    threw RelionError      0       intact   
in: /home/alex/mc-pr115-ownership-20260929/src/src/acc/cuda/cuda_settings.h, line 65
ERROR: 

A GPU-function failed to execute.

 If this occured at the start of a run, you might have GPUs which
are incompatible with either the data or your installation of relion.
If you 

	-> INSTALLED RELION YOURSELF: if you e.g. specified -DCUDA_ARCH=50
	   and are trying ot run on a compute 3.5 GPU (-DCUDA_ARCH=3.5), or 
	   a similar mismatch on AMD or Intel GPUs, this may happen.

	-> HAVE MULTIPLE GPUS OF DIFFERNT VERSIONS: relion needs at least NVIDIA 
	   GPUs with compute 5.0 or AMD MI GPUs with archtiecture gfx906. 
	   You may be trying to use a GPU architectures older than these. 
	   If you have multiple generations, try specifying --gpu <X>
	   with X=0. Then try X=1 in a new run, and so on. The numbering of
	   GPUs may not be obvious from the driver or intuition. For a list
	   of NVIDIA and AMD GPU compute generations and architectures, see 

	   en.wikipedia.org/wiki/CUDA#Version_features_and_specifications and 
	   docs.amd.com/bundle/Hardware_and_Software_Reference_Guide/page/Hardware_and_Software_Support.html

	-> ARE USING DOUBLE-PRECISION GPU CODE: relion has been written so
	   as to not require this, and may thus have unforeseen requirements
	   when run in this mode. If you think it is nonetheless necessary,
	   please consult the developers with this error.

If this occurred at the middle or end of a run, it might be that

	-> YOUR DATA OR PARAMETERS WERE UNEXPECTED: execution on GPUs is 
	   subject to many restrictions, and relion is written to work within
	   common restraints. If you have exotic data or settings, unexpected
	   configurations may occur. See also above point regarding 
	   double precision.
If none of the above applies, please report the error to the relion
developers at github.com/3dem/relion/issues.
ERROR: out of memory in /home/alex/mc-pr115-ownership-20260929/src/src/acc/cuda/cuda_alignpatch.cu at line 275 (error-code 2)
cudaEventCreate          20   patch alignment                    threw RelionError      0       intact   
in: /home/alex/mc-pr115-ownership-20260929/src/src/acc/cuda/cuda_settings.h, line 65
ERROR: 

A GPU-function failed to execute.

 If this occured at the start of a run, you might have GPUs which
are incompatible with either the data or your installation of relion.
If you 

	-> INSTALLED RELION YOURSELF: if you e.g. specified -DCUDA_ARCH=50
	   and are trying ot run on a compute 3.5 GPU (-DCUDA_ARCH=3.5), or 
	   a similar mismatch on AMD or Intel GPUs, this may happen.

	-> HAVE MULTIPLE GPUS OF DIFFERNT VERSIONS: relion needs at least NVIDIA 
	   GPUs with compute 5.0 or AMD MI GPUs with archtiecture gfx906. 
	   You may be trying to use a GPU architectures older than these. 
	   If you have multiple generations, try specifying --gpu <X>
	   with X=0. Then try X=1 in a new run, and so on. The numbering of
	   GPUs may not be obvious from the driver or intuition. For a list
	   of NVIDIA and AMD GPU compute generations and architectures, see 

	   en.wikipedia.org/wiki/CUDA#Version_features_and_specifications and 
	   docs.amd.com/bundle/Hardware_and_Software_Reference_Guide/page/Hardware_and_Software_Support.html

	-> ARE USING DOUBLE-PRECISION GPU CODE: relion has been written so
	   as to not require this, and may thus have unforeseen requirements
	   when run in this mode. If you think it is nonetheless necessary,
	   please consult the developers with this error.

If this occurred at the middle or end of a run, it might be that

	-> YOUR DATA OR PARAMETERS WERE UNEXPECTED: execution on GPUs is 
	   subject to many restrictions, and relion is written to work within
	   common restraints. If you have exotic data or settings, unexpected
	   configurations may occur. See also above point regarding 
	   double precision.
If none of the above applies, please report the error to the relion
developers at github.com/3dem/relion/issues.
ERROR: out of memory in /home/alex/mc-pr115-ownership-20260929/src/src/acc/cuda/cuda_alignpatch.cu at line 277 (error-code 2)
cudaEventCreate          21   patch alignment                    threw RelionError      0       intact   
in: /home/alex/mc-pr115-ownership-20260929/src/src/acc/cuda/cuda_settings.h, line 65
ERROR: 

A GPU-function failed to execute.

 If this occured at the start of a run, you might have GPUs which
are incompatible with either the data or your installation of relion.
If you 

	-> INSTALLED RELION YOURSELF: if you e.g. specified -DCUDA_ARCH=50
	   and are trying ot run on a compute 3.5 GPU (-DCUDA_ARCH=3.5), or 
	   a similar mismatch on AMD or Intel GPUs, this may happen.

	-> HAVE MULTIPLE GPUS OF DIFFERNT VERSIONS: relion needs at least NVIDIA 
	   GPUs with compute 5.0 or AMD MI GPUs with archtiecture gfx906. 
	   You may be trying to use a GPU architectures older than these. 
	   If you have multiple generations, try specifying --gpu <X>
	   with X=0. Then try X=1 in a new run, and so on. The numbering of
	   GPUs may not be obvious from the driver or intuition. For a list
	   of NVIDIA and AMD GPU compute generations and architectures, see 

	   en.wikipedia.org/wiki/CUDA#Version_features_and_specifications and 
	   docs.amd.com/bundle/Hardware_and_Software_Reference_Guide/page/Hardware_and_Software_Support.html

	-> ARE USING DOUBLE-PRECISION GPU CODE: relion has been written so
	   as to not require this, and may thus have unforeseen requirements
	   when run in this mode. If you think it is nonetheless necessary,
	   please consult the developers with this error.

If this occurred at the middle or end of a run, it might be that

	-> YOUR DATA OR PARAMETERS WERE UNEXPECTED: execution on GPUs is 
	   subject to many restrictions, and relion is written to work within
	   common restraints. If you have exotic data or settings, unexpected
	   configurations may occur. See also above point regarding 
	   double precision.
If none of the above applies, please report the error to the relion
developers at github.com/3dem/relion/issues.
ERROR: out of memory in /home/alex/mc-pr115-ownership-20260929/src/src/acc/cuda/cuda_alignpatch.cu at line 279 (error-code 2)
cudaEventCreate          22   patch alignment                    threw RelionError      0       intact   
in: /home/alex/mc-pr115-ownership-20260929/src/src/acc/cuda/cuda_settings.h, line 65
ERROR: 

A GPU-function failed to execute.

 If this occured at the start of a run, you might have GPUs which
are incompatible with either the data or your installation of relion.
If you 

	-> INSTALLED RELION YOURSELF: if you e.g. specified -DCUDA_ARCH=50
	   and are trying ot run on a compute 3.5 GPU (-DCUDA_ARCH=3.5), or 
	   a similar mismatch on AMD or Intel GPUs, this may happen.

	-> HAVE MULTIPLE GPUS OF DIFFERNT VERSIONS: relion needs at least NVIDIA 
	   GPUs with compute 5.0 or AMD MI GPUs with archtiecture gfx906. 
	   You may be trying to use a GPU architectures older than these. 
	   If you have multiple generations, try specifying --gpu <X>
	   with X=0. Then try X=1 in a new run, and so on. The numbering of
	   GPUs may not be obvious from the driver or intuition. For a list
	   of NVIDIA and AMD GPU compute generations and architectures, see 

	   en.wikipedia.org/wiki/CUDA#Version_features_and_specifications and 
	   docs.amd.com/bundle/Hardware_and_Software_Reference_Guide/page/Hardware_and_Software_Support.html

	-> ARE USING DOUBLE-PRECISION GPU CODE: relion has been written so
	   as to not require this, and may thus have unforeseen requirements
	   when run in this mode. If you think it is nonetheless necessary,
	   please consult the developers with this error.

If this occurred at the middle or end of a run, it might be that

	-> YOUR DATA OR PARAMETERS WERE UNEXPECTED: execution on GPUs is 
	   subject to many restrictions, and relion is written to work within
	   common restraints. If you have exotic data or settings, unexpected
	   configurations may occur. See also above point regarding 
	   double precision.
If none of the above applies, please report the error to the relion
developers at github.com/3dem/relion/issues.
ERROR: out of memory in /home/alex/mc-pr115-ownership-20260929/src/src/acc/cuda/cuda_alignpatch.cu at line 281 (error-code 2)
cudaEventCreate          23   patch alignment                    threw RelionError      0       intact   
in: /home/alex/mc-pr115-ownership-20260929/src/src/acc/cuda/cuda_settings.h, line 65
ERROR: 

A GPU-function failed to execute.

 If this occured at the start of a run, you might have GPUs which
are incompatible with either the data or your installation of relion.
If you 

	-> INSTALLED RELION YOURSELF: if you e.g. specified -DCUDA_ARCH=50
	   and are trying ot run on a compute 3.5 GPU (-DCUDA_ARCH=3.5), or 
	   a similar mismatch on AMD or Intel GPUs, this may happen.

	-> HAVE MULTIPLE GPUS OF DIFFERNT VERSIONS: relion needs at least NVIDIA 
	   GPUs with compute 5.0 or AMD MI GPUs with archtiecture gfx906. 
	   You may be trying to use a GPU architectures older than these. 
	   If you have multiple generations, try specifying --gpu <X>
	   with X=0. Then try X=1 in a new run, and so on. The numbering of
	   GPUs may not be obvious from the driver or intuition. For a list
	   of NVIDIA and AMD GPU compute generations and architectures, see 

	   en.wikipedia.org/wiki/CUDA#Version_features_and_specifications and 
	   docs.amd.com/bundle/Hardware_and_Software_Reference_Guide/page/Hardware_and_Software_Support.html

	-> ARE USING DOUBLE-PRECISION GPU CODE: relion has been written so
	   as to not require this, and may thus have unforeseen requirements
	   when run in this mode. If you think it is nonetheless necessary,
	   please consult the developers with this error.

If this occurred at the middle or end of a run, it might be that

	-> YOUR DATA OR PARAMETERS WERE UNEXPECTED: execution on GPUs is 
	   subject to many restrictions, and relion is written to work within
	   common restraints. If you have exotic data or settings, unexpected
	   configurations may occur. See also above point regarding 
	   double precision.
If none of the above applies, please report the error to the relion
developers at github.com/3dem/relion/issues.
ERROR: out of memory in /home/alex/mc-pr115-ownership-20260929/src/src/acc/cuda/cuda_alignpatch.cu at line 283 (error-code 2)
cudaEventCreate          24   patch alignment                    threw RelionError      0       intact   
in: /home/alex/mc-pr115-ownership-20260929/src/src/acc/cuda/cuda_settings.h, line 65
ERROR: 

A GPU-function failed to execute.

 If this occured at the start of a run, you might have GPUs which
are incompatible with either the data or your installation of relion.
If you 

	-> INSTALLED RELION YOURSELF: if you e.g. specified -DCUDA_ARCH=50
	   and are trying ot run on a compute 3.5 GPU (-DCUDA_ARCH=3.5), or 
	   a similar mismatch on AMD or Intel GPUs, this may happen.

	-> HAVE MULTIPLE GPUS OF DIFFERNT VERSIONS: relion needs at least NVIDIA 
	   GPUs with compute 5.0 or AMD MI GPUs with archtiecture gfx906. 
	   You may be trying to use a GPU architectures older than these. 
	   If you have multiple generations, try specifying --gpu <X>
	   with X=0. Then try X=1 in a new run, and so on. The numbering of
	   GPUs may not be obvious from the driver or intuition. For a list
	   of NVIDIA and AMD GPU compute generations and architectures, see 

	   en.wikipedia.org/wiki/CUDA#Version_features_and_specifications and 
	   docs.amd.com/bundle/Hardware_and_Software_Reference_Guide/page/Hardware_and_Software_Support.html

	-> ARE USING DOUBLE-PRECISION GPU CODE: relion has been written so
	   as to not require this, and may thus have unforeseen requirements
	   when run in this mode. If you think it is nonetheless necessary,
	   please consult the developers with this error.

If this occurred at the middle or end of a run, it might be that

	-> YOUR DATA OR PARAMETERS WERE UNEXPECTED: execution on GPUs is 
	   subject to many restrictions, and relion is written to work within
	   common restraints. If you have exotic data or settings, unexpected
	   configurations may occur. See also above point regarding 
	   double precision.
If none of the above applies, please report the error to the relion
developers at github.com/3dem/relion/issues.
ERROR: out of memory in /home/alex/mc-pr115-ownership-20260929/src/src/acc/cuda/cuda_alignpatch.cu at line 285 (error-code 2)
cudaEventCreate          25   patch alignment                    threw RelionError      0       intact   
in: /home/alex/mc-pr115-ownership-20260929/src/src/acc/cuda/cuda_settings.h, line 65
ERROR: 

A GPU-function failed to execute.

 If this occured at the start of a run, you might have GPUs which
are incompatible with either the data or your installation of relion.
If you 

	-> INSTALLED RELION YOURSELF: if you e.g. specified -DCUDA_ARCH=50
	   and are trying ot run on a compute 3.5 GPU (-DCUDA_ARCH=3.5), or 
	   a similar mismatch on AMD or Intel GPUs, this may happen.

	-> HAVE MULTIPLE GPUS OF DIFFERNT VERSIONS: relion needs at least NVIDIA 
	   GPUs with compute 5.0 or AMD MI GPUs with archtiecture gfx906. 
	   You may be trying to use a GPU architectures older than these. 
	   If you have multiple generations, try specifying --gpu <X>
	   with X=0. Then try X=1 in a new run, and so on. The numbering of
	   GPUs may not be obvious from the driver or intuition. For a list
	   of NVIDIA and AMD GPU compute generations and architectures, see 

	   en.wikipedia.org/wiki/CUDA#Version_features_and_specifications and 
	   docs.amd.com/bundle/Hardware_and_Software_Reference_Guide/page/Hardware_and_Software_Support.html

	-> ARE USING DOUBLE-PRECISION GPU CODE: relion has been written so
	   as to not require this, and may thus have unforeseen requirements
	   when run in this mode. If you think it is nonetheless necessary,
	   please consult the developers with this error.

If this occurred at the middle or end of a run, it might be that

	-> YOUR DATA OR PARAMETERS WERE UNEXPECTED: execution on GPUs is 
	   subject to many restrictions, and relion is written to work within
	   common restraints. If you have exotic data or settings, unexpected
	   configurations may occur. See also above point regarding 
	   double precision.
If none of the above applies, please report the error to the relion
developers at github.com/3dem/relion/issues.
ERROR: invalid argument in /home/alex/mc-pr115-ownership-20260929/src/src/acc/cuda/cuda_alignpatch.cu at line 511 (error-code 1)
cudaEventCreate          26   patch alignment                    threw RelionError      0       intact   
cudaEventCreate          27   dose-weighted reconstruction       returned false         0       intact   
cudaEventCreate          28   dose-weighted reconstruction       returned false         0       intact   
cudaEventCreate          29   dose-weighted reconstruction       returned false         0       intact   
cudaEventCreate          30   dose-weighted reconstruction       returned false         0       intact   
cudaEventCreate          31   dose-weighted reconstruction       returned false         0       intact   
cudaEventCreate          32   dose-weighted reconstruction       returned false         0       intact   
cudaEventCreate          33   dose-weighted reconstruction       returned false         0       intact   
cudaEventCreate          34   dose-weighted reconstruction       returned false         0       intact   
in: /home/alex/mc-pr115-ownership-20260929/src/src/acc/cuda/cuda_settings.h, line 65
ERROR: 

A GPU-function failed to execute.

 If this occured at the start of a run, you might have GPUs which
are incompatible with either the data or your installation of relion.
If you 

	-> INSTALLED RELION YOURSELF: if you e.g. specified -DCUDA_ARCH=50
	   and are trying ot run on a compute 3.5 GPU (-DCUDA_ARCH=3.5), or 
	   a similar mismatch on AMD or Intel GPUs, this may happen.

	-> HAVE MULTIPLE GPUS OF DIFFERNT VERSIONS: relion needs at least NVIDIA 
	   GPUs with compute 5.0 or AMD MI GPUs with archtiecture gfx906. 
	   You may be trying to use a GPU architectures older than these. 
	   If you have multiple generations, try specifying --gpu <X>
	   with X=0. Then try X=1 in a new run, and so on. The numbering of
	   GPUs may not be obvious from the driver or intuition. For a list
	   of NVIDIA and AMD GPU compute generations and architectures, see 

	   en.wikipedia.org/wiki/CUDA#Version_features_and_specifications and 
	   docs.amd.com/bundle/Hardware_and_Software_Reference_Guide/page/Hardware_and_Software_Support.html

	-> ARE USING DOUBLE-PRECISION GPU CODE: relion has been written so
	   as to not require this, and may thus have unforeseen requirements
	   when run in this mode. If you think it is nonetheless necessary,
	   please consult the developers with this error.

If this occurred at the middle or end of a run, it might be that

	-> YOUR DATA OR PARAMETERS WERE UNEXPECTED: execution on GPUs is 
	   subject to many restrictions, and relion is written to work within
	   common restraints. If you have exotic data or settings, unexpected
	   configurations may occur. See also above point regarding 
	   double precision.
If none of the above applies, please report the error to the relion
developers at github.com/3dem/relion/issues.
ERROR: invalid argument in /home/alex/mc-pr115-ownership-20260929/src/src/acc/cuda/cuda_alignpatch.cu at line 511 (error-code 1)
cudaEventDestroy (after release) 1    global alignment                   threw RelionError      0       intact   
in: /home/alex/mc-pr115-ownership-20260929/src/src/acc/cuda/cuda_settings.h, line 65
ERROR: 

A GPU-function failed to execute.

 If this occured at the start of a run, you might have GPUs which
are incompatible with either the data or your installation of relion.
If you 

	-> INSTALLED RELION YOURSELF: if you e.g. specified -DCUDA_ARCH=50
	   and are trying ot run on a compute 3.5 GPU (-DCUDA_ARCH=3.5), or 
	   a similar mismatch on AMD or Intel GPUs, this may happen.

	-> HAVE MULTIPLE GPUS OF DIFFERNT VERSIONS: relion needs at least NVIDIA 
	   GPUs with compute 5.0 or AMD MI GPUs with archtiecture gfx906. 
	   You may be trying to use a GPU architectures older than these. 
	   If you have multiple generations, try specifying --gpu <X>
	   with X=0. Then try X=1 in a new run, and so on. The numbering of
	   GPUs may not be obvious from the driver or intuition. For a list
	   of NVIDIA and AMD GPU compute generations and architectures, see 

	   en.wikipedia.org/wiki/CUDA#Version_features_and_specifications and 
	   docs.amd.com/bundle/Hardware_and_Software_Reference_Guide/page/Hardware_and_Software_Support.html

	-> ARE USING DOUBLE-PRECISION GPU CODE: relion has been written so
	   as to not require this, and may thus have unforeseen requirements
	   when run in this mode. If you think it is nonetheless necessary,
	   please consult the developers with this error.

If this occurred at the middle or end of a run, it might be that

	-> YOUR DATA OR PARAMETERS WERE UNEXPECTED: execution on GPUs is 
	   subject to many restrictions, and relion is written to work within
	   common restraints. If you have exotic data or settings, unexpected
	   configurations may occur. See also above point regarding 
	   double precision.
If none of the above applies, please report the error to the relion
developers at github.com/3dem/relion/issues.
ERROR: invalid argument in /home/alex/mc-pr115-ownership-20260929/src/src/acc/cuda/cuda_alignpatch.cu at line 511 (error-code 1)
cudaEventDestroy (after release) 2    global alignment                   threw RelionError      0       intact   
in: /home/alex/mc-pr115-ownership-20260929/src/src/acc/cuda/cuda_settings.h, line 65
ERROR: 

A GPU-function failed to execute.

 If this occured at the start of a run, you might have GPUs which
are incompatible with either the data or your installation of relion.
If you 

	-> INSTALLED RELION YOURSELF: if you e.g. specified -DCUDA_ARCH=50
	   and are trying ot run on a compute 3.5 GPU (-DCUDA_ARCH=3.5), or 
	   a similar mismatch on AMD or Intel GPUs, this may happen.

	-> HAVE MULTIPLE GPUS OF DIFFERNT VERSIONS: relion needs at least NVIDIA 
	   GPUs with compute 5.0 or AMD MI GPUs with archtiecture gfx906. 
	   You may be trying to use a GPU architectures older than these. 
	   If you have multiple generations, try specifying --gpu <X>
	   with X=0. Then try X=1 in a new run, and so on. The numbering of
	   GPUs may not be obvious from the driver or intuition. For a list
	   of NVIDIA and AMD GPU compute generations and architectures, see 

	   en.wikipedia.org/wiki/CUDA#Version_features_and_specifications and 
	   docs.amd.com/bundle/Hardware_and_Software_Reference_Guide/page/Hardware_and_Software_Support.html

	-> ARE USING DOUBLE-PRECISION GPU CODE: relion has been written so
	   as to not require this, and may thus have unforeseen requirements
	   when run in this mode. If you think it is nonetheless necessary,
	   please consult the developers with this error.

If this occurred at the middle or end of a run, it might be that

	-> YOUR DATA OR PARAMETERS WERE UNEXPECTED: execution on GPUs is 
	   subject to many restrictions, and relion is written to work within
	   common restraints. If you have exotic data or settings, unexpected
	   configurations may occur. See also above point regarding 
	   double precision.
If none of the above applies, please report the error to the relion
developers at github.com/3dem/relion/issues.
ERROR: invalid argument in /home/alex/mc-pr115-ownership-20260929/src/src/acc/cuda/cuda_alignpatch.cu at line 511 (error-code 1)
cudaEventDestroy (after release) 3    global alignment                   threw RelionError      0       intact   
in: /home/alex/mc-pr115-ownership-20260929/src/src/acc/cuda/cuda_settings.h, line 65
ERROR: 

A GPU-function failed to execute.

 If this occured at the start of a run, you might have GPUs which
are incompatible with either the data or your installation of relion.
If you 

	-> INSTALLED RELION YOURSELF: if you e.g. specified -DCUDA_ARCH=50
	   and are trying ot run on a compute 3.5 GPU (-DCUDA_ARCH=3.5), or 
	   a similar mismatch on AMD or Intel GPUs, this may happen.

	-> HAVE MULTIPLE GPUS OF DIFFERNT VERSIONS: relion needs at least NVIDIA 
	   GPUs with compute 5.0 or AMD MI GPUs with archtiecture gfx906. 
	   You may be trying to use a GPU architectures older than these. 
	   If you have multiple generations, try specifying --gpu <X>
	   with X=0. Then try X=1 in a new run, and so on. The numbering of
	   GPUs may not be obvious from the driver or intuition. For a list
	   of NVIDIA and AMD GPU compute generations and architectures, see 

	   en.wikipedia.org/wiki/CUDA#Version_features_and_specifications and 
	   docs.amd.com/bundle/Hardware_and_Software_Reference_Guide/page/Hardware_and_Software_Support.html

	-> ARE USING DOUBLE-PRECISION GPU CODE: relion has been written so
	   as to not require this, and may thus have unforeseen requirements
	   when run in this mode. If you think it is nonetheless necessary,
	   please consult the developers with this error.

If this occurred at the middle or end of a run, it might be that

	-> YOUR DATA OR PARAMETERS WERE UNEXPECTED: execution on GPUs is 
	   subject to many restrictions, and relion is written to work within
	   common restraints. If you have exotic data or settings, unexpected
	   configurations may occur. See also above point regarding 
	   double precision.
If none of the above applies, please report the error to the relion
developers at github.com/3dem/relion/issues.
ERROR: invalid argument in /home/alex/mc-pr115-ownership-20260929/src/src/acc/cuda/cuda_alignpatch.cu at line 511 (error-code 1)
cudaEventDestroy (after release) 4    global alignment                   threw RelionError      0       intact   
in: /home/alex/mc-pr115-ownership-20260929/src/src/acc/cuda/cuda_settings.h, line 65
ERROR: 

A GPU-function failed to execute.

 If this occured at the start of a run, you might have GPUs which
are incompatible with either the data or your installation of relion.
If you 

	-> INSTALLED RELION YOURSELF: if you e.g. specified -DCUDA_ARCH=50
	   and are trying ot run on a compute 3.5 GPU (-DCUDA_ARCH=3.5), or 
	   a similar mismatch on AMD or Intel GPUs, this may happen.

	-> HAVE MULTIPLE GPUS OF DIFFERNT VERSIONS: relion needs at least NVIDIA 
	   GPUs with compute 5.0 or AMD MI GPUs with archtiecture gfx906. 
	   You may be trying to use a GPU architectures older than these. 
	   If you have multiple generations, try specifying --gpu <X>
	   with X=0. Then try X=1 in a new run, and so on. The numbering of
	   GPUs may not be obvious from the driver or intuition. For a list
	   of NVIDIA and AMD GPU compute generations and architectures, see 

	   en.wikipedia.org/wiki/CUDA#Version_features_and_specifications and 
	   docs.amd.com/bundle/Hardware_and_Software_Reference_Guide/page/Hardware_and_Software_Support.html

	-> ARE USING DOUBLE-PRECISION GPU CODE: relion has been written so
	   as to not require this, and may thus have unforeseen requirements
	   when run in this mode. If you think it is nonetheless necessary,
	   please consult the developers with this error.

If this occurred at the middle or end of a run, it might be that

	-> YOUR DATA OR PARAMETERS WERE UNEXPECTED: execution on GPUs is 
	   subject to many restrictions, and relion is written to work within
	   common restraints. If you have exotic data or settings, unexpected
	   configurations may occur. See also above point regarding 
	   double precision.
If none of the above applies, please report the error to the relion
developers at github.com/3dem/relion/issues.
ERROR: invalid argument in /home/alex/mc-pr115-ownership-20260929/src/src/acc/cuda/cuda_alignpatch.cu at line 511 (error-code 1)
cudaEventDestroy (after release) 5    global alignment                   threw RelionError      0       intact   
in: /home/alex/mc-pr115-ownership-20260929/src/src/acc/cuda/cuda_settings.h, line 65
ERROR: 

A GPU-function failed to execute.

 If this occured at the start of a run, you might have GPUs which
are incompatible with either the data or your installation of relion.
If you 

	-> INSTALLED RELION YOURSELF: if you e.g. specified -DCUDA_ARCH=50
	   and are trying ot run on a compute 3.5 GPU (-DCUDA_ARCH=3.5), or 
	   a similar mismatch on AMD or Intel GPUs, this may happen.

	-> HAVE MULTIPLE GPUS OF DIFFERNT VERSIONS: relion needs at least NVIDIA 
	   GPUs with compute 5.0 or AMD MI GPUs with archtiecture gfx906. 
	   You may be trying to use a GPU architectures older than these. 
	   If you have multiple generations, try specifying --gpu <X>
	   with X=0. Then try X=1 in a new run, and so on. The numbering of
	   GPUs may not be obvious from the driver or intuition. For a list
	   of NVIDIA and AMD GPU compute generations and architectures, see 

	   en.wikipedia.org/wiki/CUDA#Version_features_and_specifications and 
	   docs.amd.com/bundle/Hardware_and_Software_Reference_Guide/page/Hardware_and_Software_Support.html

	-> ARE USING DOUBLE-PRECISION GPU CODE: relion has been written so
	   as to not require this, and may thus have unforeseen requirements
	   when run in this mode. If you think it is nonetheless necessary,
	   please consult the developers with this error.

If this occurred at the middle or end of a run, it might be that

	-> YOUR DATA OR PARAMETERS WERE UNEXPECTED: execution on GPUs is 
	   subject to many restrictions, and relion is written to work within
	   common restraints. If you have exotic data or settings, unexpected
	   configurations may occur. See also above point regarding 
	   double precision.
If none of the above applies, please report the error to the relion
developers at github.com/3dem/relion/issues.
ERROR: invalid argument in /home/alex/mc-pr115-ownership-20260929/src/src/acc/cuda/cuda_alignpatch.cu at line 511 (error-code 1)
cudaEventDestroy (after release) 6    global alignment                   threw RelionError      0       intact   
in: /home/alex/mc-pr115-ownership-20260929/src/src/acc/cuda/cuda_settings.h, line 65
ERROR: 

A GPU-function failed to execute.

 If this occured at the start of a run, you might have GPUs which
are incompatible with either the data or your installation of relion.
If you 

	-> INSTALLED RELION YOURSELF: if you e.g. specified -DCUDA_ARCH=50
	   and are trying ot run on a compute 3.5 GPU (-DCUDA_ARCH=3.5), or 
	   a similar mismatch on AMD or Intel GPUs, this may happen.

	-> HAVE MULTIPLE GPUS OF DIFFERNT VERSIONS: relion needs at least NVIDIA 
	   GPUs with compute 5.0 or AMD MI GPUs with archtiecture gfx906. 
	   You may be trying to use a GPU architectures older than these. 
	   If you have multiple generations, try specifying --gpu <X>
	   with X=0. Then try X=1 in a new run, and so on. The numbering of
	   GPUs may not be obvious from the driver or intuition. For a list
	   of NVIDIA and AMD GPU compute generations and architectures, see 

	   en.wikipedia.org/wiki/CUDA#Version_features_and_specifications and 
	   docs.amd.com/bundle/Hardware_and_Software_Reference_Guide/page/Hardware_and_Software_Support.html

	-> ARE USING DOUBLE-PRECISION GPU CODE: relion has been written so
	   as to not require this, and may thus have unforeseen requirements
	   when run in this mode. If you think it is nonetheless necessary,
	   please consult the developers with this error.

If this occurred at the middle or end of a run, it might be that

	-> YOUR DATA OR PARAMETERS WERE UNEXPECTED: execution on GPUs is 
	   subject to many restrictions, and relion is written to work within
	   common restraints. If you have exotic data or settings, unexpected
	   configurations may occur. See also above point regarding 
	   double precision.
If none of the above applies, please report the error to the relion
developers at github.com/3dem/relion/issues.
ERROR: invalid argument in /home/alex/mc-pr115-ownership-20260929/src/src/acc/cuda/cuda_alignpatch.cu at line 511 (error-code 1)
cudaEventDestroy (after release) 7    global alignment                   threw RelionError      0       intact   
in: /home/alex/mc-pr115-ownership-20260929/src/src/acc/cuda/cuda_settings.h, line 65
ERROR: 

A GPU-function failed to execute.

 If this occured at the start of a run, you might have GPUs which
are incompatible with either the data or your installation of relion.
If you 

	-> INSTALLED RELION YOURSELF: if you e.g. specified -DCUDA_ARCH=50
	   and are trying ot run on a compute 3.5 GPU (-DCUDA_ARCH=3.5), or 
	   a similar mismatch on AMD or Intel GPUs, this may happen.

	-> HAVE MULTIPLE GPUS OF DIFFERNT VERSIONS: relion needs at least NVIDIA 
	   GPUs with compute 5.0 or AMD MI GPUs with archtiecture gfx906. 
	   You may be trying to use a GPU architectures older than these. 
	   If you have multiple generations, try specifying --gpu <X>
	   with X=0. Then try X=1 in a new run, and so on. The numbering of
	   GPUs may not be obvious from the driver or intuition. For a list
	   of NVIDIA and AMD GPU compute generations and architectures, see 

	   en.wikipedia.org/wiki/CUDA#Version_features_and_specifications and 
	   docs.amd.com/bundle/Hardware_and_Software_Reference_Guide/page/Hardware_and_Software_Support.html

	-> ARE USING DOUBLE-PRECISION GPU CODE: relion has been written so
	   as to not require this, and may thus have unforeseen requirements
	   when run in this mode. If you think it is nonetheless necessary,
	   please consult the developers with this error.

If this occurred at the middle or end of a run, it might be that

	-> YOUR DATA OR PARAMETERS WERE UNEXPECTED: execution on GPUs is 
	   subject to many restrictions, and relion is written to work within
	   common restraints. If you have exotic data or settings, unexpected
	   configurations may occur. See also above point regarding 
	   double precision.
If none of the above applies, please report the error to the relion
developers at github.com/3dem/relion/issues.
ERROR: invalid argument in /home/alex/mc-pr115-ownership-20260929/src/src/acc/cuda/cuda_alignpatch.cu at line 511 (error-code 1)
cudaEventDestroy (after release) 8    global alignment                   threw RelionError      0       intact   
in: /home/alex/mc-pr115-ownership-20260929/src/src/acc/cuda/cuda_settings.h, line 65
ERROR: 

A GPU-function failed to execute.

 If this occured at the start of a run, you might have GPUs which
are incompatible with either the data or your installation of relion.
If you 

	-> INSTALLED RELION YOURSELF: if you e.g. specified -DCUDA_ARCH=50
	   and are trying ot run on a compute 3.5 GPU (-DCUDA_ARCH=3.5), or 
	   a similar mismatch on AMD or Intel GPUs, this may happen.

	-> HAVE MULTIPLE GPUS OF DIFFERNT VERSIONS: relion needs at least NVIDIA 
	   GPUs with compute 5.0 or AMD MI GPUs with archtiecture gfx906. 
	   You may be trying to use a GPU architectures older than these. 
	   If you have multiple generations, try specifying --gpu <X>
	   with X=0. Then try X=1 in a new run, and so on. The numbering of
	   GPUs may not be obvious from the driver or intuition. For a list
	   of NVIDIA and AMD GPU compute generations and architectures, see 

	   en.wikipedia.org/wiki/CUDA#Version_features_and_specifications and 
	   docs.amd.com/bundle/Hardware_and_Software_Reference_Guide/page/Hardware_and_Software_Support.html

	-> ARE USING DOUBLE-PRECISION GPU CODE: relion has been written so
	   as to not require this, and may thus have unforeseen requirements
	   when run in this mode. If you think it is nonetheless necessary,
	   please consult the developers with this error.

If this occurred at the middle or end of a run, it might be that

	-> YOUR DATA OR PARAMETERS WERE UNEXPECTED: execution on GPUs is 
	   subject to many restrictions, and relion is written to work within
	   common restraints. If you have exotic data or settings, unexpected
	   configurations may occur. See also above point regarding 
	   double precision.
If none of the above applies, please report the error to the relion
developers at github.com/3dem/relion/issues.
ERROR: invalid argument in /home/alex/mc-pr115-ownership-20260929/src/src/acc/cuda/cuda_alignpatch.cu at line 511 (error-code 1)
cudaEventDestroy (after release) 9    host staging alignment             threw RelionError      0       intact   
in: /home/alex/mc-pr115-ownership-20260929/src/src/acc/cuda/cuda_settings.h, line 65
ERROR: 

A GPU-function failed to execute.

 If this occured at the start of a run, you might have GPUs which
are incompatible with either the data or your installation of relion.
If you 

	-> INSTALLED RELION YOURSELF: if you e.g. specified -DCUDA_ARCH=50
	   and are trying ot run on a compute 3.5 GPU (-DCUDA_ARCH=3.5), or 
	   a similar mismatch on AMD or Intel GPUs, this may happen.

	-> HAVE MULTIPLE GPUS OF DIFFERNT VERSIONS: relion needs at least NVIDIA 
	   GPUs with compute 5.0 or AMD MI GPUs with archtiecture gfx906. 
	   You may be trying to use a GPU architectures older than these. 
	   If you have multiple generations, try specifying --gpu <X>
	   with X=0. Then try X=1 in a new run, and so on. The numbering of
	   GPUs may not be obvious from the driver or intuition. For a list
	   of NVIDIA and AMD GPU compute generations and architectures, see 

	   en.wikipedia.org/wiki/CUDA#Version_features_and_specifications and 
	   docs.amd.com/bundle/Hardware_and_Software_Reference_Guide/page/Hardware_and_Software_Support.html

	-> ARE USING DOUBLE-PRECISION GPU CODE: relion has been written so
	   as to not require this, and may thus have unforeseen requirements
	   when run in this mode. If you think it is nonetheless necessary,
	   please consult the developers with this error.

If this occurred at the middle or end of a run, it might be that

	-> YOUR DATA OR PARAMETERS WERE UNEXPECTED: execution on GPUs is 
	   subject to many restrictions, and relion is written to work within
	   common restraints. If you have exotic data or settings, unexpected
	   configurations may occur. See also above point regarding 
	   double precision.
If none of the above applies, please report the error to the relion
developers at github.com/3dem/relion/issues.
ERROR: invalid argument in /home/alex/mc-pr115-ownership-20260929/src/src/acc/cuda/cuda_alignpatch.cu at line 511 (error-code 1)
cudaEventDestroy (after release) 10   host staging alignment             threw RelionError      0       intact   
in: /home/alex/mc-pr115-ownership-20260929/src/src/acc/cuda/cuda_settings.h, line 65
ERROR: 

A GPU-function failed to execute.

 If this occured at the start of a run, you might have GPUs which
are incompatible with either the data or your installation of relion.
If you 

	-> INSTALLED RELION YOURSELF: if you e.g. specified -DCUDA_ARCH=50
	   and are trying ot run on a compute 3.5 GPU (-DCUDA_ARCH=3.5), or 
	   a similar mismatch on AMD or Intel GPUs, this may happen.

	-> HAVE MULTIPLE GPUS OF DIFFERNT VERSIONS: relion needs at least NVIDIA 
	   GPUs with compute 5.0 or AMD MI GPUs with archtiecture gfx906. 
	   You may be trying to use a GPU architectures older than these. 
	   If you have multiple generations, try specifying --gpu <X>
	   with X=0. Then try X=1 in a new run, and so on. The numbering of
	   GPUs may not be obvious from the driver or intuition. For a list
	   of NVIDIA and AMD GPU compute generations and architectures, see 

	   en.wikipedia.org/wiki/CUDA#Version_features_and_specifications and 
	   docs.amd.com/bundle/Hardware_and_Software_Reference_Guide/page/Hardware_and_Software_Support.html

	-> ARE USING DOUBLE-PRECISION GPU CODE: relion has been written so
	   as to not require this, and may thus have unforeseen requirements
	   when run in this mode. If you think it is nonetheless necessary,
	   please consult the developers with this error.

If this occurred at the middle or end of a run, it might be that

	-> YOUR DATA OR PARAMETERS WERE UNEXPECTED: execution on GPUs is 
	   subject to many restrictions, and relion is written to work within
	   common restraints. If you have exotic data or settings, unexpected
	   configurations may occur. See also above point regarding 
	   double precision.
If none of the above applies, please report the error to the relion
developers at github.com/3dem/relion/issues.
ERROR: invalid argument in /home/alex/mc-pr115-ownership-20260929/src/src/acc/cuda/cuda_alignpatch.cu at line 511 (error-code 1)
cudaEventDestroy (after release) 11   host staging alignment             threw RelionError      0       intact   
in: /home/alex/mc-pr115-ownership-20260929/src/src/acc/cuda/cuda_settings.h, line 65
ERROR: 

A GPU-function failed to execute.

 If this occured at the start of a run, you might have GPUs which
are incompatible with either the data or your installation of relion.
If you 

	-> INSTALLED RELION YOURSELF: if you e.g. specified -DCUDA_ARCH=50
	   and are trying ot run on a compute 3.5 GPU (-DCUDA_ARCH=3.5), or 
	   a similar mismatch on AMD or Intel GPUs, this may happen.

	-> HAVE MULTIPLE GPUS OF DIFFERNT VERSIONS: relion needs at least NVIDIA 
	   GPUs with compute 5.0 or AMD MI GPUs with archtiecture gfx906. 
	   You may be trying to use a GPU architectures older than these. 
	   If you have multiple generations, try specifying --gpu <X>
	   with X=0. Then try X=1 in a new run, and so on. The numbering of
	   GPUs may not be obvious from the driver or intuition. For a list
	   of NVIDIA and AMD GPU compute generations and architectures, see 

	   en.wikipedia.org/wiki/CUDA#Version_features_and_specifications and 
	   docs.amd.com/bundle/Hardware_and_Software_Reference_Guide/page/Hardware_and_Software_Support.html

	-> ARE USING DOUBLE-PRECISION GPU CODE: relion has been written so
	   as to not require this, and may thus have unforeseen requirements
	   when run in this mode. If you think it is nonetheless necessary,
	   please consult the developers with this error.

If this occurred at the middle or end of a run, it might be that

	-> YOUR DATA OR PARAMETERS WERE UNEXPECTED: execution on GPUs is 
	   subject to many restrictions, and relion is written to work within
	   common restraints. If you have exotic data or settings, unexpected
	   configurations may occur. See also above point regarding 
	   double precision.
If none of the above applies, please report the error to the relion
developers at github.com/3dem/relion/issues.
ERROR: invalid argument in /home/alex/mc-pr115-ownership-20260929/src/src/acc/cuda/cuda_alignpatch.cu at line 511 (error-code 1)
cudaEventDestroy (after release) 12   host staging alignment             threw RelionError      0       intact   
in: /home/alex/mc-pr115-ownership-20260929/src/src/acc/cuda/cuda_settings.h, line 65
ERROR: 

A GPU-function failed to execute.

 If this occured at the start of a run, you might have GPUs which
are incompatible with either the data or your installation of relion.
If you 

	-> INSTALLED RELION YOURSELF: if you e.g. specified -DCUDA_ARCH=50
	   and are trying ot run on a compute 3.5 GPU (-DCUDA_ARCH=3.5), or 
	   a similar mismatch on AMD or Intel GPUs, this may happen.

	-> HAVE MULTIPLE GPUS OF DIFFERNT VERSIONS: relion needs at least NVIDIA 
	   GPUs with compute 5.0 or AMD MI GPUs with archtiecture gfx906. 
	   You may be trying to use a GPU architectures older than these. 
	   If you have multiple generations, try specifying --gpu <X>
	   with X=0. Then try X=1 in a new run, and so on. The numbering of
	   GPUs may not be obvious from the driver or intuition. For a list
	   of NVIDIA and AMD GPU compute generations and architectures, see 

	   en.wikipedia.org/wiki/CUDA#Version_features_and_specifications and 
	   docs.amd.com/bundle/Hardware_and_Software_Reference_Guide/page/Hardware_and_Software_Support.html

	-> ARE USING DOUBLE-PRECISION GPU CODE: relion has been written so
	   as to not require this, and may thus have unforeseen requirements
	   when run in this mode. If you think it is nonetheless necessary,
	   please consult the developers with this error.

If this occurred at the middle or end of a run, it might be that

	-> YOUR DATA OR PARAMETERS WERE UNEXPECTED: execution on GPUs is 
	   subject to many restrictions, and relion is written to work within
	   common restraints. If you have exotic data or settings, unexpected
	   configurations may occur. See also above point regarding 
	   double precision.
If none of the above applies, please report the error to the relion
developers at github.com/3dem/relion/issues.
ERROR: invalid argument in /home/alex/mc-pr115-ownership-20260929/src/src/acc/cuda/cuda_alignpatch.cu at line 511 (error-code 1)
cudaEventDestroy (after release) 13   host staging alignment             threw RelionError      0       intact   
in: /home/alex/mc-pr115-ownership-20260929/src/src/acc/cuda/cuda_settings.h, line 65
ERROR: 

A GPU-function failed to execute.

 If this occured at the start of a run, you might have GPUs which
are incompatible with either the data or your installation of relion.
If you 

	-> INSTALLED RELION YOURSELF: if you e.g. specified -DCUDA_ARCH=50
	   and are trying ot run on a compute 3.5 GPU (-DCUDA_ARCH=3.5), or 
	   a similar mismatch on AMD or Intel GPUs, this may happen.

	-> HAVE MULTIPLE GPUS OF DIFFERNT VERSIONS: relion needs at least NVIDIA 
	   GPUs with compute 5.0 or AMD MI GPUs with archtiecture gfx906. 
	   You may be trying to use a GPU architectures older than these. 
	   If you have multiple generations, try specifying --gpu <X>
	   with X=0. Then try X=1 in a new run, and so on. The numbering of
	   GPUs may not be obvious from the driver or intuition. For a list
	   of NVIDIA and AMD GPU compute generations and architectures, see 

	   en.wikipedia.org/wiki/CUDA#Version_features_and_specifications and 
	   docs.amd.com/bundle/Hardware_and_Software_Reference_Guide/page/Hardware_and_Software_Support.html

	-> ARE USING DOUBLE-PRECISION GPU CODE: relion has been written so
	   as to not require this, and may thus have unforeseen requirements
	   when run in this mode. If you think it is nonetheless necessary,
	   please consult the developers with this error.

If this occurred at the middle or end of a run, it might be that

	-> YOUR DATA OR PARAMETERS WERE UNEXPECTED: execution on GPUs is 
	   subject to many restrictions, and relion is written to work within
	   common restraints. If you have exotic data or settings, unexpected
	   configurations may occur. See also above point regarding 
	   double precision.
If none of the above applies, please report the error to the relion
developers at github.com/3dem/relion/issues.
ERROR: invalid argument in /home/alex/mc-pr115-ownership-20260929/src/src/acc/cuda/cuda_alignpatch.cu at line 511 (error-code 1)
cudaEventDestroy (after release) 14   host staging alignment             threw RelionError      0       intact   
in: /home/alex/mc-pr115-ownership-20260929/src/src/acc/cuda/cuda_settings.h, line 65
ERROR: 

A GPU-function failed to execute.

 If this occured at the start of a run, you might have GPUs which
are incompatible with either the data or your installation of relion.
If you 

	-> INSTALLED RELION YOURSELF: if you e.g. specified -DCUDA_ARCH=50
	   and are trying ot run on a compute 3.5 GPU (-DCUDA_ARCH=3.5), or 
	   a similar mismatch on AMD or Intel GPUs, this may happen.

	-> HAVE MULTIPLE GPUS OF DIFFERNT VERSIONS: relion needs at least NVIDIA 
	   GPUs with compute 5.0 or AMD MI GPUs with archtiecture gfx906. 
	   You may be trying to use a GPU architectures older than these. 
	   If you have multiple generations, try specifying --gpu <X>
	   with X=0. Then try X=1 in a new run, and so on. The numbering of
	   GPUs may not be obvious from the driver or intuition. For a list
	   of NVIDIA and AMD GPU compute generations and architectures, see 

	   en.wikipedia.org/wiki/CUDA#Version_features_and_specifications and 
	   docs.amd.com/bundle/Hardware_and_Software_Reference_Guide/page/Hardware_and_Software_Support.html

	-> ARE USING DOUBLE-PRECISION GPU CODE: relion has been written so
	   as to not require this, and may thus have unforeseen requirements
	   when run in this mode. If you think it is nonetheless necessary,
	   please consult the developers with this error.

If this occurred at the middle or end of a run, it might be that

	-> YOUR DATA OR PARAMETERS WERE UNEXPECTED: execution on GPUs is 
	   subject to many restrictions, and relion is written to work within
	   common restraints. If you have exotic data or settings, unexpected
	   configurations may occur. See also above point regarding 
	   double precision.
If none of the above applies, please report the error to the relion
developers at github.com/3dem/relion/issues.
ERROR: invalid argument in /home/alex/mc-pr115-ownership-20260929/src/src/acc/cuda/cuda_alignpatch.cu at line 511 (error-code 1)
cudaEventDestroy (after release) 15   host staging alignment             threw RelionError      0       intact   
in: /home/alex/mc-pr115-ownership-20260929/src/src/acc/cuda/cuda_settings.h, line 65
ERROR: 

A GPU-function failed to execute.

 If this occured at the start of a run, you might have GPUs which
are incompatible with either the data or your installation of relion.
If you 

	-> INSTALLED RELION YOURSELF: if you e.g. specified -DCUDA_ARCH=50
	   and are trying ot run on a compute 3.5 GPU (-DCUDA_ARCH=3.5), or 
	   a similar mismatch on AMD or Intel GPUs, this may happen.

	-> HAVE MULTIPLE GPUS OF DIFFERNT VERSIONS: relion needs at least NVIDIA 
	   GPUs with compute 5.0 or AMD MI GPUs with archtiecture gfx906. 
	   You may be trying to use a GPU architectures older than these. 
	   If you have multiple generations, try specifying --gpu <X>
	   with X=0. Then try X=1 in a new run, and so on. The numbering of
	   GPUs may not be obvious from the driver or intuition. For a list
	   of NVIDIA and AMD GPU compute generations and architectures, see 

	   en.wikipedia.org/wiki/CUDA#Version_features_and_specifications and 
	   docs.amd.com/bundle/Hardware_and_Software_Reference_Guide/page/Hardware_and_Software_Support.html

	-> ARE USING DOUBLE-PRECISION GPU CODE: relion has been written so
	   as to not require this, and may thus have unforeseen requirements
	   when run in this mode. If you think it is nonetheless necessary,
	   please consult the developers with this error.

If this occurred at the middle or end of a run, it might be that

	-> YOUR DATA OR PARAMETERS WERE UNEXPECTED: execution on GPUs is 
	   subject to many restrictions, and relion is written to work within
	   common restraints. If you have exotic data or settings, unexpected
	   configurations may occur. See also above point regarding 
	   double precision.
If none of the above applies, please report the error to the relion
developers at github.com/3dem/relion/issues.
ERROR: invalid argument in /home/alex/mc-pr115-ownership-20260929/src/src/acc/cuda/cuda_alignpatch.cu at line 511 (error-code 1)
cudaEventDestroy (after release) 16   host staging alignment             threw RelionError      0       intact   
cudaEventDestroy (after release) 17   unweighted reconstruction          returned false         0       intact   
cudaEventDestroy (after release) 18   unweighted reconstruction          returned false         0       intact   
in: /home/alex/mc-pr115-ownership-20260929/src/src/acc/cuda/cuda_settings.h, line 65
ERROR: 

A GPU-function failed to execute.

 If this occured at the start of a run, you might have GPUs which
are incompatible with either the data or your installation of relion.
If you 

	-> INSTALLED RELION YOURSELF: if you e.g. specified -DCUDA_ARCH=50
	   and are trying ot run on a compute 3.5 GPU (-DCUDA_ARCH=3.5), or 
	   a similar mismatch on AMD or Intel GPUs, this may happen.

	-> HAVE MULTIPLE GPUS OF DIFFERNT VERSIONS: relion needs at least NVIDIA 
	   GPUs with compute 5.0 or AMD MI GPUs with archtiecture gfx906. 
	   You may be trying to use a GPU architectures older than these. 
	   If you have multiple generations, try specifying --gpu <X>
	   with X=0. Then try X=1 in a new run, and so on. The numbering of
	   GPUs may not be obvious from the driver or intuition. For a list
	   of NVIDIA and AMD GPU compute generations and architectures, see 

	   en.wikipedia.org/wiki/CUDA#Version_features_and_specifications and 
	   docs.amd.com/bundle/Hardware_and_Software_Reference_Guide/page/Hardware_and_Software_Support.html

	-> ARE USING DOUBLE-PRECISION GPU CODE: relion has been written so
	   as to not require this, and may thus have unforeseen requirements
	   when run in this mode. If you think it is nonetheless necessary,
	   please consult the developers with this error.

If this occurred at the middle or end of a run, it might be that

	-> YOUR DATA OR PARAMETERS WERE UNEXPECTED: execution on GPUs is 
	   subject to many restrictions, and relion is written to work within
	   common restraints. If you have exotic data or settings, unexpected
	   configurations may occur. See also above point regarding 
	   double precision.
If none of the above applies, please report the error to the relion
developers at github.com/3dem/relion/issues.
ERROR: invalid argument in /home/alex/mc-pr115-ownership-20260929/src/src/acc/cuda/cuda_alignpatch.cu at line 511 (error-code 1)
cudaEventDestroy (after release) 19   patch alignment                    threw RelionError      0       intact   
in: /home/alex/mc-pr115-ownership-20260929/src/src/acc/cuda/cuda_settings.h, line 65
ERROR: 

A GPU-function failed to execute.

 If this occured at the start of a run, you might have GPUs which
are incompatible with either the data or your installation of relion.
If you 

	-> INSTALLED RELION YOURSELF: if you e.g. specified -DCUDA_ARCH=50
	   and are trying ot run on a compute 3.5 GPU (-DCUDA_ARCH=3.5), or 
	   a similar mismatch on AMD or Intel GPUs, this may happen.

	-> HAVE MULTIPLE GPUS OF DIFFERNT VERSIONS: relion needs at least NVIDIA 
	   GPUs with compute 5.0 or AMD MI GPUs with archtiecture gfx906. 
	   You may be trying to use a GPU architectures older than these. 
	   If you have multiple generations, try specifying --gpu <X>
	   with X=0. Then try X=1 in a new run, and so on. The numbering of
	   GPUs may not be obvious from the driver or intuition. For a list
	   of NVIDIA and AMD GPU compute generations and architectures, see 

	   en.wikipedia.org/wiki/CUDA#Version_features_and_specifications and 
	   docs.amd.com/bundle/Hardware_and_Software_Reference_Guide/page/Hardware_and_Software_Support.html

	-> ARE USING DOUBLE-PRECISION GPU CODE: relion has been written so
	   as to not require this, and may thus have unforeseen requirements
	   when run in this mode. If you think it is nonetheless necessary,
	   please consult the developers with this error.

If this occurred at the middle or end of a run, it might be that

	-> YOUR DATA OR PARAMETERS WERE UNEXPECTED: execution on GPUs is 
	   subject to many restrictions, and relion is written to work within
	   common restraints. If you have exotic data or settings, unexpected
	   configurations may occur. See also above point regarding 
	   double precision.
If none of the above applies, please report the error to the relion
developers at github.com/3dem/relion/issues.
ERROR: invalid argument in /home/alex/mc-pr115-ownership-20260929/src/src/acc/cuda/cuda_alignpatch.cu at line 511 (error-code 1)
cudaEventDestroy (after release) 20   patch alignment                    threw RelionError      0       intact   
in: /home/alex/mc-pr115-ownership-20260929/src/src/acc/cuda/cuda_settings.h, line 65
ERROR: 

A GPU-function failed to execute.

 If this occured at the start of a run, you might have GPUs which
are incompatible with either the data or your installation of relion.
If you 

	-> INSTALLED RELION YOURSELF: if you e.g. specified -DCUDA_ARCH=50
	   and are trying ot run on a compute 3.5 GPU (-DCUDA_ARCH=3.5), or 
	   a similar mismatch on AMD or Intel GPUs, this may happen.

	-> HAVE MULTIPLE GPUS OF DIFFERNT VERSIONS: relion needs at least NVIDIA 
	   GPUs with compute 5.0 or AMD MI GPUs with archtiecture gfx906. 
	   You may be trying to use a GPU architectures older than these. 
	   If you have multiple generations, try specifying --gpu <X>
	   with X=0. Then try X=1 in a new run, and so on. The numbering of
	   GPUs may not be obvious from the driver or intuition. For a list
	   of NVIDIA and AMD GPU compute generations and architectures, see 

	   en.wikipedia.org/wiki/CUDA#Version_features_and_specifications and 
	   docs.amd.com/bundle/Hardware_and_Software_Reference_Guide/page/Hardware_and_Software_Support.html

	-> ARE USING DOUBLE-PRECISION GPU CODE: relion has been written so
	   as to not require this, and may thus have unforeseen requirements
	   when run in this mode. If you think it is nonetheless necessary,
	   please consult the developers with this error.

If this occurred at the middle or end of a run, it might be that

	-> YOUR DATA OR PARAMETERS WERE UNEXPECTED: execution on GPUs is 
	   subject to many restrictions, and relion is written to work within
	   common restraints. If you have exotic data or settings, unexpected
	   configurations may occur. See also above point regarding 
	   double precision.
If none of the above applies, please report the error to the relion
developers at github.com/3dem/relion/issues.
ERROR: invalid argument in /home/alex/mc-pr115-ownership-20260929/src/src/acc/cuda/cuda_alignpatch.cu at line 511 (error-code 1)
cudaEventDestroy (after release) 21   patch alignment                    threw RelionError      0       intact   
in: /home/alex/mc-pr115-ownership-20260929/src/src/acc/cuda/cuda_settings.h, line 65
ERROR: 

A GPU-function failed to execute.

 If this occured at the start of a run, you might have GPUs which
are incompatible with either the data or your installation of relion.
If you 

	-> INSTALLED RELION YOURSELF: if you e.g. specified -DCUDA_ARCH=50
	   and are trying ot run on a compute 3.5 GPU (-DCUDA_ARCH=3.5), or 
	   a similar mismatch on AMD or Intel GPUs, this may happen.

	-> HAVE MULTIPLE GPUS OF DIFFERNT VERSIONS: relion needs at least NVIDIA 
	   GPUs with compute 5.0 or AMD MI GPUs with archtiecture gfx906. 
	   You may be trying to use a GPU architectures older than these. 
	   If you have multiple generations, try specifying --gpu <X>
	   with X=0. Then try X=1 in a new run, and so on. The numbering of
	   GPUs may not be obvious from the driver or intuition. For a list
	   of NVIDIA and AMD GPU compute generations and architectures, see 

	   en.wikipedia.org/wiki/CUDA#Version_features_and_specifications and 
	   docs.amd.com/bundle/Hardware_and_Software_Reference_Guide/page/Hardware_and_Software_Support.html

	-> ARE USING DOUBLE-PRECISION GPU CODE: relion has been written so
	   as to not require this, and may thus have unforeseen requirements
	   when run in this mode. If you think it is nonetheless necessary,
	   please consult the developers with this error.

If this occurred at the middle or end of a run, it might be that

	-> YOUR DATA OR PARAMETERS WERE UNEXPECTED: execution on GPUs is 
	   subject to many restrictions, and relion is written to work within
	   common restraints. If you have exotic data or settings, unexpected
	   configurations may occur. See also above point regarding 
	   double precision.
If none of the above applies, please report the error to the relion
developers at github.com/3dem/relion/issues.
ERROR: invalid argument in /home/alex/mc-pr115-ownership-20260929/src/src/acc/cuda/cuda_alignpatch.cu at line 511 (error-code 1)
cudaEventDestroy (after release) 22   patch alignment                    threw RelionError      0       intact   
in: /home/alex/mc-pr115-ownership-20260929/src/src/acc/cuda/cuda_settings.h, line 65
ERROR: 

A GPU-function failed to execute.

 If this occured at the start of a run, you might have GPUs which
are incompatible with either the data or your installation of relion.
If you 

	-> INSTALLED RELION YOURSELF: if you e.g. specified -DCUDA_ARCH=50
	   and are trying ot run on a compute 3.5 GPU (-DCUDA_ARCH=3.5), or 
	   a similar mismatch on AMD or Intel GPUs, this may happen.

	-> HAVE MULTIPLE GPUS OF DIFFERNT VERSIONS: relion needs at least NVIDIA 
	   GPUs with compute 5.0 or AMD MI GPUs with archtiecture gfx906. 
	   You may be trying to use a GPU architectures older than these. 
	   If you have multiple generations, try specifying --gpu <X>
	   with X=0. Then try X=1 in a new run, and so on. The numbering of
	   GPUs may not be obvious from the driver or intuition. For a list
	   of NVIDIA and AMD GPU compute generations and architectures, see 

	   en.wikipedia.org/wiki/CUDA#Version_features_and_specifications and 
	   docs.amd.com/bundle/Hardware_and_Software_Reference_Guide/page/Hardware_and_Software_Support.html

	-> ARE USING DOUBLE-PRECISION GPU CODE: relion has been written so
	   as to not require this, and may thus have unforeseen requirements
	   when run in this mode. If you think it is nonetheless necessary,
	   please consult the developers with this error.

If this occurred at the middle or end of a run, it might be that

	-> YOUR DATA OR PARAMETERS WERE UNEXPECTED: execution on GPUs is 
	   subject to many restrictions, and relion is written to work within
	   common restraints. If you have exotic data or settings, unexpected
	   configurations may occur. See also above point regarding 
	   double precision.
If none of the above applies, please report the error to the relion
developers at github.com/3dem/relion/issues.
ERROR: invalid argument in /home/alex/mc-pr115-ownership-20260929/src/src/acc/cuda/cuda_alignpatch.cu at line 511 (error-code 1)
cudaEventDestroy (after release) 23   patch alignment                    threw RelionError      0       intact   
in: /home/alex/mc-pr115-ownership-20260929/src/src/acc/cuda/cuda_settings.h, line 65
ERROR: 

A GPU-function failed to execute.

 If this occured at the start of a run, you might have GPUs which
are incompatible with either the data or your installation of relion.
If you 

	-> INSTALLED RELION YOURSELF: if you e.g. specified -DCUDA_ARCH=50
	   and are trying ot run on a compute 3.5 GPU (-DCUDA_ARCH=3.5), or 
	   a similar mismatch on AMD or Intel GPUs, this may happen.

	-> HAVE MULTIPLE GPUS OF DIFFERNT VERSIONS: relion needs at least NVIDIA 
	   GPUs with compute 5.0 or AMD MI GPUs with archtiecture gfx906. 
	   You may be trying to use a GPU architectures older than these. 
	   If you have multiple generations, try specifying --gpu <X>
	   with X=0. Then try X=1 in a new run, and so on. The numbering of
	   GPUs may not be obvious from the driver or intuition. For a list
	   of NVIDIA and AMD GPU compute generations and architectures, see 

	   en.wikipedia.org/wiki/CUDA#Version_features_and_specifications and 
	   docs.amd.com/bundle/Hardware_and_Software_Reference_Guide/page/Hardware_and_Software_Support.html

	-> ARE USING DOUBLE-PRECISION GPU CODE: relion has been written so
	   as to not require this, and may thus have unforeseen requirements
	   when run in this mode. If you think it is nonetheless necessary,
	   please consult the developers with this error.

If this occurred at the middle or end of a run, it might be that

	-> YOUR DATA OR PARAMETERS WERE UNEXPECTED: execution on GPUs is 
	   subject to many restrictions, and relion is written to work within
	   common restraints. If you have exotic data or settings, unexpected
	   configurations may occur. See also above point regarding 
	   double precision.
If none of the above applies, please report the error to the relion
developers at github.com/3dem/relion/issues.
ERROR: invalid argument in /home/alex/mc-pr115-ownership-20260929/src/src/acc/cuda/cuda_alignpatch.cu at line 511 (error-code 1)
cudaEventDestroy (after release) 24   patch alignment                    threw RelionError      0       intact   
in: /home/alex/mc-pr115-ownership-20260929/src/src/acc/cuda/cuda_settings.h, line 65
ERROR: 

A GPU-function failed to execute.

 If this occured at the start of a run, you might have GPUs which
are incompatible with either the data or your installation of relion.
If you 

	-> INSTALLED RELION YOURSELF: if you e.g. specified -DCUDA_ARCH=50
	   and are trying ot run on a compute 3.5 GPU (-DCUDA_ARCH=3.5), or 
	   a similar mismatch on AMD or Intel GPUs, this may happen.

	-> HAVE MULTIPLE GPUS OF DIFFERNT VERSIONS: relion needs at least NVIDIA 
	   GPUs with compute 5.0 or AMD MI GPUs with archtiecture gfx906. 
	   You may be trying to use a GPU architectures older than these. 
	   If you have multiple generations, try specifying --gpu <X>
	   with X=0. Then try X=1 in a new run, and so on. The numbering of
	   GPUs may not be obvious from the driver or intuition. For a list
	   of NVIDIA and AMD GPU compute generations and architectures, see 

	   en.wikipedia.org/wiki/CUDA#Version_features_and_specifications and 
	   docs.amd.com/bundle/Hardware_and_Software_Reference_Guide/page/Hardware_and_Software_Support.html

	-> ARE USING DOUBLE-PRECISION GPU CODE: relion has been written so
	   as to not require this, and may thus have unforeseen requirements
	   when run in this mode. If you think it is nonetheless necessary,
	   please consult the developers with this error.

If this occurred at the middle or end of a run, it might be that

	-> YOUR DATA OR PARAMETERS WERE UNEXPECTED: execution on GPUs is 
	   subject to many restrictions, and relion is written to work within
	   common restraints. If you have exotic data or settings, unexpected
	   configurations may occur. See also above point regarding 
	   double precision.
If none of the above applies, please report the error to the relion
developers at github.com/3dem/relion/issues.
ERROR: invalid argument in /home/alex/mc-pr115-ownership-20260929/src/src/acc/cuda/cuda_alignpatch.cu at line 511 (error-code 1)
cudaEventDestroy (after release) 25   patch alignment                    threw RelionError      0       intact   
in: /home/alex/mc-pr115-ownership-20260929/src/src/acc/cuda/cuda_settings.h, line 65
ERROR: 

A GPU-function failed to execute.

 If this occured at the start of a run, you might have GPUs which
are incompatible with either the data or your installation of relion.
If you 

	-> INSTALLED RELION YOURSELF: if you e.g. specified -DCUDA_ARCH=50
	   and are trying ot run on a compute 3.5 GPU (-DCUDA_ARCH=3.5), or 
	   a similar mismatch on AMD or Intel GPUs, this may happen.

	-> HAVE MULTIPLE GPUS OF DIFFERNT VERSIONS: relion needs at least NVIDIA 
	   GPUs with compute 5.0 or AMD MI GPUs with archtiecture gfx906. 
	   You may be trying to use a GPU architectures older than these. 
	   If you have multiple generations, try specifying --gpu <X>
	   with X=0. Then try X=1 in a new run, and so on. The numbering of
	   GPUs may not be obvious from the driver or intuition. For a list
	   of NVIDIA and AMD GPU compute generations and architectures, see 

	   en.wikipedia.org/wiki/CUDA#Version_features_and_specifications and 
	   docs.amd.com/bundle/Hardware_and_Software_Reference_Guide/page/Hardware_and_Software_Support.html

	-> ARE USING DOUBLE-PRECISION GPU CODE: relion has been written so
	   as to not require this, and may thus have unforeseen requirements
	   when run in this mode. If you think it is nonetheless necessary,
	   please consult the developers with this error.

If this occurred at the middle or end of a run, it might be that

	-> YOUR DATA OR PARAMETERS WERE UNEXPECTED: execution on GPUs is 
	   subject to many restrictions, and relion is written to work within
	   common restraints. If you have exotic data or settings, unexpected
	   configurations may occur. See also above point regarding 
	   double precision.
If none of the above applies, please report the error to the relion
developers at github.com/3dem/relion/issues.
cudaEventDestroy (after release) 26   patch alignment                    threw RelionError      0       intact   
cudaEventDestroy (after release) 27   dose-weighted reconstruction       returned false         0       intact   
cudaEventDestroy (after release) 28   dose-weighted reconstruction       returned false         0       intact   
cudaEventDestroy (after release) 29   dose-weighted reconstruction       returned false         0       intact   
cudaEventDestroy (after release) 30   dose-weighted reconstruction       returned false         0       intact   
cudaEventDestroy (after release) 31   dose-weighted reconstruction       returned false         0       intact   
cudaEventDestroy (after release) 32   dose-weighted reconstruction       returned false         0       intact   
cudaEventDestroy (after release) 33   dose-weighted reconstruction       returned false         0       intact   
cudaEventDestroy (after release) 34   dose-weighted reconstruction       returned false         0       intact   
in: /home/alex/mc-pr115-ownership-20260929/src/src/acc/cuda/cuda_alignpatch.cu, line 509
ERROR: 
cuFFT error: code 5
cufftDestroy (after release) 1    global alignment                   threw RelionError      0       intact   
in: /home/alex/mc-pr115-ownership-20260929/src/src/acc/cuda/cuda_alignpatch.cu, line 509
ERROR: 
cuFFT error: code 5
cufftDestroy (after release) 2    host staging alignment             threw RelionError      0       intact   
cufftDestroy (after release) 3    dose-weighted reconstruction       completed              0       intact     <-- FAIL: fault fired but the run completed
in: /home/alex/mc-pr115-ownership-20260929/src/src/acc/cuda/cuda_alignpatch.cu, line 509
ERROR: 
cuFFT error: code 5
ERROR: invalid argument in /home/alex/mc-pr115-ownership-20260929/src/src/acc/cuda/cuda_alignpatch.cu at line 465 (error-code 1)
cufftDestroy (after release) 4    patch alignment                    threw RelionError      0       intact   
cufftDestroy (after release) 5    dose-weighted reconstruction       returned false         0       intact   
cufftDestroy (after release) 6    dose-weighted reconstruction       completed              0       intact   teardown (best-effort, survived)
cufftDestroy (after release) 7    dose-weighted reconstruction       completed              0       intact   teardown (best-effort, survived)
cufftDestroy (after release) 8    dose-weighted reconstruction       completed              0       intact   teardown (best-effort, survived)
cudaMemcpy H2D           1    gain and unaligned sum             returned false         0       intact   
cudaMemcpy H2D           2    gain and unaligned sum             returned false         0       intact   
cudaMemcpy H2D           3    gain and unaligned sum             returned false         0       intact   
cudaMemcpy H2D           4    gain and unaligned sum             returned false         0       intact   
cudaMemcpy H2D           5    gain and unaligned sum             returned false         0       intact   
cudaMemcpy H2D           6    update defect pixels               returned false         0       intact   
cudaMemcpy H2D           7    update defect pixels               returned false         0       intact   
cudaMemcpy H2D           8    update defect pixels               returned false         0       intact   
in: /home/alex/mc-pr115-ownership-20260929/src/src/acc/cuda/cuda_settings.h, line 65
ERROR: 

A GPU-function failed to execute.

 If this occured at the start of a run, you might have GPUs which
are incompatible with either the data or your installation of relion.
If you 

	-> INSTALLED RELION YOURSELF: if you e.g. specified -DCUDA_ARCH=50
	   and are trying ot run on a compute 3.5 GPU (-DCUDA_ARCH=3.5), or 
	   a similar mismatch on AMD or Intel GPUs, this may happen.

	-> HAVE MULTIPLE GPUS OF DIFFERNT VERSIONS: relion needs at least NVIDIA 
	   GPUs with compute 5.0 or AMD MI GPUs with archtiecture gfx906. 
	   You may be trying to use a GPU architectures older than these. 
	   If you have multiple generations, try specifying --gpu <X>
	   with X=0. Then try X=1 in a new run, and so on. The numbering of
	   GPUs may not be obvious from the driver or intuition. For a list
	   of NVIDIA and AMD GPU compute generations and architectures, see 

	   en.wikipedia.org/wiki/CUDA#Version_features_and_specifications and 
	   docs.amd.com/bundle/Hardware_and_Software_Reference_Guide/page/Hardware_and_Software_Support.html

	-> ARE USING DOUBLE-PRECISION GPU CODE: relion has been written so
	   as to not require this, and may thus have unforeseen requirements
	   when run in this mode. If you think it is nonetheless necessary,
	   please consult the developers with this error.

If this occurred at the middle or end of a run, it might be that

	-> YOUR DATA OR PARAMETERS WERE UNEXPECTED: execution on GPUs is 
	   subject to many restrictions, and relion is written to work within
	   common restraints. If you have exotic data or settings, unexpected
	   configurations may occur. See also above point regarding 
	   double precision.
If none of the above applies, please report the error to the relion
developers at github.com/3dem/relion/issues.
ERROR: invalid argument in /home/alex/mc-pr115-ownership-20260929/src/src/acc/cuda/cuda_alignpatch.cu at line 466 (error-code 1)
cudaMemcpy H2D           9    global alignment                   threw RelionError      0       intact   
in: /home/alex/mc-pr115-ownership-20260929/src/src/acc/cuda/cuda_settings.h, line 65
ERROR: 

A GPU-function failed to execute.

 If this occured at the start of a run, you might have GPUs which
are incompatible with either the data or your installation of relion.
If you 

	-> INSTALLED RELION YOURSELF: if you e.g. specified -DCUDA_ARCH=50
	   and are trying ot run on a compute 3.5 GPU (-DCUDA_ARCH=3.5), or 
	   a similar mismatch on AMD or Intel GPUs, this may happen.

	-> HAVE MULTIPLE GPUS OF DIFFERNT VERSIONS: relion needs at least NVIDIA 
	   GPUs with compute 5.0 or AMD MI GPUs with archtiecture gfx906. 
	   You may be trying to use a GPU architectures older than these. 
	   If you have multiple generations, try specifying --gpu <X>
	   with X=0. Then try X=1 in a new run, and so on. The numbering of
	   GPUs may not be obvious from the driver or intuition. For a list
	   of NVIDIA and AMD GPU compute generations and architectures, see 

	   en.wikipedia.org/wiki/CUDA#Version_features_and_specifications and 
	   docs.amd.com/bundle/Hardware_and_Software_Reference_Guide/page/Hardware_and_Software_Support.html

	-> ARE USING DOUBLE-PRECISION GPU CODE: relion has been written so
	   as to not require this, and may thus have unforeseen requirements
	   when run in this mode. If you think it is nonetheless necessary,
	   please consult the developers with this error.

If this occurred at the middle or end of a run, it might be that

	-> YOUR DATA OR PARAMETERS WERE UNEXPECTED: execution on GPUs is 
	   subject to many restrictions, and relion is written to work within
	   common restraints. If you have exotic data or settings, unexpected
	   configurations may occur. See also above point regarding 
	   double precision.
If none of the above applies, please report the error to the relion
developers at github.com/3dem/relion/issues.
ERROR: invalid argument in /home/alex/mc-pr115-ownership-20260929/src/src/acc/cuda/cuda_alignpatch.cu at line 465 (error-code 1)
cudaMemcpy H2D           10   global alignment                   threw RelionError      0       intact   
in: /home/alex/mc-pr115-ownership-20260929/src/src/acc/cuda/cuda_settings.h, line 65
ERROR: 

A GPU-function failed to execute.

 If this occured at the start of a run, you might have GPUs which
are incompatible with either the data or your installation of relion.
If you 

	-> INSTALLED RELION YOURSELF: if you e.g. specified -DCUDA_ARCH=50
	   and are trying ot run on a compute 3.5 GPU (-DCUDA_ARCH=3.5), or 
	   a similar mismatch on AMD or Intel GPUs, this may happen.

	-> HAVE MULTIPLE GPUS OF DIFFERNT VERSIONS: relion needs at least NVIDIA 
	   GPUs with compute 5.0 or AMD MI GPUs with archtiecture gfx906. 
	   You may be trying to use a GPU architectures older than these. 
	   If you have multiple generations, try specifying --gpu <X>
	   with X=0. Then try X=1 in a new run, and so on. The numbering of
	   GPUs may not be obvious from the driver or intuition. For a list
	   of NVIDIA and AMD GPU compute generations and architectures, see 

	   en.wikipedia.org/wiki/CUDA#Version_features_and_specifications and 
	   docs.amd.com/bundle/Hardware_and_Software_Reference_Guide/page/Hardware_and_Software_Support.html

	-> ARE USING DOUBLE-PRECISION GPU CODE: relion has been written so
	   as to not require this, and may thus have unforeseen requirements
	   when run in this mode. If you think it is nonetheless necessary,
	   please consult the developers with this error.

If this occurred at the middle or end of a run, it might be that

	-> YOUR DATA OR PARAMETERS WERE UNEXPECTED: execution on GPUs is 
	   subject to many restrictions, and relion is written to work within
	   common restraints. If you have exotic data or settings, unexpected
	   configurations may occur. See also above point regarding 
	   double precision.
If none of the above applies, please report the error to the relion
developers at github.com/3dem/relion/issues.
ERROR: invalid argument in /home/alex/mc-pr115-ownership-20260929/src/src/acc/cuda/cuda_alignpatch.cu at line 466 (error-code 1)
cudaMemcpy H2D           11   global alignment                   threw RelionError      0       intact   
in: /home/alex/mc-pr115-ownership-20260929/src/src/acc/cuda/cuda_settings.h, line 65
ERROR: 

A GPU-function failed to execute.

 If this occured at the start of a run, you might have GPUs which
are incompatible with either the data or your installation of relion.
If you 

	-> INSTALLED RELION YOURSELF: if you e.g. specified -DCUDA_ARCH=50
	   and are trying ot run on a compute 3.5 GPU (-DCUDA_ARCH=3.5), or 
	   a similar mismatch on AMD or Intel GPUs, this may happen.

	-> HAVE MULTIPLE GPUS OF DIFFERNT VERSIONS: relion needs at least NVIDIA 
	   GPUs with compute 5.0 or AMD MI GPUs with archtiecture gfx906. 
	   You may be trying to use a GPU architectures older than these. 
	   If you have multiple generations, try specifying --gpu <X>
	   with X=0. Then try X=1 in a new run, and so on. The numbering of
	   GPUs may not be obvious from the driver or intuition. For a list
	   of NVIDIA and AMD GPU compute generations and architectures, see 

	   en.wikipedia.org/wiki/CUDA#Version_features_and_specifications and 
	   docs.amd.com/bundle/Hardware_and_Software_Reference_Guide/page/Hardware_and_Software_Support.html

	-> ARE USING DOUBLE-PRECISION GPU CODE: relion has been written so
	   as to not require this, and may thus have unforeseen requirements
	   when run in this mode. If you think it is nonetheless necessary,
	   please consult the developers with this error.

If this occurred at the middle or end of a run, it might be that

	-> YOUR DATA OR PARAMETERS WERE UNEXPECTED: execution on GPUs is 
	   subject to many restrictions, and relion is written to work within
	   common restraints. If you have exotic data or settings, unexpected
	   configurations may occur. See also above point regarding 
	   double precision.
If none of the above applies, please report the error to the relion
developers at github.com/3dem/relion/issues.
ERROR: invalid argument in /home/alex/mc-pr115-ownership-20260929/src/src/acc/cuda/cuda_alignpatch.cu at line 549 (error-code 1)
cudaMemcpy H2D           12   global alignment                   threw RelionError      0       intact   
in: /home/alex/mc-pr115-ownership-20260929/src/src/acc/cuda/cuda_settings.h, line 65
ERROR: 

A GPU-function failed to execute.

 If this occured at the start of a run, you might have GPUs which
are incompatible with either the data or your installation of relion.
If you 

	-> INSTALLED RELION YOURSELF: if you e.g. specified -DCUDA_ARCH=50
	   and are trying ot run on a compute 3.5 GPU (-DCUDA_ARCH=3.5), or 
	   a similar mismatch on AMD or Intel GPUs, this may happen.

	-> HAVE MULTIPLE GPUS OF DIFFERNT VERSIONS: relion needs at least NVIDIA 
	   GPUs with compute 5.0 or AMD MI GPUs with archtiecture gfx906. 
	   You may be trying to use a GPU architectures older than these. 
	   If you have multiple generations, try specifying --gpu <X>
	   with X=0. Then try X=1 in a new run, and so on. The numbering of
	   GPUs may not be obvious from the driver or intuition. For a list
	   of NVIDIA and AMD GPU compute generations and architectures, see 

	   en.wikipedia.org/wiki/CUDA#Version_features_and_specifications and 
	   docs.amd.com/bundle/Hardware_and_Software_Reference_Guide/page/Hardware_and_Software_Support.html

	-> ARE USING DOUBLE-PRECISION GPU CODE: relion has been written so
	   as to not require this, and may thus have unforeseen requirements
	   when run in this mode. If you think it is nonetheless necessary,
	   please consult the developers with this error.

If this occurred at the middle or end of a run, it might be that

	-> YOUR DATA OR PARAMETERS WERE UNEXPECTED: execution on GPUs is 
	   subject to many restrictions, and relion is written to work within
	   common restraints. If you have exotic data or settings, unexpected
	   configurations may occur. See also above point regarding 
	   double precision.
If none of the above applies, please report the error to the relion
developers at github.com/3dem/relion/issues.
ERROR: invalid argument in /home/alex/mc-pr115-ownership-20260929/src/src/acc/cuda/cuda_alignpatch.cu at line 549 (error-code 1)
cudaMemcpy H2D           13   host staging alignment             threw RelionError      0       intact   
in: /home/alex/mc-pr115-ownership-20260929/src/src/acc/cuda/cuda_settings.h, line 65
ERROR: 

A GPU-function failed to execute.

 If this occured at the start of a run, you might have GPUs which
are incompatible with either the data or your installation of relion.
If you 

	-> INSTALLED RELION YOURSELF: if you e.g. specified -DCUDA_ARCH=50
	   and are trying ot run on a compute 3.5 GPU (-DCUDA_ARCH=3.5), or 
	   a similar mismatch on AMD or Intel GPUs, this may happen.

	-> HAVE MULTIPLE GPUS OF DIFFERNT VERSIONS: relion needs at least NVIDIA 
	   GPUs with compute 5.0 or AMD MI GPUs with archtiecture gfx906. 
	   You may be trying to use a GPU architectures older than these. 
	   If you have multiple generations, try specifying --gpu <X>
	   with X=0. Then try X=1 in a new run, and so on. The numbering of
	   GPUs may not be obvious from the driver or intuition. For a list
	   of NVIDIA and AMD GPU compute generations and architectures, see 

	   en.wikipedia.org/wiki/CUDA#Version_features_and_specifications and 
	   docs.amd.com/bundle/Hardware_and_Software_Reference_Guide/page/Hardware_and_Software_Support.html

	-> ARE USING DOUBLE-PRECISION GPU CODE: relion has been written so
	   as to not require this, and may thus have unforeseen requirements
	   when run in this mode. If you think it is nonetheless necessary,
	   please consult the developers with this error.

If this occurred at the middle or end of a run, it might be that

	-> YOUR DATA OR PARAMETERS WERE UNEXPECTED: execution on GPUs is 
	   subject to many restrictions, and relion is written to work within
	   common restraints. If you have exotic data or settings, unexpected
	   configurations may occur. See also above point regarding 
	   double precision.
If none of the above applies, please report the error to the relion
developers at github.com/3dem/relion/issues.
ERROR: invalid argument in /home/alex/mc-pr115-ownership-20260929/src/src/acc/cuda/cuda_alignpatch.cu at line 549 (error-code 1)
cudaMemcpy H2D           14   host staging alignment             threw RelionError      0       intact   
in: /home/alex/mc-pr115-ownership-20260929/src/src/acc/cuda/cuda_settings.h, line 65
ERROR: 

A GPU-function failed to execute.

 If this occured at the start of a run, you might have GPUs which
are incompatible with either the data or your installation of relion.
If you 

	-> INSTALLED RELION YOURSELF: if you e.g. specified -DCUDA_ARCH=50
	   and are trying ot run on a compute 3.5 GPU (-DCUDA_ARCH=3.5), or 
	   a similar mismatch on AMD or Intel GPUs, this may happen.

	-> HAVE MULTIPLE GPUS OF DIFFERNT VERSIONS: relion needs at least NVIDIA 
	   GPUs with compute 5.0 or AMD MI GPUs with archtiecture gfx906. 
	   You may be trying to use a GPU architectures older than these. 
	   If you have multiple generations, try specifying --gpu <X>
	   with X=0. Then try X=1 in a new run, and so on. The numbering of
	   GPUs may not be obvious from the driver or intuition. For a list
	   of NVIDIA and AMD GPU compute generations and architectures, see 

	   en.wikipedia.org/wiki/CUDA#Version_features_and_specifications and 
	   docs.amd.com/bundle/Hardware_and_Software_Reference_Guide/page/Hardware_and_Software_Support.html

	-> ARE USING DOUBLE-PRECISION GPU CODE: relion has been written so
	   as to not require this, and may thus have unforeseen requirements
	   when run in this mode. If you think it is nonetheless necessary,
	   please consult the developers with this error.

If this occurred at the middle or end of a run, it might be that

	-> YOUR DATA OR PARAMETERS WERE UNEXPECTED: execution on GPUs is 
	   subject to many restrictions, and relion is written to work within
	   common restraints. If you have exotic data or settings, unexpected
	   configurations may occur. See also above point regarding 
	   double precision.
If none of the above applies, please report the error to the relion
developers at github.com/3dem/relion/issues.
ERROR: invalid argument in /home/alex/mc-pr115-ownership-20260929/src/src/acc/cuda/cuda_alignpatch.cu at line 549 (error-code 1)
cudaMemcpy H2D           15   host staging alignment             threw RelionError      0       intact   
in: /home/alex/mc-pr115-ownership-20260929/src/src/acc/cuda/cuda_settings.h, line 65
ERROR: 

A GPU-function failed to execute.

 If this occured at the start of a run, you might have GPUs which
are incompatible with either the data or your installation of relion.
If you 

	-> INSTALLED RELION YOURSELF: if you e.g. specified -DCUDA_ARCH=50
	   and are trying ot run on a compute 3.5 GPU (-DCUDA_ARCH=3.5), or 
	   a similar mismatch on AMD or Intel GPUs, this may happen.

	-> HAVE MULTIPLE GPUS OF DIFFERNT VERSIONS: relion needs at least NVIDIA 
	   GPUs with compute 5.0 or AMD MI GPUs with archtiecture gfx906. 
	   You may be trying to use a GPU architectures older than these. 
	   If you have multiple generations, try specifying --gpu <X>
	   with X=0. Then try X=1 in a new run, and so on. The numbering of
	   GPUs may not be obvious from the driver or intuition. For a list
	   of NVIDIA and AMD GPU compute generations and architectures, see 

	   en.wikipedia.org/wiki/CUDA#Version_features_and_specifications and 
	   docs.amd.com/bundle/Hardware_and_Software_Reference_Guide/page/Hardware_and_Software_Support.html

	-> ARE USING DOUBLE-PRECISION GPU CODE: relion has been written so
	   as to not require this, and may thus have unforeseen requirements
	   when run in this mode. If you think it is nonetheless necessary,
	   please consult the developers with this error.

If this occurred at the middle or end of a run, it might be that

	-> YOUR DATA OR PARAMETERS WERE UNEXPECTED: execution on GPUs is 
	   subject to many restrictions, and relion is written to work within
	   common restraints. If you have exotic data or settings, unexpected
	   configurations may occur. See also above point regarding 
	   double precision.
If none of the above applies, please report the error to the relion
developers at github.com/3dem/relion/issues.
ERROR: invalid argument in /home/alex/mc-pr115-ownership-20260929/src/src/acc/cuda/cuda_alignpatch.cu at line 465 (error-code 1)
cudaMemcpy H2D           16   host staging alignment             threw RelionError      0       intact   
in: /home/alex/mc-pr115-ownership-20260929/src/src/acc/cuda/cuda_settings.h, line 65
ERROR: 

A GPU-function failed to execute.

 If this occured at the start of a run, you might have GPUs which
are incompatible with either the data or your installation of relion.
If you 

	-> INSTALLED RELION YOURSELF: if you e.g. specified -DCUDA_ARCH=50
	   and are trying ot run on a compute 3.5 GPU (-DCUDA_ARCH=3.5), or 
	   a similar mismatch on AMD or Intel GPUs, this may happen.

	-> HAVE MULTIPLE GPUS OF DIFFERNT VERSIONS: relion needs at least NVIDIA 
	   GPUs with compute 5.0 or AMD MI GPUs with archtiecture gfx906. 
	   You may be trying to use a GPU architectures older than these. 
	   If you have multiple generations, try specifying --gpu <X>
	   with X=0. Then try X=1 in a new run, and so on. The numbering of
	   GPUs may not be obvious from the driver or intuition. For a list
	   of NVIDIA and AMD GPU compute generations and architectures, see 

	   en.wikipedia.org/wiki/CUDA#Version_features_and_specifications and 
	   docs.amd.com/bundle/Hardware_and_Software_Reference_Guide/page/Hardware_and_Software_Support.html

	-> ARE USING DOUBLE-PRECISION GPU CODE: relion has been written so
	   as to not require this, and may thus have unforeseen requirements
	   when run in this mode. If you think it is nonetheless necessary,
	   please consult the developers with this error.

If this occurred at the middle or end of a run, it might be that

	-> YOUR DATA OR PARAMETERS WERE UNEXPECTED: execution on GPUs is 
	   subject to many restrictions, and relion is written to work within
	   common restraints. If you have exotic data or settings, unexpected
	   configurations may occur. See also above point regarding 
	   double precision.
If none of the above applies, please report the error to the relion
developers at github.com/3dem/relion/issues.
ERROR: invalid argument in /home/alex/mc-pr115-ownership-20260929/src/src/acc/cuda/cuda_alignpatch.cu at line 466 (error-code 1)
cudaMemcpy H2D           17   host staging alignment             threw RelionError      0       intact   
in: /home/alex/mc-pr115-ownership-20260929/src/src/acc/cuda/cuda_settings.h, line 65
ERROR: 

A GPU-function failed to execute.

 If this occured at the start of a run, you might have GPUs which
are incompatible with either the data or your installation of relion.
If you 

	-> INSTALLED RELION YOURSELF: if you e.g. specified -DCUDA_ARCH=50
	   and are trying ot run on a compute 3.5 GPU (-DCUDA_ARCH=3.5), or 
	   a similar mismatch on AMD or Intel GPUs, this may happen.

	-> HAVE MULTIPLE GPUS OF DIFFERNT VERSIONS: relion needs at least NVIDIA 
	   GPUs with compute 5.0 or AMD MI GPUs with archtiecture gfx906. 
	   You may be trying to use a GPU architectures older than these. 
	   If you have multiple generations, try specifying --gpu <X>
	   with X=0. Then try X=1 in a new run, and so on. The numbering of
	   GPUs may not be obvious from the driver or intuition. For a list
	   of NVIDIA and AMD GPU compute generations and architectures, see 

	   en.wikipedia.org/wiki/CUDA#Version_features_and_specifications and 
	   docs.amd.com/bundle/Hardware_and_Software_Reference_Guide/page/Hardware_and_Software_Support.html

	-> ARE USING DOUBLE-PRECISION GPU CODE: relion has been written so
	   as to not require this, and may thus have unforeseen requirements
	   when run in this mode. If you think it is nonetheless necessary,
	   please consult the developers with this error.

If this occurred at the middle or end of a run, it might be that

	-> YOUR DATA OR PARAMETERS WERE UNEXPECTED: execution on GPUs is 
	   subject to many restrictions, and relion is written to work within
	   common restraints. If you have exotic data or settings, unexpected
	   configurations may occur. See also above point regarding 
	   double precision.
If none of the above applies, please report the error to the relion
developers at github.com/3dem/relion/issues.
ERROR: invalid argument in /home/alex/mc-pr115-ownership-20260929/src/src/acc/cuda/cuda_alignpatch.cu at line 465 (error-code 1)
cudaMemcpy H2D           18   host staging alignment             threw RelionError      0       intact   
cudaMemcpy H2D           19   small patch cache                  returned false         0       intact   
cudaMemcpy H2D           20   small patch cache                  returned false         0       intact   
cudaMemcpy H2D           21   patch preparation                  returned false         0       intact   
cudaMemcpy H2D           22   patch preparation                  returned false         0       intact   
in: /home/alex/mc-pr115-ownership-20260929/src/src/acc/cuda/cuda_settings.h, line 65
ERROR: 

A GPU-function failed to execute.

 If this occured at the start of a run, you might have GPUs which
are incompatible with either the data or your installation of relion.
If you 

	-> INSTALLED RELION YOURSELF: if you e.g. specified -DCUDA_ARCH=50
	   and are trying ot run on a compute 3.5 GPU (-DCUDA_ARCH=3.5), or 
	   a similar mismatch on AMD or Intel GPUs, this may happen.

	-> HAVE MULTIPLE GPUS OF DIFFERNT VERSIONS: relion needs at least NVIDIA 
	   GPUs with compute 5.0 or AMD MI GPUs with archtiecture gfx906. 
	   You may be trying to use a GPU architectures older than these. 
	   If you have multiple generations, try specifying --gpu <X>
	   with X=0. Then try X=1 in a new run, and so on. The numbering of
	   GPUs may not be obvious from the driver or intuition. For a list
	   of NVIDIA and AMD GPU compute generations and architectures, see 

	   en.wikipedia.org/wiki/CUDA#Version_features_and_specifications and 
	   docs.amd.com/bundle/Hardware_and_Software_Reference_Guide/page/Hardware_and_Software_Support.html

	-> ARE USING DOUBLE-PRECISION GPU CODE: relion has been written so
	   as to not require this, and may thus have unforeseen requirements
	   when run in this mode. If you think it is nonetheless necessary,
	   please consult the developers with this error.

If this occurred at the middle or end of a run, it might be that

	-> YOUR DATA OR PARAMETERS WERE UNEXPECTED: execution on GPUs is 
	   subject to many restrictions, and relion is written to work within
	   common restraints. If you have exotic data or settings, unexpected
	   configurations may occur. See also above point regarding 
	   double precision.
If none of the above applies, please report the error to the relion
developers at github.com/3dem/relion/issues.
ERROR: invalid argument in /home/alex/mc-pr115-ownership-20260929/src/src/acc/cuda/cuda_alignpatch.cu at line 466 (error-code 1)
cudaMemcpy H2D           23   patch alignment                    threw RelionError      0       intact   
in: /home/alex/mc-pr115-ownership-20260929/src/src/acc/cuda/cuda_settings.h, line 65
ERROR: 

A GPU-function failed to execute.

 If this occured at the start of a run, you might have GPUs which
are incompatible with either the data or your installation of relion.
If you 

	-> INSTALLED RELION YOURSELF: if you e.g. specified -DCUDA_ARCH=50
	   and are trying ot run on a compute 3.5 GPU (-DCUDA_ARCH=3.5), or 
	   a similar mismatch on AMD or Intel GPUs, this may happen.

	-> HAVE MULTIPLE GPUS OF DIFFERNT VERSIONS: relion needs at least NVIDIA 
	   GPUs with compute 5.0 or AMD MI GPUs with archtiecture gfx906. 
	   You may be trying to use a GPU architectures older than these. 
	   If you have multiple generations, try specifying --gpu <X>
	   with X=0. Then try X=1 in a new run, and so on. The numbering of
	   GPUs may not be obvious from the driver or intuition. For a list
	   of NVIDIA and AMD GPU compute generations and architectures, see 

	   en.wikipedia.org/wiki/CUDA#Version_features_and_specifications and 
	   docs.amd.com/bundle/Hardware_and_Software_Reference_Guide/page/Hardware_and_Software_Support.html

	-> ARE USING DOUBLE-PRECISION GPU CODE: relion has been written so
	   as to not require this, and may thus have unforeseen requirements
	   when run in this mode. If you think it is nonetheless necessary,
	   please consult the developers with this error.

If this occurred at the middle or end of a run, it might be that

	-> YOUR DATA OR PARAMETERS WERE UNEXPECTED: execution on GPUs is 
	   subject to many restrictions, and relion is written to work within
	   common restraints. If you have exotic data or settings, unexpected
	   configurations may occur. See also above point regarding 
	   double precision.
If none of the above applies, please report the error to the relion
developers at github.com/3dem/relion/issues.
ERROR: invalid argument in /home/alex/mc-pr115-ownership-20260929/src/src/acc/cuda/cuda_alignpatch.cu at line 437 (error-code 1)
cudaMemcpy H2D           24   patch alignment                    threw RelionError      0       intact   
cudaMemcpy H2D           25   dose-weighted reconstruction       returned false         0       intact   
cudaMemcpy D2H           1    gain and unaligned sum             returned false         0       intact   
cudaMemcpy D2H           2    reduce unaligned sum               returned false         0       intact   
cudaMemcpy D2H           3    reduce unaligned sumsqdev          returned false         0       intact   
cudaMemcpy D2H           4    collect above threshold            returned false         0       intact   
in: /home/alex/mc-pr115-ownership-20260929/src/src/acc/cuda/cuda_settings.h, line 65
ERROR: 

A GPU-function failed to execute.

 If this occured at the start of a run, you might have GPUs which
are incompatible with either the data or your installation of relion.
If you 

	-> INSTALLED RELION YOURSELF: if you e.g. specified -DCUDA_ARCH=50
	   and are trying ot run on a compute 3.5 GPU (-DCUDA_ARCH=3.5), or 
	   a similar mismatch on AMD or Intel GPUs, this may happen.

	-> HAVE MULTIPLE GPUS OF DIFFERNT VERSIONS: relion needs at least NVIDIA 
	   GPUs with compute 5.0 or AMD MI GPUs with archtiecture gfx906. 
	   You may be trying to use a GPU architectures older than these. 
	   If you have multiple generations, try specifying --gpu <X>
	   with X=0. Then try X=1 in a new run, and so on. The numbering of
	   GPUs may not be obvious from the driver or intuition. For a list
	   of NVIDIA and AMD GPU compute generations and architectures, see 

	   en.wikipedia.org/wiki/CUDA#Version_features_and_specifications and 
	   docs.amd.com/bundle/Hardware_and_Software_Reference_Guide/page/Hardware_and_Software_Support.html

	-> ARE USING DOUBLE-PRECISION GPU CODE: relion has been written so
	   as to not require this, and may thus have unforeseen requirements
	   when run in this mode. If you think it is nonetheless necessary,
	   please consult the developers with this error.

If this occurred at the middle or end of a run, it might be that

	-> YOUR DATA OR PARAMETERS WERE UNEXPECTED: execution on GPUs is 
	   subject to many restrictions, and relion is written to work within
	   common restraints. If you have exotic data or settings, unexpected
	   configurations may occur. See also above point regarding 
	   double precision.
If none of the above applies, please report the error to the relion
developers at github.com/3dem/relion/issues.
ERROR: invalid argument in /home/alex/mc-pr115-ownership-20260929/src/src/acc/cuda/cuda_alignpatch.cu at line 438 (error-code 1)
cudaMemcpy D2H           5    global alignment                   threw RelionError      0       intact   
in: /home/alex/mc-pr115-ownership-20260929/src/src/acc/cuda/cuda_settings.h, line 65
ERROR: 

A GPU-function failed to execute.

 If this occured at the start of a run, you might have GPUs which
are incompatible with either the data or your installation of relion.
If you 

	-> INSTALLED RELION YOURSELF: if you e.g. specified -DCUDA_ARCH=50
	   and are trying ot run on a compute 3.5 GPU (-DCUDA_ARCH=3.5), or 
	   a similar mismatch on AMD or Intel GPUs, this may happen.

	-> HAVE MULTIPLE GPUS OF DIFFERNT VERSIONS: relion needs at least NVIDIA 
	   GPUs with compute 5.0 or AMD MI GPUs with archtiecture gfx906. 
	   You may be trying to use a GPU architectures older than these. 
	   If you have multiple generations, try specifying --gpu <X>
	   with X=0. Then try X=1 in a new run, and so on. The numbering of
	   GPUs may not be obvious from the driver or intuition. For a list
	   of NVIDIA and AMD GPU compute generations and architectures, see 

	   en.wikipedia.org/wiki/CUDA#Version_features_and_specifications and 
	   docs.amd.com/bundle/Hardware_and_Software_Reference_Guide/page/Hardware_and_Software_Support.html

	-> ARE USING DOUBLE-PRECISION GPU CODE: relion has been written so
	   as to not require this, and may thus have unforeseen requirements
	   when run in this mode. If you think it is nonetheless necessary,
	   please consult the developers with this error.

If this occurred at the middle or end of a run, it might be that

	-> YOUR DATA OR PARAMETERS WERE UNEXPECTED: execution on GPUs is 
	   subject to many restrictions, and relion is written to work within
	   common restraints. If you have exotic data or settings, unexpected
	   configurations may occur. See also above point regarding 
	   double precision.
If none of the above applies, please report the error to the relion
developers at github.com/3dem/relion/issues.
ERROR: invalid argument in /home/alex/mc-pr115-ownership-20260929/src/src/acc/cuda/cuda_alignpatch.cu at line 437 (error-code 1)
cudaMemcpy D2H           6    global alignment                   threw RelionError      0       intact   
in: /home/alex/mc-pr115-ownership-20260929/src/src/acc/cuda/cuda_settings.h, line 65
ERROR: 

A GPU-function failed to execute.

 If this occured at the start of a run, you might have GPUs which
are incompatible with either the data or your installation of relion.
If you 

	-> INSTALLED RELION YOURSELF: if you e.g. specified -DCUDA_ARCH=50
	   and are trying ot run on a compute 3.5 GPU (-DCUDA_ARCH=3.5), or 
	   a similar mismatch on AMD or Intel GPUs, this may happen.

	-> HAVE MULTIPLE GPUS OF DIFFERNT VERSIONS: relion needs at least NVIDIA 
	   GPUs with compute 5.0 or AMD MI GPUs with archtiecture gfx906. 
	   You may be trying to use a GPU architectures older than these. 
	   If you have multiple generations, try specifying --gpu <X>
	   with X=0. Then try X=1 in a new run, and so on. The numbering of
	   GPUs may not be obvious from the driver or intuition. For a list
	   of NVIDIA and AMD GPU compute generations and architectures, see 

	   en.wikipedia.org/wiki/CUDA#Version_features_and_specifications and 
	   docs.amd.com/bundle/Hardware_and_Software_Reference_Guide/page/Hardware_and_Software_Support.html

	-> ARE USING DOUBLE-PRECISION GPU CODE: relion has been written so
	   as to not require this, and may thus have unforeseen requirements
	   when run in this mode. If you think it is nonetheless necessary,
	   please consult the developers with this error.

If this occurred at the middle or end of a run, it might be that

	-> YOUR DATA OR PARAMETERS WERE UNEXPECTED: execution on GPUs is 
	   subject to many restrictions, and relion is written to work within
	   common restraints. If you have exotic data or settings, unexpected
	   configurations may occur. See also above point regarding 
	   double precision.
If none of the above applies, please report the error to the relion
developers at github.com/3dem/relion/issues.
ERROR: invalid argument in /home/alex/mc-pr115-ownership-20260929/src/src/acc/cuda/cuda_alignpatch.cu at line 438 (error-code 1)
cudaMemcpy D2H           7    global alignment                   threw RelionError      0       intact   
in: /home/alex/mc-pr115-ownership-20260929/src/src/acc/cuda/cuda_settings.h, line 65
ERROR: 

A GPU-function failed to execute.

 If this occured at the start of a run, you might have GPUs which
are incompatible with either the data or your installation of relion.
If you 

	-> INSTALLED RELION YOURSELF: if you e.g. specified -DCUDA_ARCH=50
	   and are trying ot run on a compute 3.5 GPU (-DCUDA_ARCH=3.5), or 
	   a similar mismatch on AMD or Intel GPUs, this may happen.

	-> HAVE MULTIPLE GPUS OF DIFFERNT VERSIONS: relion needs at least NVIDIA 
	   GPUs with compute 5.0 or AMD MI GPUs with archtiecture gfx906. 
	   You may be trying to use a GPU architectures older than these. 
	   If you have multiple generations, try specifying --gpu <X>
	   with X=0. Then try X=1 in a new run, and so on. The numbering of
	   GPUs may not be obvious from the driver or intuition. For a list
	   of NVIDIA and AMD GPU compute generations and architectures, see 

	   en.wikipedia.org/wiki/CUDA#Version_features_and_specifications and 
	   docs.amd.com/bundle/Hardware_and_Software_Reference_Guide/page/Hardware_and_Software_Support.html

	-> ARE USING DOUBLE-PRECISION GPU CODE: relion has been written so
	   as to not require this, and may thus have unforeseen requirements
	   when run in this mode. If you think it is nonetheless necessary,
	   please consult the developers with this error.

If this occurred at the middle or end of a run, it might be that

	-> YOUR DATA OR PARAMETERS WERE UNEXPECTED: execution on GPUs is 
	   subject to many restrictions, and relion is written to work within
	   common restraints. If you have exotic data or settings, unexpected
	   configurations may occur. See also above point regarding 
	   double precision.
If none of the above applies, please report the error to the relion
developers at github.com/3dem/relion/issues.
ERROR: invalid argument in /home/alex/mc-pr115-ownership-20260929/src/src/acc/cuda/cuda_alignpatch.cu at line 437 (error-code 1)
cudaMemcpy D2H           8    global alignment                   threw RelionError      0       intact   
cudaMemcpy D2H           9    download wrapper input             returned false         0       intact   
cudaMemcpy D2H           10   download wrapper input             returned false         0       intact   
cudaMemcpy D2H           11   download wrapper input             returned false         0       intact   
cudaMemcpy D2H           12   download wrapper input             returned false         0       intact   
in: /home/alex/mc-pr115-ownership-20260929/src/src/acc/cuda/cuda_settings.h, line 65
ERROR: 

A GPU-function failed to execute.

 If this occured at the start of a run, you might have GPUs which
are incompatible with either the data or your installation of relion.
If you 

	-> INSTALLED RELION YOURSELF: if you e.g. specified -DCUDA_ARCH=50
	   and are trying ot run on a compute 3.5 GPU (-DCUDA_ARCH=3.5), or 
	   a similar mismatch on AMD or Intel GPUs, this may happen.

	-> HAVE MULTIPLE GPUS OF DIFFERNT VERSIONS: relion needs at least NVIDIA 
	   GPUs with compute 5.0 or AMD MI GPUs with archtiecture gfx906. 
	   You may be trying to use a GPU architectures older than these. 
	   If you have multiple generations, try specifying --gpu <X>
	   with X=0. Then try X=1 in a new run, and so on. The numbering of
	   GPUs may not be obvious from the driver or intuition. For a list
	   of NVIDIA and AMD GPU compute generations and architectures, see 

	   en.wikipedia.org/wiki/CUDA#Version_features_and_specifications and 
	   docs.amd.com/bundle/Hardware_and_Software_Reference_Guide/page/Hardware_and_Software_Support.html

	-> ARE USING DOUBLE-PRECISION GPU CODE: relion has been written so
	   as to not require this, and may thus have unforeseen requirements
	   when run in this mode. If you think it is nonetheless necessary,
	   please consult the developers with this error.

If this occurred at the middle or end of a run, it might be that

	-> YOUR DATA OR PARAMETERS WERE UNEXPECTED: execution on GPUs is 
	   subject to many restrictions, and relion is written to work within
	   common restraints. If you have exotic data or settings, unexpected
	   configurations may occur. See also above point regarding 
	   double precision.
If none of the above applies, please report the error to the relion
developers at github.com/3dem/relion/issues.
ERROR: invalid argument in /home/alex/mc-pr115-ownership-20260929/src/src/acc/cuda/cuda_alignpatch.cu at line 438 (error-code 1)
cudaMemcpy D2H           13   host staging alignment             threw RelionError      0       intact   
in: /home/alex/mc-pr115-ownership-20260929/src/src/acc/cuda/cuda_settings.h, line 65
ERROR: 

A GPU-function failed to execute.

 If this occured at the start of a run, you might have GPUs which
are incompatible with either the data or your installation of relion.
If you 

	-> INSTALLED RELION YOURSELF: if you e.g. specified -DCUDA_ARCH=50
	   and are trying ot run on a compute 3.5 GPU (-DCUDA_ARCH=3.5), or 
	   a similar mismatch on AMD or Intel GPUs, this may happen.

	-> HAVE MULTIPLE GPUS OF DIFFERNT VERSIONS: relion needs at least NVIDIA 
	   GPUs with compute 5.0 or AMD MI GPUs with archtiecture gfx906. 
	   You may be trying to use a GPU architectures older than these. 
	   If you have multiple generations, try specifying --gpu <X>
	   with X=0. Then try X=1 in a new run, and so on. The numbering of
	   GPUs may not be obvious from the driver or intuition. For a list
	   of NVIDIA and AMD GPU compute generations and architectures, see 

	   en.wikipedia.org/wiki/CUDA#Version_features_and_specifications and 
	   docs.amd.com/bundle/Hardware_and_Software_Reference_Guide/page/Hardware_and_Software_Support.html

	-> ARE USING DOUBLE-PRECISION GPU CODE: relion has been written so
	   as to not require this, and may thus have unforeseen requirements
	   when run in this mode. If you think it is nonetheless necessary,
	   please consult the developers with this error.

If this occurred at the middle or end of a run, it might be that

	-> YOUR DATA OR PARAMETERS WERE UNEXPECTED: execution on GPUs is 
	   subject to many restrictions, and relion is written to work within
	   common restraints. If you have exotic data or settings, unexpected
	   configurations may occur. See also above point regarding 
	   double precision.
If none of the above applies, please report the error to the relion
developers at github.com/3dem/relion/issues.
ERROR: invalid argument in /home/alex/mc-pr115-ownership-20260929/src/src/acc/cuda/cuda_alignpatch.cu at line 564 (error-code 1)
cudaMemcpy D2H           14   host staging alignment             threw RelionError      0       intact   
in: /home/alex/mc-pr115-ownership-20260929/src/src/acc/cuda/cuda_settings.h, line 65
ERROR: 

A GPU-function failed to execute.

 If this occured at the start of a run, you might have GPUs which
are incompatible with either the data or your installation of relion.
If you 

	-> INSTALLED RELION YOURSELF: if you e.g. specified -DCUDA_ARCH=50
	   and are trying ot run on a compute 3.5 GPU (-DCUDA_ARCH=3.5), or 
	   a similar mismatch on AMD or Intel GPUs, this may happen.

	-> HAVE MULTIPLE GPUS OF DIFFERNT VERSIONS: relion needs at least NVIDIA 
	   GPUs with compute 5.0 or AMD MI GPUs with archtiecture gfx906. 
	   You may be trying to use a GPU architectures older than these. 
	   If you have multiple generations, try specifying --gpu <X>
	   with X=0. Then try X=1 in a new run, and so on. The numbering of
	   GPUs may not be obvious from the driver or intuition. For a list
	   of NVIDIA and AMD GPU compute generations and architectures, see 

	   en.wikipedia.org/wiki/CUDA#Version_features_and_specifications and 
	   docs.amd.com/bundle/Hardware_and_Software_Reference_Guide/page/Hardware_and_Software_Support.html

	-> ARE USING DOUBLE-PRECISION GPU CODE: relion has been written so
	   as to not require this, and may thus have unforeseen requirements
	   when run in this mode. If you think it is nonetheless necessary,
	   please consult the developers with this error.

If this occurred at the middle or end of a run, it might be that

	-> YOUR DATA OR PARAMETERS WERE UNEXPECTED: execution on GPUs is 
	   subject to many restrictions, and relion is written to work within
	   common restraints. If you have exotic data or settings, unexpected
	   configurations may occur. See also above point regarding 
	   double precision.
If none of the above applies, please report the error to the relion
developers at github.com/3dem/relion/issues.
ERROR: invalid argument in /home/alex/mc-pr115-ownership-20260929/src/src/acc/cuda/cuda_alignpatch.cu at line 564 (error-code 1)
cudaMemcpy D2H           15   host staging alignment             threw RelionError      0       intact   
in: /home/alex/mc-pr115-ownership-20260929/src/src/acc/cuda/cuda_settings.h, line 65
ERROR: 

A GPU-function failed to execute.

 If this occured at the start of a run, you might have GPUs which
are incompatible with either the data or your installation of relion.
If you 

	-> INSTALLED RELION YOURSELF: if you e.g. specified -DCUDA_ARCH=50
	   and are trying ot run on a compute 3.5 GPU (-DCUDA_ARCH=3.5), or 
	   a similar mismatch on AMD or Intel GPUs, this may happen.

	-> HAVE MULTIPLE GPUS OF DIFFERNT VERSIONS: relion needs at least NVIDIA 
	   GPUs with compute 5.0 or AMD MI GPUs with archtiecture gfx906. 
	   You may be trying to use a GPU architectures older than these. 
	   If you have multiple generations, try specifying --gpu <X>
	   with X=0. Then try X=1 in a new run, and so on. The numbering of
	   GPUs may not be obvious from the driver or intuition. For a list
	   of NVIDIA and AMD GPU compute generations and architectures, see 

	   en.wikipedia.org/wiki/CUDA#Version_features_and_specifications and 
	   docs.amd.com/bundle/Hardware_and_Software_Reference_Guide/page/Hardware_and_Software_Support.html

	-> ARE USING DOUBLE-PRECISION GPU CODE: relion has been written so
	   as to not require this, and may thus have unforeseen requirements
	   when run in this mode. If you think it is nonetheless necessary,
	   please consult the developers with this error.

If this occurred at the middle or end of a run, it might be that

	-> YOUR DATA OR PARAMETERS WERE UNEXPECTED: execution on GPUs is 
	   subject to many restrictions, and relion is written to work within
	   common restraints. If you have exotic data or settings, unexpected
	   configurations may occur. See also above point regarding 
	   double precision.
If none of the above applies, please report the error to the relion
developers at github.com/3dem/relion/issues.
ERROR: invalid argument in /home/alex/mc-pr115-ownership-20260929/src/src/acc/cuda/cuda_alignpatch.cu at line 564 (error-code 1)
cudaMemcpy D2H           16   host staging alignment             threw RelionError      0       intact   
in: /home/alex/mc-pr115-ownership-20260929/src/src/acc/cuda/cuda_settings.h, line 65
ERROR: 

A GPU-function failed to execute.

 If this occured at the start of a run, you might have GPUs which
are incompatible with either the data or your installation of relion.
If you 

	-> INSTALLED RELION YOURSELF: if you e.g. specified -DCUDA_ARCH=50
	   and are trying ot run on a compute 3.5 GPU (-DCUDA_ARCH=3.5), or 
	   a similar mismatch on AMD or Intel GPUs, this may happen.

	-> HAVE MULTIPLE GPUS OF DIFFERNT VERSIONS: relion needs at least NVIDIA 
	   GPUs with compute 5.0 or AMD MI GPUs with archtiecture gfx906. 
	   You may be trying to use a GPU architectures older than these. 
	   If you have multiple generations, try specifying --gpu <X>
	   with X=0. Then try X=1 in a new run, and so on. The numbering of
	   GPUs may not be obvious from the driver or intuition. For a list
	   of NVIDIA and AMD GPU compute generations and architectures, see 

	   en.wikipedia.org/wiki/CUDA#Version_features_and_specifications and 
	   docs.amd.com/bundle/Hardware_and_Software_Reference_Guide/page/Hardware_and_Software_Support.html

	-> ARE USING DOUBLE-PRECISION GPU CODE: relion has been written so
	   as to not require this, and may thus have unforeseen requirements
	   when run in this mode. If you think it is nonetheless necessary,
	   please consult the developers with this error.

If this occurred at the middle or end of a run, it might be that

	-> YOUR DATA OR PARAMETERS WERE UNEXPECTED: execution on GPUs is 
	   subject to many restrictions, and relion is written to work within
	   common restraints. If you have exotic data or settings, unexpected
	   configurations may occur. See also above point regarding 
	   double precision.
If none of the above applies, please report the error to the relion
developers at github.com/3dem/relion/issues.
ERROR: invalid argument in /home/alex/mc-pr115-ownership-20260929/src/src/acc/cuda/cuda_alignpatch.cu at line 564 (error-code 1)
cudaMemcpy D2H           17   host staging alignment             threw RelionError      0       intact   
in: /home/alex/mc-pr115-ownership-20260929/src/src/acc/cuda/cuda_settings.h, line 65
ERROR: 

A GPU-function failed to execute.

 If this occured at the start of a run, you might have GPUs which
are incompatible with either the data or your installation of relion.
If you 

	-> INSTALLED RELION YOURSELF: if you e.g. specified -DCUDA_ARCH=50
	   and are trying ot run on a compute 3.5 GPU (-DCUDA_ARCH=3.5), or 
	   a similar mismatch on AMD or Intel GPUs, this may happen.

	-> HAVE MULTIPLE GPUS OF DIFFERNT VERSIONS: relion needs at least NVIDIA 
	   GPUs with compute 5.0 or AMD MI GPUs with archtiecture gfx906. 
	   You may be trying to use a GPU architectures older than these. 
	   If you have multiple generations, try specifying --gpu <X>
	   with X=0. Then try X=1 in a new run, and so on. The numbering of
	   GPUs may not be obvious from the driver or intuition. For a list
	   of NVIDIA and AMD GPU compute generations and architectures, see 

	   en.wikipedia.org/wiki/CUDA#Version_features_and_specifications and 
	   docs.amd.com/bundle/Hardware_and_Software_Reference_Guide/page/Hardware_and_Software_Support.html

	-> ARE USING DOUBLE-PRECISION GPU CODE: relion has been written so
	   as to not require this, and may thus have unforeseen requirements
	   when run in this mode. If you think it is nonetheless necessary,
	   please consult the developers with this error.

If this occurred at the middle or end of a run, it might be that

	-> YOUR DATA OR PARAMETERS WERE UNEXPECTED: execution on GPUs is 
	   subject to many restrictions, and relion is written to work within
	   common restraints. If you have exotic data or settings, unexpected
	   configurations may occur. See also above point regarding 
	   double precision.
If none of the above applies, please report the error to the relion
developers at github.com/3dem/relion/issues.
ERROR: invalid argument in /home/alex/mc-pr115-ownership-20260929/src/src/acc/cuda/cuda_alignpatch.cu at line 437 (error-code 1)
cudaMemcpy D2H           18   host staging alignment             threw RelionError      0       intact   
cudaMemcpy D2H           19   unweighted reconstruction          returned false         0       intact   
cudaMemcpy D2H           20   unweighted reconstruction          returned false         0       intact   
cudaMemcpy D2H           21   unweighted reconstruction          returned false         0       intact   
in: /home/alex/mc-pr115-ownership-20260929/src/src/acc/cuda/cuda_settings.h, line 65
ERROR: 

A GPU-function failed to execute.

 If this occured at the start of a run, you might have GPUs which
are incompatible with either the data or your installation of relion.
If you 

	-> INSTALLED RELION YOURSELF: if you e.g. specified -DCUDA_ARCH=50
	   and are trying ot run on a compute 3.5 GPU (-DCUDA_ARCH=3.5), or 
	   a similar mismatch on AMD or Intel GPUs, this may happen.

	-> HAVE MULTIPLE GPUS OF DIFFERNT VERSIONS: relion needs at least NVIDIA 
	   GPUs with compute 5.0 or AMD MI GPUs with archtiecture gfx906. 
	   You may be trying to use a GPU architectures older than these. 
	   If you have multiple generations, try specifying --gpu <X>
	   with X=0. Then try X=1 in a new run, and so on. The numbering of
	   GPUs may not be obvious from the driver or intuition. For a list
	   of NVIDIA and AMD GPU compute generations and architectures, see 

	   en.wikipedia.org/wiki/CUDA#Version_features_and_specifications and 
	   docs.amd.com/bundle/Hardware_and_Software_Reference_Guide/page/Hardware_and_Software_Support.html

	-> ARE USING DOUBLE-PRECISION GPU CODE: relion has been written so
	   as to not require this, and may thus have unforeseen requirements
	   when run in this mode. If you think it is nonetheless necessary,
	   please consult the developers with this error.

If this occurred at the middle or end of a run, it might be that

	-> YOUR DATA OR PARAMETERS WERE UNEXPECTED: execution on GPUs is 
	   subject to many restrictions, and relion is written to work within
	   common restraints. If you have exotic data or settings, unexpected
	   configurations may occur. See also above point regarding 
	   double precision.
If none of the above applies, please report the error to the relion
developers at github.com/3dem/relion/issues.
ERROR: invalid argument in /home/alex/mc-pr115-ownership-20260929/src/src/acc/cuda/cuda_alignpatch.cu at line 438 (error-code 1)
cudaMemcpy D2H           22   patch alignment                    threw RelionError      0       intact   
in: /home/alex/mc-pr115-ownership-20260929/src/src/acc/cuda/cuda_settings.h, line 65
ERROR: 

A GPU-function failed to execute.

 If this occured at the start of a run, you might have GPUs which
are incompatible with either the data or your installation of relion.
If you 

	-> INSTALLED RELION YOURSELF: if you e.g. specified -DCUDA_ARCH=50
	   and are trying ot run on a compute 3.5 GPU (-DCUDA_ARCH=3.5), or 
	   a similar mismatch on AMD or Intel GPUs, this may happen.

	-> HAVE MULTIPLE GPUS OF DIFFERNT VERSIONS: relion needs at least NVIDIA 
	   GPUs with compute 5.0 or AMD MI GPUs with archtiecture gfx906. 
	   You may be trying to use a GPU architectures older than these. 
	   If you have multiple generations, try specifying --gpu <X>
	   with X=0. Then try X=1 in a new run, and so on. The numbering of
	   GPUs may not be obvious from the driver or intuition. For a list
	   of NVIDIA and AMD GPU compute generations and architectures, see 

	   en.wikipedia.org/wiki/CUDA#Version_features_and_specifications and 
	   docs.amd.com/bundle/Hardware_and_Software_Reference_Guide/page/Hardware_and_Software_Support.html

	-> ARE USING DOUBLE-PRECISION GPU CODE: relion has been written so
	   as to not require this, and may thus have unforeseen requirements
	   when run in this mode. If you think it is nonetheless necessary,
	   please consult the developers with this error.

If this occurred at the middle or end of a run, it might be that

	-> YOUR DATA OR PARAMETERS WERE UNEXPECTED: execution on GPUs is 
	   subject to many restrictions, and relion is written to work within
	   common restraints. If you have exotic data or settings, unexpected
	   configurations may occur. See also above point regarding 
	   double precision.
If none of the above applies, please report the error to the relion
developers at github.com/3dem/relion/issues.
cudaMemcpy D2H           23   patch alignment                    threw RelionError      0       intact   
cudaMemcpy D2H           24   dose-weighted reconstruction       returned false         0       intact   
cudaMemcpy D2D           1    global inverse FFT                 returned false         0       intact   
cudaMemcpy D2D           2    global inverse FFT                 returned false         0       intact   
cudaMemcpy D2D           3    global inverse FFT                 returned false         0       intact   
cudaMemcpy D2D           4    global inverse FFT                 returned false         0       intact   
cudaMemcpy D2D           5    dose-weighted reconstruction       returned false         0       intact   
cudaMemcpy D2D           6    dose-weighted reconstruction       returned false         0       intact   
cudaMemcpy D2D           7    dose-weighted reconstruction       returned false         0       intact   
cudaMemcpy D2D           8    dose-weighted reconstruction       returned false         0       intact   
cudaMemset               1    collect above threshold            returned false         0       intact   
cudaMemset               2    unweighted reconstruction          returned false         0       intact   
cudaMemset               3    unweighted reconstruction          returned false         0       intact   
cudaMemset               4    unweighted reconstruction          returned false         0       intact   
cudaMemset               5    dose-weighted reconstruction       returned false         0       intact   
cudaDeviceSynchronize    1    update defect pixels               returned false         0       intact   
cudaDeviceSynchronize    2    release preprocessing buffers      returned false         0       intact   
cudaDeviceSynchronize    3    global forward FFT                 returned false         0       intact   
cudaDeviceSynchronize    4    global forward FFT                 returned false         0       intact   
cudaDeviceSynchronize    5    global forward FFT                 returned false         0       intact   
cudaDeviceSynchronize    6    global forward FFT                 returned false         0       intact   
cudaDeviceSynchronize    7    global forward FFT                 returned false         0       intact   
cudaDeviceSynchronize    8    global inverse FFT                 returned false         0       intact   
cudaDeviceSynchronize    9    global inverse FFT                 returned false         0       intact   
cudaDeviceSynchronize    10   global inverse FFT                 returned false         0       intact   
cudaDeviceSynchronize    11   global inverse FFT                 returned false         0       intact   
cudaDeviceSynchronize    12   dose-weighted reconstruction       completed              0       intact   teardown (best-effort, survived)
cufftCreate              1    session initialize                 returned false         0       intact   
cufftCreate              2    session initialize                 returned false         0       intact   
in: /home/alex/mc-pr115-ownership-20260929/src/src/acc/cuda/cuda_alignpatch.cu, line 366
ERROR: 
cuFFT error: code 2
cufftCreate              3    global alignment                   threw RelionError      0       intact   
in: /home/alex/mc-pr115-ownership-20260929/src/src/acc/cuda/cuda_alignpatch.cu, line 366
ERROR: 
cuFFT error: code 2
cufftCreate              4    host staging alignment             threw RelionError      0       intact   
in: /home/alex/mc-pr115-ownership-20260929/src/src/acc/cuda/cuda_alignpatch.cu, line 366
ERROR: 
cuFFT error: code 2
cufftCreate              5    patch alignment                    threw RelionError      0       intact   
cufftCreate              6    dose-weighted reconstruction       returned false         0       intact   
cufftMakePlanMany        1    session initialize                 returned false         0       intact   
cufftMakePlanMany        2    session initialize                 returned false         0       intact   
in: /home/alex/mc-pr115-ownership-20260929/src/src/acc/cuda/cuda_alignpatch.cu, line 369
ERROR: 
cuFFT error: code 2
cufftMakePlanMany        3    global alignment                   threw RelionError      0       intact   
in: /home/alex/mc-pr115-ownership-20260929/src/src/acc/cuda/cuda_alignpatch.cu, line 369
ERROR: 
cuFFT error: code 2
cufftMakePlanMany        4    host staging alignment             threw RelionError      0       intact   
in: /home/alex/mc-pr115-ownership-20260929/src/src/acc/cuda/cuda_alignpatch.cu, line 369
ERROR: 
cuFFT error: code 2
cufftMakePlanMany        5    patch alignment                    threw RelionError      0       intact   
cufftMakePlanMany        6    dose-weighted reconstruction       returned false         0       intact   
cufftSetWorkArea         1    session initialize                 returned false         0       intact   
cufftSetWorkArea         2    session initialize                 returned false         0       intact   
cufftPlanMany            1    small patch cache                  returned false         0       intact   
cufftPlanMany            2    patch preparation                  returned false         0       intact   
cufftExec                1    global forward FFT                 returned false         0       intact   
cufftExec                2    global forward FFT                 returned false         0       intact   
cufftExec                3    global forward FFT                 returned false         0       intact   
cufftExec                4    global forward FFT                 returned false         0       intact   
in: /home/alex/mc-pr115-ownership-20260929/src/src/acc/cuda/cuda_alignpatch.cu, line 414
ERROR: 
cuFFT error: code 6
cufftExec                5    global alignment                   threw RelionError      0       intact   
in: /home/alex/mc-pr115-ownership-20260929/src/src/acc/cuda/cuda_alignpatch.cu, line 414
ERROR: 
cuFFT error: code 6
cufftExec                6    global alignment                   threw RelionError      0       intact   
in: /home/alex/mc-pr115-ownership-20260929/src/src/acc/cuda/cuda_alignpatch.cu, line 414
ERROR: 
cuFFT error: code 6
cufftExec                7    host staging alignment             threw RelionError      0       intact   
cufftExec                8    global inverse FFT                 returned false         0       intact   
cufftExec                9    global inverse FFT                 returned false         0       intact   
cufftExec                10   global inverse FFT                 returned false         0       intact   
cufftExec                11   global inverse FFT                 returned false         0       intact   
cufftExec                12   small patch cache                  returned false         0       intact   
cufftExec                13   patch preparation                  returned false         0       intact   
in: /home/alex/mc-pr115-ownership-20260929/src/src/acc/cuda/cuda_alignpatch.cu, line 414
ERROR: 
cuFFT error: code 6
cufftExec                14   patch alignment                    threw RelionError      0       intact   
cufftExec                15   dose-weighted reconstruction       returned false         0       intact   
cufftExec                16   dose-weighted reconstruction       returned false         0       intact   
cufftExec                17   dose-weighted reconstruction       returned false         0       intact   
cufftExec                18   dose-weighted reconstruction       returned false         0       intact   

Successive-movie trials (3 movies, fault on the last call of that
kind in the third movie):
cudaMalloc               162  dose-weighted reconstruction       returned false         0       intact   
cudaFree (after release) 162  dose-weighted reconstruction       completed              0       intact   teardown (best-effort, survived)
cudaEventCreate          102  dose-weighted reconstruction       returned false         0       intact   
cudaEventDestroy (after release) 102  dose-weighted reconstruction       returned false         0       intact   
cufftDestroy (after release) 24   dose-weighted reconstruction       completed              0       intact   teardown (best-effort, survived)
cudaMemcpy H2D           75   dose-weighted reconstruction       returned false         0       intact   
cudaMemcpy D2H           72   dose-weighted reconstruction       returned false         0       intact   

299 trials, 8 failures
